{"type": "FeatureCollection", "features": [{"id": "0", "type": "Feature", "properties": {"pnu": "4136026221100120034", "addr": "\uacbd\uae30\ub3c4 \ub0a8\uc591\uc8fc\uc2dc \uc624\ub0a8\uc74d \uc591\uc9c0\ub9ac 12-34", "jibun": "12-34", "jimok": "\uc784\uc57c", "area_reg": 187.0, "area_geom": 131.5, "incl_ratio": 1.0, "area_incl": 187.0, "zone": "\ub18d\ub9bc\uc9c0\uc5ed", "use": "\uc790\uc5f0\ub9bc", "owner": "\uac1c\uc778", "price": 10700.0, "price_year": "2025", "included": true, "free": false, "note": ""}, "geometry": {"type": "MultiPolygon", "coordinates": [[[[127.20859820603204, 37.70672035504297], [127.20878664576445, 37.70682211237565], [127.20878624793758, 37.706679246974794], [127.20859820603204, 37.70672035504297]]]]}}, {"id": "1", "type": "Feature", "properties": {"pnu": "4136026221102100000", "addr": "\uacbd\uae30\ub3c4 \ub0a8\uc591\uc8fc\uc2dc \uc624\ub0a8\uc74d \uc591\uc9c0\ub9ac 210", "jibun": "210", "jimok": "\uc804", "area_reg": 78.0, "area_geom": 79.1, "incl_ratio": 1.0, "area_incl": 78.0, "zone": "\uc81c1\uc885\uc77c\ubc18\uc8fc\uac70\uc9c0\uc5ed", "use": "\ub3c4\ub85c\ub4f1", "owner": "\uac1c\uc778", "price": 162900.0, "price_year": "2025", "included": true, "free": false, "note": ""}, "geometry": {"type": "MultiPolygon", "coordinates": [[[[127.20006407914035, 37.70722594206419], [127.19996060614064, 37.70719876292476], [127.19986211459882, 37.707193991338706], [127.19980277031986, 37.70716818838169], [127.19976921815669, 37.707199364145815], [127.2000533119105, 37.70724945737433], [127.20006407914035, 37.70722594206419]]]]}}, {"id": "2", "type": "Feature", "properties": {"pnu": "4136026221200240000", "addr": "\uacbd\uae30\ub3c4 \ub0a8\uc591\uc8fc\uc2dc \uc624\ub0a8\uc74d \uc591\uc9c0\ub9ac \uc0b0 24", "jibun": "\uc0b024", "jimok": "\uc784\uc57c", "area_reg": 5554.0, "area_geom": 5542.9, "incl_ratio": 0.47, "area_incl": 2610.4, "zone": "\ub18d\ub9bc\uc9c0\uc5ed", "use": "\uc790\uc5f0\ub9bc", "owner": "\uac1c\uc778", "price": 10600.0, "price_year": "2025", "included": true, "free": false, "note": ""}, "geometry": {"type": "MultiPolygon", "coordinates": [[[[127.2090546261815, 37.704040125664065], [127.20988684206174, 37.703910811028486], [127.20997106235708, 37.70365160744492], [127.20996133021823, 37.703488666931584], [127.20947074045903, 37.70333420653911], [127.20895598264597, 37.70333248233941], [127.2090546261815, 37.704040125664065]]]]}}, {"id": "3", "type": "Feature", "properties": {"pnu": "4136026221101730006", "addr": "\uacbd\uae30\ub3c4 \ub0a8\uc591\uc8fc\uc2dc \uc624\ub0a8\uc74d \uc591\uc9c0\ub9ac 173-6", "jibun": "173-6", "jimok": "\ub3c4\ub85c", "area_reg": 6.0, "area_geom": 6.1, "incl_ratio": 1.0, "area_incl": 6.0, "zone": "\uc81c2\uc885\uc77c\ubc18\uc8fc\uac70\uc9c0\uc5ed", "use": "\ub3c4\ub85c\ub4f1", "owner": "\ubc95\uc778", "price": 193000.0, "price_year": "2025", "included": true, "free": false, "note": ""}, "geometry": {"type": "MultiPolygon", "coordinates": [[[[127.20118657721076, 37.70343975600705], [127.20115312696609, 37.70344466884728], [127.20119750255478, 37.70347552388203], [127.20118657721076, 37.70343975600705]]]]}}, {"id": "4", "type": "Feature", "properties": {"pnu": "4136025328108310000", "addr": "\uacbd\uae30\ub3c4 \ub0a8\uc591\uc8fc\uc2dc \uc9c4\uc811\uc74d \uae08\uace1\ub9ac 831", "jibun": "831", "jimok": "\uc784\uc57c", "area_reg": 1402.0, "area_geom": 1386.5, "incl_ratio": 1.0, "area_incl": 1402.0, "zone": "\ub18d\ub9bc\uc9c0\uc5ed", "use": "\uc790\uc5f0\ub9bc", "owner": "\ubc95\uc778", "price": 39600.0, "price_year": "2025", "included": true, "free": false, "note": ""}, "geometry": {"type": "MultiPolygon", "coordinates": [[[[127.20715419097982, 37.7127248320293], [127.20717879692099, 37.712739709089355], [127.20735026624622, 37.71284336319185], [127.20731219828576, 37.71292689499617], [127.2073389641616, 37.71298049170973], [127.2073977534103, 37.712983425328424], [127.20745743713833, 37.71298582578645], [127.20754427295284, 37.71312390908576], [127.20754881562351, 37.71312205417117], [127.20767329100437, 37.71310788967945], [127.20773217339969, 37.7130420793734], [127.20764258665852, 37.712873124963686], [127.20749682835205, 37.712716638861], [127.20737268160931, 37.71264849046595], [127.20729435475643, 37.71256044977438], [127.20718489268009, 37.712622726221234], [127.20715419097982, 37.7127248320293]]]]}}, {"id": "5", "type": "Feature", "properties": {"pnu": "4136025328108320000", "addr": "\uacbd\uae30\ub3c4 \ub0a8\uc591\uc8fc\uc2dc \uc9c4\uc811\uc74d \uae08\uace1\ub9ac 832", "jibun": "832", "jimok": "\uc784\uc57c", "area_reg": 1187.0, "area_geom": 1202.5, "incl_ratio": 1.0, "area_incl": 1187.0, "zone": "\ub18d\ub9bc\uc9c0\uc5ed", "use": "\uc790\uc5f0\ub9bc", "owner": "\ubc95\uc778", "price": 39600.0, "price_year": "2025", "included": true, "free": false, "note": ""}, "geometry": {"type": "MultiPolygon", "coordinates": [[[[127.20718489268009, 37.712622726221234], [127.20704005431983, 37.71256064101627], [127.20692806671703, 37.71248047010776], [127.2069028396949, 37.71246240466148], [127.20682901362072, 37.71245983033497], [127.2067582839693, 37.71245736769808], [127.2066884752151, 37.712488635533106], [127.2066536557618, 37.71250422874393], [127.20664737813141, 37.71255553158221], [127.20678382757949, 37.71261489294119], [127.2068504827651, 37.71269841343527], [127.2068434948534, 37.71283751651958], [127.20688415409701, 37.71288731410254], [127.20699816439291, 37.71287424970688], [127.20701837537821, 37.7128541139651], [127.20709846144999, 37.712774329094394], [127.20715419097982, 37.7127248320293], [127.20718489268009, 37.712622726221234]]]]}}, {"id": "6", "type": "Feature", "properties": {"pnu": "4136025328108330000", "addr": "\uacbd\uae30\ub3c4 \ub0a8\uc591\uc8fc\uc2dc \uc9c4\uc811\uc74d \uae08\uace1\ub9ac 833", "jibun": "833", "jimok": "\uc804", "area_reg": 1732.0, "area_geom": 1762.2, "incl_ratio": 1.0, "area_incl": 1732.0, "zone": "\uc81c1\uc885\uc77c\ubc18\uc8fc\uac70\uc9c0\uc5ed", "use": "\ub3c4\ub85c\ub4f1", "owner": "\uad70\uc720\uc9c0", "price": 119700.0, "price_year": "2025", "included": true, "free": false, "note": ""}, "geometry": {"type": "MultiPolygon", "coordinates": [[[[127.20570040706652, 37.713195283349506], [127.20570498118991, 37.71312220720276], [127.20569322133237, 37.71299027229398], [127.20560722187564, 37.712928398772505], [127.20554975129254, 37.7128520964313], [127.20549108742307, 37.71272519795152], [127.20532897828157, 37.71246866729702], [127.20529226687636, 37.71246024365807], [127.20524851968469, 37.71246680619713], [127.20521633148785, 37.71250326978907], [127.2053140411482, 37.71266295911412], [127.20538389617124, 37.71283046283031], [127.20545844509573, 37.71294356714902], [127.20544526438395, 37.71299238618764], [127.20546225003194, 37.713028395394154], [127.20552983952525, 37.71307666928002], [127.20560690628461, 37.71325993626272], [127.20552645259819, 37.71329327603014], [127.20544069281708, 37.71331480426427], [127.20543013436205, 37.71332729187305], [127.20551655069981, 37.71333840445598], [127.20562716512373, 37.71338525239278], [127.20566908243926, 37.71336880029135], [127.20573086055259, 37.71346479920103], [127.20577994543333, 37.713551603198866], [127.20576876902219, 37.713640574783796], [127.20581009286789, 37.71367229823189], [127.20585720545759, 37.71362724945987], [127.20585896158356, 37.71357704467508], [127.20583447672439, 37.71352365990909], [127.20577631915549, 37.71348242441612], [127.20574531797087, 37.71338119168296], [127.20580047240749, 37.71334893170882], [127.20583950149609, 37.71333800746308], [127.20584873750065, 37.71333543271931], [127.20586573624824, 37.71333068220719], [127.20586134610919, 37.71332202253645], [127.20582304386507, 37.71324656104988], [127.20570040706652, 37.713195283349506]]]]}}, {"id": "7", "type": "Feature", "properties": {"pnu": "4136025328111050000", "addr": "\uacbd\uae30\ub3c4 \ub0a8\uc591\uc8fc\uc2dc \uc9c4\uc811\uc74d \uae08\uace1\ub9ac 1105", "jibun": "1105", "jimok": "\uacf5\uc6d0", "area_reg": 49943.3, "area_geom": 50088.6, "incl_ratio": 0.3156, "area_incl": 15762.1, "zone": "\uc790\uc5f0\ub179\uc9c0\uc9c0\uc5ed", "use": "\uacf5\uc6d0\ub4f1", "owner": "\uad70\uc720\uc9c0", "price": 189700.0, "price_year": "2025", "included": true, "free": false, "note": ""}, "geometry": {"type": "MultiPolygon", "coordinates": [[[[127.2011688237378, 37.71034542602938], [127.20095810782438, 37.71040282271085], [127.20081482845191, 37.71043233731476], [127.20067654569317, 37.710422011640645], [127.20038630373038, 37.710303889441946], [127.20025911328283, 37.71037029778456], [127.20016409621188, 37.71050039507135], [127.20002565557901, 37.71058821102232], [127.19994886622452, 37.71058360119231], [127.19990362931915, 37.71054160224081], [127.19992738188039, 37.71048391853285], [127.19996392770247, 37.71035853279432], [127.19981963594823, 37.710182717950175], [127.1996959785101, 37.7101237414418], [127.19955030800708, 37.710017519124094], [127.19952053388067, 37.70999439630009], [127.1994221421329, 37.70996029777012], [127.19942213079226, 37.70996029778916], [127.19922262905797, 37.70995736194528], [127.19875351021149, 37.70993160511792], [127.19870371234497, 37.70993552651348], [127.1987036328391, 37.70993976118267], [127.19870134149362, 37.710059413185554], [127.19870138923459, 37.71007743240843], [127.19870177719515, 37.71009545106232], [127.19870227856248, 37.710113469526505], [127.19870323331772, 37.71013139713595], [127.19870441512535, 37.71014941446215], [127.19870582350813, 37.71016734131289], [127.19870745894366, 37.71018535788041], [127.19870920754792, 37.71020328416205], [127.19871140977993, 37.71022120968501], [127.19871383858779, 37.710239044732454], [127.19871626739676, 37.7102568797798], [127.19871915007293, 37.71027480416452], [127.19872237297095, 37.710292727980104], [127.19872536857937, 37.7103104719827], [127.19872904486922, 37.71032830494325], [127.19873272092208, 37.71034604780748], [127.19873673719758, 37.710363790102534], [127.19874349840158, 37.710390267167675], [127.19875105298202, 37.71041656271223], [127.1987587212136, 37.710442948162594], [127.19876684284031, 37.71046924275739], [127.19877496447276, 37.710495537351534], [127.19878331244772, 37.71052165137329], [127.19883169094979, 37.71067518497157], [127.19884118355024, 37.7107052613192], [127.19886188589408, 37.7107714476036], [127.20041599689048, 37.71075910600496], [127.20047515831682, 37.71159347992633], [127.20077045407405, 37.711881740544925], [127.20078485335303, 37.71200740080442], [127.20090484890413, 37.71217964262302], [127.20126837169487, 37.712280205714166], [127.20144536409066, 37.71247595568138], [127.20180697190435, 37.712753307643325], [127.20178417625006, 37.712778582382235], [127.20241144693438, 37.712083114819755], [127.2028915870644, 37.71133980170252], [127.20286948752664, 37.711286736570955], [127.20294169725024, 37.71108227440457], [127.20300819722895, 37.71095139474138], [127.20299095356377, 37.71084040730424], [127.2026074201927, 37.710660544644035], [127.20257394574169, 37.710645069088365], [127.20257308526637, 37.71060361715607], [127.20251915221532, 37.71055879599712], [127.20231117225234, 37.71050778632036], [127.2021507963771, 37.71054337713324], [127.20186450582727, 37.7105123481449], [127.20165017875607, 37.71034020432528], [127.20159575921802, 37.71035037847385], [127.20159708816169, 37.71035115104886], [127.20159950762819, 37.7103525974973], [127.2016024633677, 37.71038478396317], [127.2016028538588, 37.710395045292465], [127.20160738987076, 37.71039493848939], [127.20160831714071, 37.71041925396246], [127.2016011389138, 37.71041942831644], [127.20160026672033, 37.71048309198586], [127.2015698192822, 37.71048824310732], [127.20157217917831, 37.71049705955127], [127.20154000871902, 37.71050250189702], [127.20154580518765, 37.71052409720575], [127.20153915119012, 37.71052522568965], [127.2015501371184, 37.71056620096238], [127.20140570997337, 37.71059064579755], [127.20121581549361, 37.71062278061995], [127.20120437784509, 37.71062471904508], [127.20115193918542, 37.710633592244456], [127.20112559186626, 37.71053534156366], [127.20109948513982, 37.7104379734138], [127.20131177833252, 37.71040204380472], [127.20130218151297, 37.7103546242548], [127.2012984270432, 37.71035436933597], [127.20129836966254, 37.71035411716297], [127.2011688237378, 37.71034542602938]]]]}}, {"id": "8", "type": "Feature", "properties": {"pnu": "4136025328201450000", "addr": "\uacbd\uae30\ub3c4 \ub0a8\uc591\uc8fc\uc2dc \uc9c4\uc811\uc74d \uae08\uace1\ub9ac \uc0b0 145", "jibun": "\uc0b0145", "jimok": "\uc784\uc57c", "area_reg": 4165.0, "area_geom": 4262.6, "incl_ratio": 1.0, "area_incl": 4165.0, "zone": "\ub18d\ub9bc\uc9c0\uc5ed", "use": "\uc790\uc5f0\ub9bc", "owner": "\uac1c\uc778", "price": 8640.0, "price_year": "2025", "included": true, "free": false, "note": ""}, "geometry": {"type": "MultiPolygon", "coordinates": [[[[127.20919732165804, 37.71315052479998], [127.20925265770917, 37.712700458600494], [127.20840107343638, 37.71233597495255], [127.20820036851042, 37.71251066357822], [127.20867805546028, 37.71295920843299], [127.20893450917583, 37.71311666965327], [127.20903134602877, 37.71309442564231], [127.20919732165804, 37.71315052479998]]]]}}, {"id": "9", "type": "Feature", "properties": {"pnu": "4136025328201440000", "addr": "\uacbd\uae30\ub3c4 \ub0a8\uc591\uc8fc\uc2dc \uc9c4\uc811\uc74d \uae08\uace1\ub9ac \uc0b0 144", "jibun": "\uc0b0144", "jimok": "\uc784\uc57c", "area_reg": 11833.0, "area_geom": 12556.6, "incl_ratio": 0.7972, "area_incl": 9433.3, "zone": "\ub18d\ub9bc\uc9c0\uc5ed", "use": "\uc790\uc5f0\ub9bc", "owner": "\uac1c\uc778", "price": 11400.0, "price_year": "2025", "included": true, "free": false, "note": ""}, "geometry": {"type": "MultiPolygon", "coordinates": [[[[127.20984899224315, 37.71363921159069], [127.20978203774129, 37.71341782775784], [127.20968814466454, 37.713276208778055], [127.20957484975565, 37.712766363709136], [127.20939132781541, 37.712197908423875], [127.20894139061154, 37.71168754744647], [127.20812901665789, 37.71165505235622], [127.20841225137977, 37.71232626096057], [127.20840107343638, 37.71233597495255], [127.20925265770917, 37.712700458600494], [127.20919732165804, 37.71315052479998], [127.20920006882174, 37.713151456964546], [127.20919922144375, 37.713201371890904], [127.20919671026098, 37.71326061472982], [127.20922217959425, 37.713320502026775], [127.20926322493864, 37.713422626119744], [127.20926557756509, 37.71342847824384], [127.20929985557997, 37.71347084426264], [127.20940380216078, 37.71360230997331], [127.20953338179763, 37.713661265802855], [127.20953013546742, 37.71370085990677], [127.20984899224315, 37.71363921159069]]]]}}, {"id": "10", "type": "Feature", "properties": {"pnu": "4136025328201430000", "addr": "\uacbd\uae30\ub3c4 \ub0a8\uc591\uc8fc\uc2dc \uc9c4\uc811\uc74d \uae08\uace1\ub9ac \uc0b0 143", "jibun": "\uc0b0143", "jimok": "\uc784\uc57c", "area_reg": 34399.0, "area_geom": 33904.0, "incl_ratio": 0.8091, "area_incl": 27832.2, "zone": "\ubcf4\uc804\uad00\ub9ac\uc9c0\uc5ed", "use": "\uc790\uc5f0\ub9bc", "owner": "\uac1c\uc778", "price": 37400.0, "price_year": "2025", "included": true, "free": false, "note": ""}, "geometry": {"type": "MultiPolygon", "coordinates": [[[[127.21005535550879, 37.713654703779675], [127.2099666937126, 37.71332819786877], [127.20993704566095, 37.712748362481925], [127.20970795415232, 37.71266686049851], [127.20969639306816, 37.712158484593715], [127.20987602928525, 37.71212412886586], [127.21007627774004, 37.71204732800204], [127.21026973237642, 37.712027074358744], [127.21045673294236, 37.71204687971402], [127.21082467761651, 37.71221125685957], [127.2110070830487, 37.71229056019151], [127.21111436595662, 37.71227731456555], [127.21141591542793, 37.71218580777194], [127.2115523106868, 37.71243783499011], [127.21159554770136, 37.712540008437294], [127.21126997374094, 37.712767306753925], [127.21102922995868, 37.71278931285521], [127.21099491712326, 37.71299669476511], [127.21099275752321, 37.71303931422296], [127.2115346131436, 37.713002510003875], [127.21165530100528, 37.71320571474749], [127.21206206786526, 37.71304288760921], [127.21208783714653, 37.713015605436986], [127.21236470584876, 37.712722459390534], [127.21242422915256, 37.71262425592079], [127.2125174591035, 37.712470456653], [127.21264196834996, 37.71226507514191], [127.21278908315455, 37.71224073787076], [127.21263373256276, 37.7121003935561], [127.21204149170065, 37.71211164232783], [127.21180610080657, 37.71200436104117], [127.21147466418306, 37.71146706671773], [127.21039989348269, 37.71119894736176], [127.21007376382109, 37.71126763756935], [127.2098958333054, 37.71127450215089], [127.20894139061154, 37.71168754744647], [127.20939132781541, 37.712197908423875], [127.20957484975565, 37.712766363709136], [127.20968814466454, 37.713276208778055], [127.20978203774129, 37.71341782775784], [127.20985889410919, 37.71367196217183], [127.20986429524491, 37.713685079680126], [127.21005535550879, 37.713654703779675]]]]}}, {"id": "11", "type": "Feature", "properties": {"pnu": "4136026221100060000", "addr": "\uacbd\uae30\ub3c4 \ub0a8\uc591\uc8fc\uc2dc \uc624\ub0a8\uc74d \uc591\uc9c0\ub9ac 6", "jibun": "6", "jimok": "\ub2f5", "area_reg": 10.0, "area_geom": 10.1, "incl_ratio": 1.0, "area_incl": 10.0, "zone": "\uc790\uc5f0\ub179\uc9c0\uc9c0\uc5ed", "use": "\ub2f5", "owner": "\uac1c\uc778", "price": 141000.0, "price_year": "2025", "included": true, "free": false, "note": ""}, "geometry": {"type": "MultiPolygon", "coordinates": [[[[127.20792609593335, 37.710568348601875], [127.2078873058341, 37.710574849385345], [127.20792623281974, 37.710621793601675], [127.20792609593335, 37.710568348601875]]]]}}, {"id": "12", "type": "Feature", "properties": {"pnu": "4136026221100070000", "addr": "\uacbd\uae30\ub3c4 \ub0a8\uc591\uc8fc\uc2dc \uc624\ub0a8\uc74d \uc591\uc9c0\ub9ac 7", "jibun": "7", "jimok": "\ub300", "area_reg": 387.0, "area_geom": 385.9, "incl_ratio": 1.0, "area_incl": 387.0, "zone": "\uc81c1\uc885\uc77c\ubc18\uc8fc\uac70\uc9c0\uc5ed", "use": "\uacf5\uc5c5\uc6a9", "owner": "\uac1c\uc778", "price": 442100.0, "price_year": "2025", "included": true, "free": false, "note": ""}, "geometry": {"type": "MultiPolygon", "coordinates": [[[[127.20726171066391, 37.71042980608007], [127.20724659220025, 37.71038012622092], [127.20723269296649, 37.710373555406335], [127.20706843179086, 37.71037288683404], [127.20698969770284, 37.71039923312615], [127.20698962190791, 37.71047036444212], [127.2070505063462, 37.71049352124986], [127.20707654430421, 37.710534424719135], [127.20712976561282, 37.71057103724105], [127.20722162437552, 37.71056639022579], [127.20722309374537, 37.71047023668328], [127.20726171066391, 37.71042980608007]]]]}}, {"id": "13", "type": "Feature", "properties": {"pnu": "4136026221100310000", "addr": "\uacbd\uae30\ub3c4 \ub0a8\uc591\uc8fc\uc2dc \uc624\ub0a8\uc74d \uc591\uc9c0\ub9ac 31", "jibun": "31", "jimok": "\uc784\uc57c", "area_reg": 40.0, "area_geom": 35.8, "incl_ratio": 1.0, "area_incl": 40.0, "zone": "\ub18d\ub9bc\uc9c0\uc5ed", "use": "\uc784\uc57c\uae30\ud0c0", "owner": "\uac1c\uc778", "price": 10800.0, "price_year": "2025", "included": true, "free": false, "note": ""}, "geometry": {"type": "MultiPolygon", "coordinates": [[[[127.20807163166859, 37.70445487234886], [127.20800651768192, 37.70451188237843], [127.20806822046193, 37.70454553350881], [127.20808821808926, 37.70448620591684], [127.20807163166859, 37.70445487234886]]]]}}, {"id": "14", "type": "Feature", "properties": {"pnu": "4136026221100200000", "addr": "\uacbd\uae30\ub3c4 \ub0a8\uc591\uc8fc\uc2dc \uc624\ub0a8\uc74d \uc591\uc9c0\ub9ac 20", "jibun": "20", "jimok": "\ub2f5", "area_reg": 99.0, "area_geom": 100.2, "incl_ratio": 1.0, "area_incl": 99.0, "zone": "\ubcf4\uc804\uad00\ub9ac\uc9c0\uc5ed", "use": "\uc804", "owner": "\uac1c\uc778", "price": 90600.0, "price_year": "2025", "included": true, "free": false, "note": ""}, "geometry": {"type": "MultiPolygon", "coordinates": [[[[127.20691172956637, 37.70704576915892], [127.20688194966748, 37.707074381631536], [127.20690492753413, 37.707116398680846], [127.20705604906593, 37.70712511799544], [127.20706236014925, 37.70709851049416], [127.20703823142901, 37.7070668565843], [127.20691172956637, 37.70704576915892]]]]}}, {"id": "15", "type": "Feature", "properties": {"pnu": "4136026221100240000", "addr": "\uacbd\uae30\ub3c4 \ub0a8\uc591\uc8fc\uc2dc \uc624\ub0a8\uc74d \uc591\uc9c0\ub9ac 24", "jibun": "24", "jimok": "\ub2f5", "area_reg": 228.0, "area_geom": 231.1, "incl_ratio": 1.0, "area_incl": 228.0, "zone": "\ubcf4\uc804\uad00\ub9ac\uc9c0\uc5ed", "use": "\uc804", "owner": "\uac1c\uc778", "price": 89600.0, "price_year": "2025", "included": true, "free": false, "note": ""}, "geometry": {"type": "MultiPolygon", "coordinates": [[[[127.20839443110368, 37.70677635634468], [127.20837379527447, 37.706769392043654], [127.20830861877208, 37.70674739666402], [127.20822249376505, 37.70676916182729], [127.20815043190392, 37.70674239430252], [127.20808619621924, 37.70678150964201], [127.20813062361567, 37.70681701994538], [127.20812625980244, 37.70687499571152], [127.20818696656904, 37.70685551857382], [127.20833259780237, 37.706839298140835], [127.20839443110368, 37.70677635634468]]]]}}, {"id": "16", "type": "Feature", "properties": {"pnu": "4136026221100210000", "addr": "\uacbd\uae30\ub3c4 \ub0a8\uc591\uc8fc\uc2dc \uc624\ub0a8\uc74d \uc591\uc9c0\ub9ac 21", "jibun": "21", "jimok": "\ub300", "area_reg": 443.0, "area_geom": 425.8, "incl_ratio": 1.0, "area_incl": 443.0, "zone": "\uc790\uc5f0\ub179\uc9c0\uc9c0\uc5ed", "use": "\uacf5\uc5c5\uae30\ud0c0", "owner": "\uac1c\uc778", "price": 588900.0, "price_year": "2025", "included": true, "free": false, "note": ""}, "geometry": {"type": "MultiPolygon", "coordinates": [[[[127.20583766161171, 37.70653345404063], [127.20576341116492, 37.70656830588288], [127.2056632513928, 37.706748978763045], [127.20581672154893, 37.70681630341004], [127.20592683325079, 37.706613359301834], [127.20592065342005, 37.70654749141141], [127.20583766161171, 37.70653345404063]]]]}}, {"id": "17", "type": "Feature", "properties": {"pnu": "4136026221100220000", "addr": "\uacbd\uae30\ub3c4 \ub0a8\uc591\uc8fc\uc2dc \uc624\ub0a8\uc74d \uc591\uc9c0\ub9ac 22", "jibun": "22", "jimok": "\uc784\uc57c", "area_reg": 221.0, "area_geom": 223.7, "incl_ratio": 1.0, "area_incl": 221.0, "zone": "\ub18d\ub9bc\uc9c0\uc5ed", "use": "\uc790\uc5f0\ub9bc", "owner": "\uac1c\uc778", "price": 11000.0, "price_year": "2025", "included": true, "free": false, "note": ""}, "geometry": {"type": "MultiPolygon", "coordinates": [[[[127.20575640562302, 37.705399666441984], [127.2058759568974, 37.70539327869671], [127.20611794503483, 37.70545256608619], [127.20619253604963, 37.705443057590806], [127.20609513834523, 37.70537345581348], [127.20590265654184, 37.70534152599869], [127.2058555649334, 37.705326210104126], [127.20575640562302, 37.705399666441984]]]]}}, {"id": "18", "type": "Feature", "properties": {"pnu": "4136026221100230000", "addr": "\uacbd\uae30\ub3c4 \ub0a8\uc591\uc8fc\uc2dc \uc624\ub0a8\uc74d \uc591\uc9c0\ub9ac 23", "jibun": "23", "jimok": "\ub2f5", "area_reg": 132.0, "area_geom": 131.7, "incl_ratio": 1.0, "area_incl": 132.0, "zone": "\ubcf4\uc804\uad00\ub9ac\uc9c0\uc5ed", "use": "\uc804", "owner": "\uac1c\uc778", "price": 89600.0, "price_year": "2025", "included": true, "free": false, "note": ""}, "geometry": {"type": "MultiPolygon", "coordinates": [[[[127.2079433275479, 37.706775660289466], [127.20787256184641, 37.706872791102555], [127.20780682364128, 37.706954984078735], [127.20781271340906, 37.70698513809958], [127.20788503205115, 37.70692042134478], [127.20795407457219, 37.70688889283975], [127.20801268283711, 37.70681196489537], [127.2079433275479, 37.706775660289466]]]]}}, {"id": "19", "type": "Feature", "properties": {"pnu": "4136026221100080000", "addr": "\uacbd\uae30\ub3c4 \ub0a8\uc591\uc8fc\uc2dc \uc624\ub0a8\uc74d \uc591\uc9c0\ub9ac 8", "jibun": "8", "jimok": "\uc784\uc57c", "area_reg": 102.0, "area_geom": 107.2, "incl_ratio": 1.0, "area_incl": 102.0, "zone": "\uc790\uc5f0\ub179\uc9c0\uc9c0\uc5ed", "use": "\uc804", "owner": "\uad6d\uc720\uc9c0", "price": 150900.0, "price_year": "2025", "included": true, "free": false, "note": ""}, "geometry": {"type": "MultiPolygon", "coordinates": [[[[127.20691617626672, 37.71063779257988], [127.20691118335188, 37.710698355129736], [127.20724841923656, 37.71058567818729], [127.20724389453784, 37.71058577617795], [127.20710113111767, 37.710596016867385], [127.20699000334264, 37.710633168143154], [127.20691617626672, 37.71063779257988]]]]}}, {"id": "20", "type": "Feature", "properties": {"pnu": "4136026221100090000", "addr": "\uacbd\uae30\ub3c4 \ub0a8\uc591\uc8fc\uc2dc \uc624\ub0a8\uc74d \uc591\uc9c0\ub9ac 9", "jibun": "9", "jimok": "\ub300", "area_reg": 866.0, "area_geom": 869.9, "incl_ratio": 1.0, "area_incl": 866.0, "zone": "\uc790\uc5f0\ub179\uc9c0\uc9c0\uc5ed", "use": "\uc8fc\uac70\uae30\ud0c0", "owner": "\uac1c\uc778", "price": 515400.0, "price_year": "2025", "included": true, "free": false, "note": ""}, "geometry": {"type": "MultiPolygon", "coordinates": [[[[127.2057004300477, 37.710855838272934], [127.2057092017725, 37.71085776015821], [127.20581063169145, 37.71086929701674], [127.20583436603371, 37.71087683300914], [127.20583197428546, 37.710633531573755], [127.20580659360937, 37.71063353049972], [127.20564532226152, 37.71063982823448], [127.20561515898214, 37.71064099764315], [127.20540168674258, 37.71057306478586], [127.20538354901966, 37.710559248313835], [127.2054051080057, 37.710600709485], [127.2054059845262, 37.71066400075757], [127.20543367227056, 37.7107278673332], [127.20542699923256, 37.71079239697183], [127.20558416212842, 37.71083034402346], [127.2057004300477, 37.710855838272934]]]]}}, {"id": "21", "type": "Feature", "properties": {"pnu": "4136026221100100000", "addr": "\uacbd\uae30\ub3c4 \ub0a8\uc591\uc8fc\uc2dc \uc624\ub0a8\uc74d \uc591\uc9c0\ub9ac 10", "jibun": "10", "jimok": "\ub300", "area_reg": 467.0, "area_geom": 472.9, "incl_ratio": 1.0, "area_incl": 467.0, "zone": "\uc81c1\uc885\uc77c\ubc18\uc8fc\uac70\uc9c0\uc5ed", "use": "\uacf5\uc5c5\uc6a9", "owner": "\uac1c\uc778", "price": 428800.0, "price_year": "2025", "included": true, "free": false, "note": ""}, "geometry": {"type": "MultiPolygon", "coordinates": [[[[127.20698962190791, 37.71047036444212], [127.2068640159123, 37.71042257983156], [127.20683214956034, 37.710386002084974], [127.20689649196112, 37.71035953681068], [127.20683005491689, 37.71025157274684], [127.2067612790423, 37.71025361153151], [127.20676840300543, 37.710558629832256], [127.20678529607711, 37.71055693364123], [127.20685812581233, 37.71057723171368], [127.2069251308599, 37.71059091779524], [127.20698949933306, 37.71059438248093], [127.20698962190791, 37.71047036444212]]]]}}, {"id": "22", "type": "Feature", "properties": {"pnu": "4136026221100110000", "addr": "\uacbd\uae30\ub3c4 \ub0a8\uc591\uc8fc\uc2dc \uc624\ub0a8\uc74d \uc591\uc9c0\ub9ac 11", "jibun": "11", "jimok": "\ub3c4\ub85c", "area_reg": 93.0, "area_geom": 94.2, "incl_ratio": 1.0, "area_incl": 93.0, "zone": "\uc81c1\uc885\uc77c\ubc18\uc8fc\uac70\uc9c0\uc5ed", "use": "\ub3c4\ub85c\ub4f1", "owner": "\uac1c\uc778", "price": 213600.0, "price_year": "2025", "included": true, "free": false, "note": ""}, "geometry": {"type": "MultiPolygon", "coordinates": [[[[127.20663194602216, 37.71015773964636], [127.20644329355066, 37.71019489910061], [127.20639418012522, 37.71020842684115], [127.20678134885947, 37.710194860707915], [127.20672792619446, 37.710167321093984], [127.20663194602216, 37.71015773964636]]]]}}, {"id": "23", "type": "Feature", "properties": {"pnu": "4136026221100120000", "addr": "\uacbd\uae30\ub3c4 \ub0a8\uc591\uc8fc\uc2dc \uc624\ub0a8\uc74d \uc591\uc9c0\ub9ac 12", "jibun": "12", "jimok": "\ub300", "area_reg": 357.0, "area_geom": 368.9, "incl_ratio": 1.0, "area_incl": 357.0, "zone": "\uc0dd\uc0b0\uad00\ub9ac\uc9c0\uc5ed", "use": "\uacf5\uc5c5\uae30\ud0c0", "owner": "\uac1c\uc778", "price": 324100.0, "price_year": "2025", "included": true, "free": false, "note": ""}, "geometry": {"type": "MultiPolygon", "coordinates": [[[[127.20803758909035, 37.70868500123767], [127.2079755799196, 37.708689308320224], [127.2078494228981, 37.70874870452933], [127.20775046471347, 37.70874833706315], [127.20779637449712, 37.70881914470343], [127.20788735475055, 37.70884610456668], [127.20805982704861, 37.708848199164585], [127.20810983325345, 37.708829894048854], [127.20803758909035, 37.70868500123767]]]]}}, {"id": "24", "type": "Feature", "properties": {"pnu": "4136026221100130000", "addr": "\uacbd\uae30\ub3c4 \ub0a8\uc591\uc8fc\uc2dc \uc624\ub0a8\uc74d \uc591\uc9c0\ub9ac 13", "jibun": "13", "jimok": "\uacf5\uc7a5\uc6a9\uc9c0", "area_reg": 404.0, "area_geom": 418.8, "incl_ratio": 1.0, "area_incl": 404.0, "zone": "\ub18d\ub9bc\uc9c0\uc5ed", "use": "\uacf5\uc5c5\uc6a9", "owner": "\ubc95\uc778", "price": 335800.0, "price_year": "2025", "included": true, "free": false, "note": ""}, "geometry": {"type": "MultiPolygon", "coordinates": [[[[127.20711807531804, 37.70862180163123], [127.20713997946173, 37.708640278273435], [127.2072412469802, 37.708696646222066], [127.20733660646947, 37.70871618392728], [127.20749128013361, 37.70877380987935], [127.20758499466322, 37.70875621247057], [127.20754902712082, 37.7087168761106], [127.20753103196111, 37.7086971854221], [127.20739274898254, 37.70862444874788], [127.20727477734292, 37.70856822720234], [127.20711451031885, 37.70860800505948], [127.20711807531804, 37.70862180163123]]]]}}, {"id": "25", "type": "Feature", "properties": {"pnu": "4136026221100140000", "addr": "\uacbd\uae30\ub3c4 \ub0a8\uc591\uc8fc\uc2dc \uc624\ub0a8\uc74d \uc591\uc9c0\ub9ac 14", "jibun": "14", "jimok": "\ub300", "area_reg": 3255.0, "area_geom": 3248.5, "incl_ratio": 1.0, "area_incl": 3255.0, "zone": "\uacc4\ud68d\uad00\ub9ac\uc9c0\uc5ed", "use": "\uacf5\uc5c5\uae30\ud0c0", "owner": "\ubc95\uc778", "price": 413000.0, "price_year": "2025", "included": true, "free": false, "note": ""}, "geometry": {"type": "MultiPolygon", "coordinates": [[[[127.206454528131, 37.707915861115154], [127.20646706717085, 37.70802582016276], [127.20651510657653, 37.70809637234087], [127.20657035188947, 37.70813568451018], [127.20681316073518, 37.70829173268065], [127.2068872974596, 37.7083508510643], [127.20699424489209, 37.70848898995366], [127.20726150091791, 37.708479153913665], [127.20719696997595, 37.70853114406814], [127.20705608485088, 37.7085302184663], [127.20705116568122, 37.7085352634363], [127.20703506249066, 37.70855178817686], [127.20711662464076, 37.70893413276266], [127.20714588006061, 37.70894120838501], [127.20715688191025, 37.70894176581708], [127.20728938619963, 37.708934137743626], [127.20712971016964, 37.70866678455806], [127.20711807531804, 37.70862180163123], [127.20711451031885, 37.70860800505948], [127.20727477734292, 37.70856822720234], [127.20729935796065, 37.70856212982265], [127.20728253015014, 37.70849701940002], [127.20726569102892, 37.70843190899395], [127.20726569100403, 37.70843189998432], [127.2072684953836, 37.708400271210174], [127.2072670489431, 37.70835290097973], [127.20724388786988, 37.70834328304176], [127.20721637843309, 37.70833186174438], [127.20722069132377, 37.708300311426214], [127.20722500421081, 37.708268761107746], [127.20723148471319, 37.708221377047195], [127.20743612266558, 37.70820503674901], [127.20738539879643, 37.70800888605967], [127.20741343974069, 37.70799110610392], [127.20652524104159, 37.7080620369527], [127.20648105722931, 37.70764550737334], [127.20645798168987, 37.7078233439893], [127.206454528131, 37.707915861115154]]]]}}, {"id": "26", "type": "Feature", "properties": {"pnu": "4136026221100150000", "addr": "\uacbd\uae30\ub3c4 \ub0a8\uc591\uc8fc\uc2dc \uc624\ub0a8\uc74d \uc591\uc9c0\ub9ac 15", "jibun": "15", "jimok": "\ub2f5", "area_reg": 2754.0, "area_geom": 2736.1, "incl_ratio": 1.0, "area_incl": 2754.0, "zone": "\uc81c1\uc885\uc77c\ubc18\uc8fc\uac70\uc9c0\uc5ed", "use": "\uc804", "owner": "\uac1c\uc778", "price": 235300.0, "price_year": "2025", "included": true, "free": false, "note": ""}, "geometry": {"type": "MultiPolygon", "coordinates": [[[[127.20619479294004, 37.70876293130175], [127.20624762721947, 37.708820249087445], [127.20628522739874, 37.70889264843272], [127.20639953075383, 37.708979987667355], [127.20639681375552, 37.70904350142436], [127.2064314348387, 37.7090511625382], [127.20667135433769, 37.70910428072395], [127.20670160123883, 37.709108994202616], [127.20670163528514, 37.70910900315299], [127.20670166933145, 37.70910901210341], [127.20689477990308, 37.709139110527296], [127.2069856816316, 37.709075983714534], [127.20699070334388, 37.70898483332672], [127.2069260394737, 37.70892313977331], [127.20677243790601, 37.7089334710202], [127.20662515441401, 37.708886714932014], [127.20655893792383, 37.708887001273354], [127.20647259905655, 37.70875394366288], [127.20661266051148, 37.70871096735823], [127.20676165190068, 37.70866574095068], [127.20680367472106, 37.70863514309809], [127.2067791107362, 37.70853626888413], [127.20665750202222, 37.70855094099742], [127.20659033712235, 37.708589682203126], [127.20641333134105, 37.70859245854479], [127.20637600085396, 37.70861391231919], [127.20607208191714, 37.708611899196825], [127.20576185451273, 37.70861286039366], [127.20574310502816, 37.70866524795872], [127.20602074636983, 37.70871196835124], [127.20619479294004, 37.70876293130175]]]]}}, {"id": "27", "type": "Feature", "properties": {"pnu": "4136026221100170000", "addr": "\uacbd\uae30\ub3c4 \ub0a8\uc591\uc8fc\uc2dc \uc624\ub0a8\uc74d \uc591\uc9c0\ub9ac 17", "jibun": "17", "jimok": "\ub2f5", "area_reg": 1653.0, "area_geom": 1647.7, "incl_ratio": 1.0, "area_incl": 1653.0, "zone": "\uc81c1\uc885\uc77c\ubc18\uc8fc\uac70\uc9c0\uc5ed", "use": "\ub2f5", "owner": "\uac1c\uc778", "price": 225800.0, "price_year": "2025", "included": true, "free": false, "note": ""}, "geometry": {"type": "MultiPolygon", "coordinates": [[[[127.20508105888022, 37.70814277869954], [127.20519928363187, 37.7081307268561], [127.20542759129665, 37.70804892105281], [127.20550452686767, 37.70807047422474], [127.2055655872394, 37.708059412843355], [127.20563555675446, 37.70808396918846], [127.20570199438824, 37.70809427833596], [127.20581400054878, 37.708043630278915], [127.20607983700319, 37.70783139750901], [127.20617985766474, 37.707773192775285], [127.20624536876154, 37.70762813174329], [127.20583973691578, 37.707723238439975], [127.20582449995251, 37.70775378053824], [127.20575723799861, 37.70789342956501], [127.2056281576782, 37.70793735889396], [127.20518434577158, 37.708017897737136], [127.20516162277569, 37.70803562293126], [127.20508105888022, 37.70814277869954]]]]}}, {"id": "28", "type": "Feature", "properties": {"pnu": "4136026221100190000", "addr": "\uacbd\uae30\ub3c4 \ub0a8\uc591\uc8fc\uc2dc \uc624\ub0a8\uc74d \uc591\uc9c0\ub9ac 19", "jibun": "19", "jimok": "\ub2f5", "area_reg": 574.0, "area_geom": 576.8, "incl_ratio": 1.0, "area_incl": 574.0, "zone": "\ubcf4\uc804\uad00\ub9ac\uc9c0\uc5ed", "use": "\uc804", "owner": "\ubc95\uc778", "price": 0.0, "price_year": "2025", "included": true, "free": false, "note": ""}, "geometry": {"type": "MultiPolygon", "coordinates": [[[[127.2072272310856, 37.7070967454132], [127.20720779921677, 37.70717253248655], [127.20726784167044, 37.70719562759926], [127.20723732471464, 37.707252955215786], [127.20729258254696, 37.70731739495697], [127.20735984128912, 37.70725162421739], [127.2076425583042, 37.70715893457315], [127.20757435226177, 37.7071076987459], [127.20747670826658, 37.7070528023205], [127.2072272310856, 37.7070967454132]]]]}}, {"id": "29", "type": "Feature", "properties": {"pnu": "4136026221100290000", "addr": "\uacbd\uae30\ub3c4 \ub0a8\uc591\uc8fc\uc2dc \uc624\ub0a8\uc74d \uc591\uc9c0\ub9ac 29", "jibun": "29", "jimok": "\ub2f5", "area_reg": 142.0, "area_geom": 144.6, "incl_ratio": 1.0, "area_incl": 142.0, "zone": "\ubcf4\uc804\uad00\ub9ac\uc9c0\uc5ed", "use": "\uc784\uc57c\uae30\ud0c0", "owner": "\uac1c\uc778", "price": 42400.0, "price_year": "2025", "included": true, "free": false, "note": ""}, "geometry": {"type": "MultiPolygon", "coordinates": [[[[127.20896604893537, 37.70472293434747], [127.2089933439908, 37.70473919380856], [127.20913251085388, 37.704602317407776], [127.20912420994412, 37.704557545010374], [127.20910662326888, 37.7045336643374], [127.20893525540173, 37.70470459079292], [127.20896604893537, 37.70472293434747]]]]}}, {"id": "30", "type": "Feature", "properties": {"pnu": "4136026221100300000", "addr": "\uacbd\uae30\ub3c4 \ub0a8\uc591\uc8fc\uc2dc \uc624\ub0a8\uc74d \uc591\uc9c0\ub9ac 30", "jibun": "30", "jimok": "\uc784\uc57c", "area_reg": 46.0, "area_geom": 43.0, "incl_ratio": 1.0, "area_incl": 46.0, "zone": "\ub18d\ub9bc\uc9c0\uc5ed", "use": "\uc784\uc57c\uae30\ud0c0", "owner": "\uac1c\uc778", "price": 10800.0, "price_year": "2025", "included": true, "free": false, "note": ""}, "geometry": {"type": "MultiPolygon", "coordinates": [[[[127.20831365997198, 37.70454541868814], [127.20827258366742, 37.70464628176323], [127.2083128018113, 37.70464878800422], [127.2083583578596, 37.70454812427985], [127.20831365997198, 37.70454541868814]]]]}}, {"id": "31", "type": "Feature", "properties": {"pnu": "4136026221100320000", "addr": "\uacbd\uae30\ub3c4 \ub0a8\uc591\uc8fc\uc2dc \uc624\ub0a8\uc74d \uc591\uc9c0\ub9ac 32", "jibun": "32", "jimok": "\ub300", "area_reg": 312.0, "area_geom": 312.6, "incl_ratio": 1.0, "area_incl": 312.0, "zone": "\uc81c1\uc885\uc77c\ubc18\uc8fc\uac70\uc9c0\uc5ed", "use": "\uc8fc\uac70\uae30\ud0c0", "owner": "\uac1c\uc778", "price": 373000.0, "price_year": "2025", "included": true, "free": false, "note": ""}, "geometry": {"type": "MultiPolygon", "coordinates": [[[[127.20751469586142, 37.704499164997515], [127.20776915124527, 37.704523911227966], [127.20787839770222, 37.70451921527287], [127.20790814075481, 37.70448599866668], [127.20784296347624, 37.70440976487436], [127.20777231333985, 37.70444962106154], [127.20768867725512, 37.70441924259204], [127.20755056495324, 37.70443812496308], [127.2075016729242, 37.70442366878652], [127.20751469586142, 37.704499164997515]]]]}}, {"id": "32", "type": "Feature", "properties": {"pnu": "4136026221100330000", "addr": "\uacbd\uae30\ub3c4 \ub0a8\uc591\uc8fc\uc2dc \uc624\ub0a8\uc74d \uc591\uc9c0\ub9ac 33", "jibun": "33", "jimok": "\ub2f5", "area_reg": 442.0, "area_geom": 442.6, "incl_ratio": 1.0, "area_incl": 442.0, "zone": "\uc81c1\uc885\uc77c\ubc18\uc8fc\uac70\uc9c0\uc5ed", "use": "\uc8fc\uac70\uae30\ud0c0", "owner": "\uac1c\uc778", "price": 403100.0, "price_year": "2025", "included": true, "free": false, "note": ""}, "geometry": {"type": "MultiPolygon", "coordinates": [[[[127.20710831714084, 37.70407073511658], [127.20747459171842, 37.70402959755928], [127.207425747708, 37.703950406862496], [127.20733331256336, 37.70395690201866], [127.2072248493963, 37.703957514726135], [127.20711352091662, 37.70397587234915], [127.20710401719823, 37.703918028884125], [127.20694204359872, 37.703931636440835], [127.20702457213055, 37.703988325579544], [127.2070388990697, 37.704027033137315], [127.20704422597626, 37.70405477360443], [127.20710831714084, 37.70407073511658]]]]}}, {"id": "33", "type": "Feature", "properties": {"pnu": "4136026221100340000", "addr": "\uacbd\uae30\ub3c4 \ub0a8\uc591\uc8fc\uc2dc \uc624\ub0a8\uc74d \uc591\uc9c0\ub9ac 34", "jibun": "34", "jimok": "\ub2f5", "area_reg": 50.0, "area_geom": 51.2, "incl_ratio": 1.0, "area_incl": 50.0, "zone": "\uc81c1\uc885\uc77c\ubc18\uc8fc\uac70\uc9c0\uc5ed", "use": "\uc8fc\uac70\ub098\uc9c0", "owner": "\uad6d\uc720\uc9c0", "price": 297500.0, "price_year": "2025", "included": true, "free": false, "note": ""}, "geometry": {"type": "MultiPolygon", "coordinates": [[[[127.20704422597626, 37.70405477360443], [127.2070388990697, 37.704027033137315], [127.20701658364091, 37.704027486471475], [127.20693574221413, 37.70399044445632], [127.20688668852644, 37.704020000491674], [127.2069663918617, 37.704051440514895], [127.20699396651897, 37.70405421249413], [127.20704422597626, 37.70405477360443]]]]}}, {"id": "34", "type": "Feature", "properties": {"pnu": "4136026221100350000", "addr": "\uacbd\uae30\ub3c4 \ub0a8\uc591\uc8fc\uc2dc \uc624\ub0a8\uc74d \uc591\uc9c0\ub9ac 35", "jibun": "35", "jimok": "\ub300", "area_reg": 526.0, "area_geom": 527.5, "incl_ratio": 0.4278, "area_incl": 225.0, "zone": "\uc81c1\uc885\uc77c\ubc18\uc8fc\uac70\uc9c0\uc5ed", "use": "\ub2e8\ub3c5", "owner": "\uac1c\uc778", "price": 399300.0, "price_year": "2025", "included": true, "free": false, "note": ""}, "geometry": {"type": "MultiPolygon", "coordinates": [[[[127.20644888261434, 37.70350515731317], [127.20651734013224, 37.703525661439215], [127.20662329784531, 37.70359958165066], [127.20671281899706, 37.70354397145402], [127.20668508646303, 37.70352087388961], [127.2066702628532, 37.70349934857158], [127.20668881134489, 37.70348171142506], [127.20673861430964, 37.70351426676421], [127.20676479518681, 37.703488687822045], [127.20672890074468, 37.70345421626245], [127.20665134501924, 37.70337884123418], [127.20660510918061, 37.70340621191557], [127.20647327824024, 37.70329241484967], [127.20643614930725, 37.70330784985578], [127.20639321144837, 37.70328511200045], [127.2063735267806, 37.70331843689406], [127.20643576479527, 37.70334942109819], [127.20646503007842, 37.70334030652159], [127.20649096491252, 37.70336126296416], [127.20639554254171, 37.703468751862054], [127.20644888261434, 37.70350515731317]]]]}}, {"id": "35", "type": "Feature", "properties": {"pnu": "4136026221101830000", "addr": "\uacbd\uae30\ub3c4 \ub0a8\uc591\uc8fc\uc2dc \uc624\ub0a8\uc74d \uc591\uc9c0\ub9ac 183", "jibun": "183", "jimok": "\ub2f5", "area_reg": 995.0, "area_geom": 1003.3, "incl_ratio": 0.1212, "area_incl": 120.6, "zone": "\uc81c2\uc885\uc77c\ubc18\uc8fc\uac70\uc9c0\uc5ed", "use": "\uc8fc\uac70\uae30\ud0c0", "owner": "\uac1c\uc778", "price": 494300.0, "price_year": "2025", "included": true, "free": false, "note": ""}, "geometry": {"type": "MultiPolygon", "coordinates": [[[[127.1993031163231, 37.70370184966735], [127.19933175185011, 37.703698603206064], [127.19948533102382, 37.703696309299104], [127.19983993107094, 37.70367756801799], [127.1999562552988, 37.70369933788314], [127.20002223350181, 37.70359014687288], [127.20002243672675, 37.70358981317332], [127.19985805725162, 37.70353485152919], [127.19973397108673, 37.70352365393636], [127.19961867309335, 37.70352519012072], [127.19948248034845, 37.703549672839735], [127.19939375551458, 37.70356561568849], [127.19927500675577, 37.70357440109488], [127.1993031163231, 37.70370184966735]]]]}}, {"id": "36", "type": "Feature", "properties": {"pnu": "4136026221101690000", "addr": "\uacbd\uae30\ub3c4 \ub0a8\uc591\uc8fc\uc2dc \uc624\ub0a8\uc74d \uc591\uc9c0\ub9ac 169", "jibun": "169", "jimok": "\ub2f5", "area_reg": 2101.0, "area_geom": 2119.8, "incl_ratio": 0.0678, "area_incl": 142.4, "zone": "\uc81c2\uc885\uc77c\ubc18\uc8fc\uac70\uc9c0\uc5ed", "use": "\uc8fc\uac70\ub098\uc9c0", "owner": "\ubc95\uc778", "price": 494300.0, "price_year": "2025", "included": true, "free": false, "note": ""}, "geometry": {"type": "MultiPolygon", "coordinates": [[[[127.19990708387941, 37.70270277183431], [127.19986122029655, 37.70271741760729], [127.19977624528973, 37.70273161557298], [127.19966119108099, 37.70278593900028], [127.19950571080668, 37.70282738330949], [127.19943163813737, 37.70283073310788], [127.19950207120384, 37.702891493167485], [127.19953774181701, 37.702949752818405], [127.19967568420569, 37.70303344610734], [127.19985007060474, 37.70309940098896], [127.2001316517855, 37.7030848990317], [127.2002174152833, 37.70300911844234], [127.20022517980762, 37.70294422678274], [127.20019033994635, 37.70280654576795], [127.20014493456357, 37.70275492481249], [127.20008451265333, 37.702723438691926], [127.20000812515539, 37.702683627457176], [127.1999567253154, 37.70273133903736], [127.19990708387941, 37.70270277183431]]]]}}, {"id": "37", "type": "Feature", "properties": {"pnu": "4136026221101720000", "addr": "\uacbd\uae30\ub3c4 \ub0a8\uc591\uc8fc\uc2dc \uc624\ub0a8\uc74d \uc591\uc9c0\ub9ac 172", "jibun": "172", "jimok": "\ub300", "area_reg": 133.0, "area_geom": 132.0, "incl_ratio": 1.0, "area_incl": 133.0, "zone": "\uc81c2\uc885\uc77c\ubc18\uc8fc\uac70\uc9c0\uc5ed", "use": "\uc8fc\uac70\uae30\ud0c0", "owner": "\ubc95\uc778", "price": 535700.0, "price_year": "2025", "included": true, "free": false, "note": ""}, "geometry": {"type": "MultiPolygon", "coordinates": [[[[127.20074280989475, 37.70323214912422], [127.20079782586821, 37.70315862742383], [127.20066295400694, 37.703091508043485], [127.20062284854666, 37.70315192247905], [127.20061410932524, 37.70317024486667], [127.20074280989475, 37.70323214912422]]]]}}, {"id": "38", "type": "Feature", "properties": {"pnu": "4136026221101730000", "addr": "\uacbd\uae30\ub3c4 \ub0a8\uc591\uc8fc\uc2dc \uc624\ub0a8\uc74d \uc591\uc9c0\ub9ac 173", "jibun": "173", "jimok": "\uacf5\uc7a5\uc6a9\uc9c0", "area_reg": 552.0, "area_geom": 552.7, "incl_ratio": 0.8782, "area_incl": 484.8, "zone": "\uc81c1\uc885\uc77c\ubc18\uc8fc\uac70\uc9c0\uc5ed", "use": "\uacf5\uc5c5\uc6a9", "owner": "\ubc95\uc778", "price": 525900.0, "price_year": "2025", "included": true, "free": false, "note": ""}, "geometry": {"type": "MultiPolygon", "coordinates": [[[[127.20096258088884, 37.70310832724924], [127.2009989411129, 37.70318226209954], [127.20111135564765, 37.70326010456482], [127.20134501208054, 37.70321042600994], [127.20128915874893, 37.70303933707006], [127.20115008135828, 37.70305742073265], [127.20099164029227, 37.7030941059], [127.20096258088884, 37.70310832724924]]]]}}, {"id": "39", "type": "Feature", "properties": {"pnu": "4136026221101740000", "addr": "\uacbd\uae30\ub3c4 \ub0a8\uc591\uc8fc\uc2dc \uc624\ub0a8\uc74d \uc591\uc9c0\ub9ac 174", "jibun": "174", "jimok": "\uc804", "area_reg": 1788.0, "area_geom": 1777.4, "incl_ratio": 0.0952, "area_incl": 170.2, "zone": "\uc81c1\uc885\uc77c\ubc18\uc8fc\uac70\uc9c0\uc5ed", "use": "\uc804", "owner": "\ubc95\uc778", "price": 316200.0, "price_year": "2025", "included": true, "free": false, "note": ""}, "geometry": {"type": "MultiPolygon", "coordinates": [[[[127.2015608265766, 37.703323698967814], [127.20177238406455, 37.703139930221994], [127.20181885825644, 37.70309939791191], [127.2019458536259, 37.70297829049508], [127.20198781765333, 37.70291789046892], [127.20244229372608, 37.7029625887575], [127.20243776910934, 37.70289112281936], [127.20240115012096, 37.70273857954991], [127.2022435777321, 37.70280256419619], [127.20207484417526, 37.70280660831332], [127.2018815971506, 37.70271898449082], [127.20183912792666, 37.702713840047046], [127.201824225613, 37.70273412809119], [127.2017068144883, 37.702839136865336], [127.2015608265766, 37.703323698967814]]]]}}, {"id": "40", "type": "Feature", "properties": {"pnu": "4136026221101750000", "addr": "\uacbd\uae30\ub3c4 \ub0a8\uc591\uc8fc\uc2dc \uc624\ub0a8\uc74d \uc591\uc9c0\ub9ac 175", "jibun": "175", "jimok": "\uc804", "area_reg": 264.0, "area_geom": 257.0, "incl_ratio": 0.9186, "area_incl": 242.5, "zone": "\uc81c1\uc885\uc77c\ubc18\uc8fc\uac70\uc9c0\uc5ed", "use": "\uc804", "owner": "\uae30\ud0c0\ub2e8\uccb4", "price": 235300.0, "price_year": "2025", "included": true, "free": false, "note": ""}, "geometry": {"type": "MultiPolygon", "coordinates": [[[[127.20318555297182, 37.70329481264365], [127.2032316405903, 37.70330855463858], [127.20328066059263, 37.70333314823992], [127.20336330387559, 37.70331632993006], [127.20341719946487, 37.70336581783228], [127.20350819226894, 37.70333357860504], [127.20350790633674, 37.70327834987232], [127.20346219427998, 37.703235857513384], [127.20338561245033, 37.7032172395287], [127.20318555297182, 37.70329481264365]]]]}}, {"id": "41", "type": "Feature", "properties": {"pnu": "4136026221102030000", "addr": "\uacbd\uae30\ub3c4 \ub0a8\uc591\uc8fc\uc2dc \uc624\ub0a8\uc74d \uc591\uc9c0\ub9ac 203", "jibun": "203", "jimok": "\ub2f5", "area_reg": 354.0, "area_geom": 350.2, "incl_ratio": 1.0, "area_incl": 354.0, "zone": "\uc81c1\uc885\uc77c\ubc18\uc8fc\uac70\uc9c0\uc5ed", "use": "\uc5f0\ub9bd", "owner": "\uac1c\uc778", "price": 572600.0, "price_year": "2025", "included": true, "free": false, "note": ""}, "geometry": {"type": "MultiPolygon", "coordinates": [[[[127.19986211459882, 37.707193991338706], [127.19987623516896, 37.707143657669754], [127.19989119763845, 37.707090097125615], [127.19993108498473, 37.70704894598763], [127.19983762195466, 37.70704589577366], [127.19965749170143, 37.70700683539317], [127.19960116717218, 37.70696938678407], [127.19952374032007, 37.70704770261431], [127.19964481331932, 37.70708351985744], [127.19973710080609, 37.70712632280143], [127.19980277031986, 37.70716818838169], [127.19986211459882, 37.707193991338706]]]]}}, {"id": "42", "type": "Feature", "properties": {"pnu": "4136026221102040000", "addr": "\uacbd\uae30\ub3c4 \ub0a8\uc591\uc8fc\uc2dc \uc624\ub0a8\uc74d \uc591\uc9c0\ub9ac 204", "jibun": "204", "jimok": "\ub300", "area_reg": 712.0, "area_geom": 721.5, "incl_ratio": 1.0, "area_incl": 712.0, "zone": "\uc81c1\uc885\uc77c\ubc18\uc8fc\uac70\uc9c0\uc5ed", "use": "\ub2e8\ub3c5", "owner": "\uac1c\uc778", "price": 549800.0, "price_year": "2025", "included": true, "free": false, "note": ""}, "geometry": {"type": "MultiPolygon", "coordinates": [[[[127.19958459963526, 37.7068460003439], [127.20011045467606, 37.70686236039814], [127.20009513581687, 37.70683326698732], [127.20003751124352, 37.70680588456084], [127.19997734815497, 37.70671532165878], [127.19971440087188, 37.70672295360739], [127.19948835591161, 37.70668847495603], [127.19941301880854, 37.70670819741335], [127.19941198900578, 37.706721803722736], [127.19953788276524, 37.70677959654948], [127.19958459963526, 37.7068460003439]]]]}}, {"id": "43", "type": "Feature", "properties": {"pnu": "4136026221102060000", "addr": "\uacbd\uae30\ub3c4 \ub0a8\uc591\uc8fc\uc2dc \uc624\ub0a8\uc74d \uc591\uc9c0\ub9ac 206", "jibun": "206", "jimok": "\ub300", "area_reg": 508.0, "area_geom": 531.5, "incl_ratio": 1.0, "area_incl": 508.0, "zone": "\uc81c1\uc885\uc77c\ubc18\uc8fc\uac70\uc9c0\uc5ed", "use": "\uc5f0\ub9bd", "owner": "\uac1c\uc778", "price": 544500.0, "price_year": "2025", "included": true, "free": false, "note": ""}, "geometry": {"type": "MultiPolygon", "coordinates": [[[[127.20025373239307, 37.70702157190591], [127.20034130496705, 37.70704402951089], [127.20039063972999, 37.70705853295112], [127.20043996743085, 37.70705765690024], [127.20043786597935, 37.70704785793975], [127.20048210019107, 37.70687664489952], [127.20049028246376, 37.70684494413329], [127.20042170307437, 37.70685998882987], [127.20040322051999, 37.70678433889266], [127.20034096852814, 37.70670580759058], [127.2003455250619, 37.706649786874394], [127.20035200211865, 37.70661225974396], [127.20030250263217, 37.70658691794704], [127.20032468160304, 37.70664546134313], [127.20027922343802, 37.70688924917405], [127.20027073762581, 37.70693471719143], [127.20025461667619, 37.70695352048477], [127.20025373239307, 37.70702157190591]]]]}}, {"id": "44", "type": "Feature", "properties": {"pnu": "4136026221101760000", "addr": "\uacbd\uae30\ub3c4 \ub0a8\uc591\uc8fc\uc2dc \uc624\ub0a8\uc74d \uc591\uc9c0\ub9ac 176", "jibun": "176", "jimok": "\ub2f5", "area_reg": 3533.0, "area_geom": 3539.4, "incl_ratio": 1.0, "area_incl": 3533.0, "zone": "\uc81c1\uc885\uc77c\ubc18\uc8fc\uac70\uc9c0\uc5ed", "use": "\ub2f5", "owner": "\ubc95\uc778", "price": 158500.0, "price_year": "2025", "included": true, "free": false, "note": ""}, "geometry": {"type": "MultiPolygon", "coordinates": [[[[127.20196346996721, 37.70381433908933], [127.20204020175863, 37.703867482759286], [127.20204732707127, 37.70386894822725], [127.20223697297156, 37.70395301006141], [127.2023261962952, 37.70398319368618], [127.20241017473268, 37.70395653522255], [127.20243681455507, 37.70389871989493], [127.20256856521894, 37.70387551170117], [127.20260698009436, 37.70382777608776], [127.20264120275019, 37.70381912250888], [127.202679563514, 37.703831121012456], [127.20272307342853, 37.70381408159217], [127.20275366073281, 37.7037903970601], [127.2028869625517, 37.70373287707634], [127.20297742124497, 37.703750246362745], [127.20303424115532, 37.703690307113845], [127.20307402344497, 37.7036996181813], [127.20312619716584, 37.70363667760222], [127.20317695144345, 37.70356466669847], [127.20340371986748, 37.70342974643522], [127.20341719946487, 37.70336581783228], [127.20336330387559, 37.70331632993006], [127.20328066059263, 37.70333314823992], [127.2032316405903, 37.70330855463858], [127.20318555297182, 37.70329481264365], [127.20307914357707, 37.70332069012414], [127.20305070204562, 37.703336838998474], [127.20304726471838, 37.703369829242], [127.20292108605615, 37.70339001922834], [127.20283051250165, 37.70343903327566], [127.20273835874463, 37.703520178400275], [127.20273667315539, 37.70352166787047], [127.20263200589876, 37.70363012452503], [127.20252314642858, 37.70363499515275], [127.20241237060372, 37.70364409447559], [127.20227931122116, 37.70368646827163], [127.20222203615515, 37.7037081979615], [127.20213584729981, 37.703726670271024], [127.20206170370707, 37.70373344551359], [127.20197502252731, 37.70374598117648], [127.20192811589837, 37.703769215730595], [127.20196346996721, 37.70381433908933]]]]}}, {"id": "45", "type": "Feature", "properties": {"pnu": "4136026221101770000", "addr": "\uacbd\uae30\ub3c4 \ub0a8\uc591\uc8fc\uc2dc \uc624\ub0a8\uc74d \uc591\uc9c0\ub9ac 177", "jibun": "177", "jimok": "\uc804", "area_reg": 212.0, "area_geom": 211.2, "incl_ratio": 1.0, "area_incl": 212.0, "zone": "\uc81c1\uc885\uc77c\ubc18\uc8fc\uac70\uc9c0\uc5ed", "use": "\ub2f5", "owner": "\ubc95\uc778", "price": 225800.0, "price_year": "2025", "included": true, "free": false, "note": ""}, "geometry": {"type": "MultiPolygon", "coordinates": [[[[127.20273835874463, 37.703520178400275], [127.20269952229867, 37.703474772903846], [127.20251817694597, 37.703583603508626], [127.2024132051563, 37.7036255872107], [127.20241237060372, 37.70364409447559], [127.20252314642858, 37.70363499515275], [127.20263200589876, 37.70363012452503], [127.20273667315539, 37.70352166787047], [127.20273835874463, 37.703520178400275]]]]}}, {"id": "46", "type": "Feature", "properties": {"pnu": "4136026221101780000", "addr": "\uacbd\uae30\ub3c4 \ub0a8\uc591\uc8fc\uc2dc \uc624\ub0a8\uc74d \uc591\uc9c0\ub9ac 178", "jibun": "178", "jimok": "\ub2f5", "area_reg": 1246.0, "area_geom": 1249.0, "incl_ratio": 1.0, "area_incl": 1246.0, "zone": "\uc81c1\uc885\uc77c\ubc18\uc8fc\uac70\uc9c0\uc5ed", "use": "\uc804", "owner": "\uc678\uad6d\uc778  \uc678\uad6d\uacf5\uacf5\uae30\uad00", "price": 235300.0, "price_year": "2025", "included": true, "free": false, "note": ""}, "geometry": {"type": "MultiPolygon", "coordinates": [[[[127.20270391610771, 37.70393829442558], [127.20269320031949, 37.70399714578793], [127.20284857440768, 37.70403359498615], [127.20284190476787, 37.703936473227074], [127.20300477062402, 37.70394220450768], [127.2030039283626, 37.70396618966211], [127.20320822340548, 37.70402815123376], [127.20320153704363, 37.70399199789411], [127.20323138035155, 37.703836061709104], [127.20320061206422, 37.703746855629944], [127.20312619716584, 37.70363667760222], [127.20307402344497, 37.7036996181813], [127.20303424115532, 37.703690307113845], [127.20297742124497, 37.703750246362745], [127.2028869625517, 37.70373287707634], [127.20275366073281, 37.7037903970601], [127.20272307342853, 37.70381408159217], [127.20271922994591, 37.703885660891885], [127.20270391610771, 37.70393829442558]]]]}}, {"id": "47", "type": "Feature", "properties": {"pnu": "4136026221101790000", "addr": "\uacbd\uae30\ub3c4 \ub0a8\uc591\uc8fc\uc2dc \uc624\ub0a8\uc74d \uc591\uc9c0\ub9ac 179", "jibun": "179", "jimok": "\uc804", "area_reg": 1798.0, "area_geom": 1793.7, "incl_ratio": 1.0, "area_incl": 1798.0, "zone": "\uc81c1\uc885\uc77c\ubc18\uc8fc\uac70\uc9c0\uc5ed", "use": "\ub2f5\uae30\ud0c0", "owner": "\uc678\uad6d\uc778  \uc678\uad6d\uacf5\uacf5\uae30\uad00", "price": 225800.0, "price_year": "2025", "included": true, "free": false, "note": ""}, "geometry": {"type": "MultiPolygon", "coordinates": [[[[127.20320061206422, 37.703746855629944], [127.20323138035155, 37.703836061709104], [127.20320153704363, 37.70399199789411], [127.20320822340548, 37.70402815123376], [127.2032695276682, 37.70407051790368], [127.20336717451262, 37.70409141538775], [127.2034626244641, 37.70404234753412], [127.20350365195894, 37.70409674066158], [127.20369908212979, 37.70403421207499], [127.20372849634255, 37.70401290785266], [127.20381782752416, 37.703969868656195], [127.20394369832567, 37.7039237664576], [127.20392834267096, 37.70381473988916], [127.20383017039613, 37.70371309018426], [127.20357520259908, 37.70383228366768], [127.20349482095101, 37.70383025004227], [127.20322541819844, 37.70374074970054], [127.20320061206422, 37.703746855629944]]]]}}, {"id": "48", "type": "Feature", "properties": {"pnu": "4136026221101800000", "addr": "\uacbd\uae30\ub3c4 \ub0a8\uc591\uc8fc\uc2dc \uc624\ub0a8\uc74d \uc591\uc9c0\ub9ac 180", "jibun": "180", "jimok": "\uc804", "area_reg": 324.0, "area_geom": 321.4, "incl_ratio": 1.0, "area_incl": 324.0, "zone": "\uc81c1\uc885\uc77c\ubc18\uc8fc\uac70\uc9c0\uc5ed", "use": "\uc804", "owner": "\uc678\uad6d\uc778  \uc678\uad6d\uacf5\uacf5\uae30\uad00", "price": 235300.0, "price_year": "2025", "included": true, "free": false, "note": ""}, "geometry": {"type": "MultiPolygon", "coordinates": [[[[127.20241017473268, 37.70395653522255], [127.20253494505263, 37.70399810940508], [127.20270391610771, 37.70393829442558], [127.20271922994591, 37.703885660891885], [127.20272307342853, 37.70381408159217], [127.202679563514, 37.703831121012456], [127.20264120275019, 37.70381912250888], [127.20260698009436, 37.70382777608776], [127.20256856521894, 37.70387551170117], [127.20243681455507, 37.70389871989493], [127.20241017473268, 37.70395653522255]]]]}}, {"id": "49", "type": "Feature", "properties": {"pnu": "4136026221101810000", "addr": "\uacbd\uae30\ub3c4 \ub0a8\uc591\uc8fc\uc2dc \uc624\ub0a8\uc74d \uc591\uc9c0\ub9ac 181", "jibun": "181", "jimok": "\uc804", "area_reg": 475.0, "area_geom": 474.1, "incl_ratio": 1.0, "area_incl": 475.0, "zone": "\uc81c1\uc885\uc77c\ubc18\uc8fc\uac70\uc9c0\uc5ed", "use": "\uc804", "owner": "\ubc95\uc778", "price": 266500.0, "price_year": "2025", "included": true, "free": false, "note": ""}, "geometry": {"type": "MultiPolygon", "coordinates": [[[[127.20160774911884, 37.70356801542885], [127.20196346996721, 37.70381433908933], [127.20192811589837, 37.703769215730595], [127.20197502252731, 37.70374598117648], [127.20206170370707, 37.70373344551359], [127.20213584729981, 37.703726670271024], [127.20222203615515, 37.7037081979615], [127.20227931122116, 37.70368646827163], [127.20225076598393, 37.703668479524595], [127.20203686305496, 37.703667834357944], [127.20188456990387, 37.70365073160319], [127.20177128894994, 37.703592775674736], [127.20169278893742, 37.703543959465584], [127.20160774911884, 37.70356801542885]]]]}}, {"id": "50", "type": "Feature", "properties": {"pnu": "4136026221101820000", "addr": "\uacbd\uae30\ub3c4 \ub0a8\uc591\uc8fc\uc2dc \uc624\ub0a8\uc74d \uc591\uc9c0\ub9ac 182", "jibun": "182", "jimok": "\ub2f5", "area_reg": 59.0, "area_geom": 61.8, "incl_ratio": 1.0, "area_incl": 59.0, "zone": "\uc81c2\uc885\uc77c\ubc18\uc8fc\uac70\uc9c0\uc5ed", "use": "\uc8fc\uac70\uae30\ud0c0", "owner": "\ubc95\uc778", "price": 364300.0, "price_year": "2025", "included": true, "free": false, "note": ""}, "geometry": {"type": "MultiPolygon", "coordinates": [[[[127.20044158506674, 37.70344500634672], [127.2005065978852, 37.70347559257642], [127.20050952823718, 37.70348159707568], [127.20058387126907, 37.7034137459784], [127.20053029674298, 37.70338610466656], [127.20044158506674, 37.70344500634672]]]]}}, {"id": "51", "type": "Feature", "properties": {"pnu": "4136026221101840000", "addr": "\uacbd\uae30\ub3c4 \ub0a8\uc591\uc8fc\uc2dc \uc624\ub0a8\uc74d \uc591\uc9c0\ub9ac 184", "jibun": "184", "jimok": "\ub2f5", "area_reg": 856.2, "area_geom": 856.2, "incl_ratio": 0.0377, "area_incl": 32.3, "zone": "\uc81c2\uc885\uc77c\ubc18\uc8fc\uac70\uc9c0\uc5ed", "use": null, "owner": null, "price": 494300.0, "price_year": "2025", "included": false, "free": false, "note": ""}, "geometry": {"type": "MultiPolygon", "coordinates": [[[[127.19981303619139, 37.70387023979558], [127.199841060146, 37.7038034220726], [127.1999562552988, 37.70369933788314], [127.19983993107094, 37.70367756801799], [127.19948533102382, 37.703696309299104], [127.19933175185011, 37.703698603206064], [127.1993031163231, 37.70370184966735], [127.19935583732384, 37.703749764704625], [127.19946325892901, 37.70382663505784], [127.19957103752081, 37.703884160970816], [127.19971455136856, 37.70388337026321], [127.19981303619139, 37.70387023979558]]]]}}, {"id": "52", "type": "Feature", "properties": {"pnu": "4136026221102130000", "addr": "\uacbd\uae30\ub3c4 \ub0a8\uc591\uc8fc\uc2dc \uc624\ub0a8\uc74d \uc591\uc9c0\ub9ac 213", "jibun": "213", "jimok": "\uc804", "area_reg": 296.0, "area_geom": 291.9, "incl_ratio": 1.0, "area_incl": 296.0, "zone": "\uc81c1\uc885\uc77c\ubc18\uc8fc\uac70\uc9c0\uc5ed", "use": "\uc8fc\uac70\ub098\uc9c0", "owner": "\uac1c\uc778", "price": 487700.0, "price_year": "2025", "included": true, "free": false, "note": ""}, "geometry": {"type": "MultiPolygon", "coordinates": [[[[127.19964539680109, 37.70770318495158], [127.19968301800392, 37.70768813867905], [127.19983943255689, 37.70754667640777], [127.19966707748824, 37.70755332696958], [127.19957595125328, 37.70749962935095], [127.19954306114487, 37.70751546950417], [127.1995262310199, 37.70752357942667], [127.19951808441442, 37.70758592189992], [127.19960952687332, 37.70763484391406], [127.19964539680109, 37.70770318495158]]]]}}, {"id": "53", "type": "Feature", "properties": {"pnu": "4136026221101870000", "addr": "\uacbd\uae30\ub3c4 \ub0a8\uc591\uc8fc\uc2dc \uc624\ub0a8\uc74d \uc591\uc9c0\ub9ac 187", "jibun": "187", "jimok": "\ub2f5", "area_reg": 893.0, "area_geom": 886.2, "incl_ratio": 1.0, "area_incl": 893.0, "zone": "\uc81c2\uc885\uc77c\ubc18\uc8fc\uac70\uc9c0\uc5ed", "use": "\uc804", "owner": "\ubc95\uc778", "price": 244700.0, "price_year": "2025", "included": true, "free": false, "note": ""}, "geometry": {"type": "MultiPolygon", "coordinates": [[[[127.20299688470479, 37.705201525078614], [127.20303284080437, 37.7051920755758], [127.2030251822754, 37.705119362701105], [127.20312012782799, 37.70510958711378], [127.2031163135542, 37.705078780602925], [127.20303709338513, 37.705024560739965], [127.20300822544353, 37.70495045156931], [127.20300762562164, 37.70487967271558], [127.2029838997516, 37.70484931466384], [127.20296611035322, 37.70475820334582], [127.20296000916305, 37.704745510149216], [127.20292239652628, 37.704737781039945], [127.20287837017766, 37.704677275278385], [127.20283487751182, 37.704646356309176], [127.20271966628906, 37.70451279553883], [127.2026660909953, 37.70449384952697], [127.20260128693798, 37.70457478570262], [127.20258468621817, 37.704608681318135], [127.20265940778592, 37.7046560257836], [127.20282712118036, 37.70477639694943], [127.20290165262428, 37.70486651944423], [127.20293926024891, 37.70501905180217], [127.20294425185605, 37.70509523795773], [127.20293419307954, 37.70517896387464], [127.20299688470479, 37.705201525078614]]]]}}, {"id": "54", "type": "Feature", "properties": {"pnu": "4136026221101890000", "addr": "\uacbd\uae30\ub3c4 \ub0a8\uc591\uc8fc\uc2dc \uc624\ub0a8\uc74d \uc591\uc9c0\ub9ac 189", "jibun": "189", "jimok": "\uc804", "area_reg": 208.0, "area_geom": 208.9, "incl_ratio": 1.0, "area_incl": 208.0, "zone": "\uc81c1\uc885\uc77c\ubc18\uc8fc\uac70\uc9c0\uc5ed", "use": "\uc804", "owner": "\ubc95\uc778", "price": 214800.0, "price_year": "2025", "included": true, "free": false, "note": ""}, "geometry": {"type": "MultiPolygon", "coordinates": [[[[127.20375731330913, 37.70519507886776], [127.20375383538149, 37.705183822759714], [127.20368862335165, 37.705039176399794], [127.20364505606693, 37.705018564909146], [127.20356332730952, 37.70498862171939], [127.2033965127721, 37.70494523760121], [127.20375731330913, 37.70519507886776]]]]}}, {"id": "55", "type": "Feature", "properties": {"pnu": "4136026221101910000", "addr": "\uacbd\uae30\ub3c4 \ub0a8\uc591\uc8fc\uc2dc \uc624\ub0a8\uc74d \uc591\uc9c0\ub9ac 191", "jibun": "191", "jimok": "\ub2f5", "area_reg": 3884.0, "area_geom": 3849.3, "incl_ratio": 1.0, "area_incl": 3884.0, "zone": "\uc790\uc5f0\ub179\uc9c0\uc9c0\uc5ed", "use": "\uc804", "owner": "\uac1c\uc778", "price": 258700.0, "price_year": "2025", "included": true, "free": false, "note": ""}, "geometry": {"type": "MultiPolygon", "coordinates": [[[[127.2058555649334, 37.705326210104126], [127.20561644206254, 37.70526946694822], [127.20545529493863, 37.705229950090384], [127.2052808319773, 37.70518523041993], [127.20522507156376, 37.705225987343425], [127.20502617619506, 37.705237034233996], [127.20490606883249, 37.70524735028764], [127.2048374781402, 37.70524078340397], [127.20481454473303, 37.70526423003428], [127.2046751950751, 37.705187915124704], [127.2046155733739, 37.70511864345861], [127.20457248180588, 37.70514366541046], [127.20442042505792, 37.7051355661806], [127.20426485955356, 37.70508825374515], [127.2040421972918, 37.705053967197344], [127.20402114272072, 37.70507199564289], [127.20391950075464, 37.705079558063794], [127.20378317484595, 37.70507642236127], [127.20378467453008, 37.705156749902066], [127.20380311588033, 37.7051994330585], [127.20388657354951, 37.70533129036494], [127.20385788309511, 37.705377063611365], [127.2038884116598, 37.705394237690065], [127.20412759811187, 37.70542051357838], [127.20424189887127, 37.70537238575658], [127.20442294961771, 37.70543353825305], [127.2045940317636, 37.70536545508918], [127.20461242490222, 37.70540690387685], [127.2047006653844, 37.70540007571338], [127.20475244432595, 37.70531306130776], [127.20483268255397, 37.70532011270019], [127.20483670006979, 37.70535033317523], [127.20490635917061, 37.70535360969133], [127.2049431688935, 37.70530802039676], [127.20504548671333, 37.70535678430739], [127.2052285783664, 37.70534716118296], [127.20528662094556, 37.7053198337147], [127.20535557397783, 37.705367573846246], [127.20544518245069, 37.70538824924581], [127.20557341155467, 37.70540354205554], [127.20567207951201, 37.7053906766696], [127.20575640562302, 37.705399666441984], [127.2058555649334, 37.705326210104126]]]]}}, {"id": "56", "type": "Feature", "properties": {"pnu": "4136026221101920000", "addr": "\uacbd\uae30\ub3c4 \ub0a8\uc591\uc8fc\uc2dc \uc624\ub0a8\uc74d \uc591\uc9c0\ub9ac 192", "jibun": "192", "jimok": "\ub2f5", "area_reg": 1418.0, "area_geom": 1413.2, "incl_ratio": 1.0, "area_incl": 1418.0, "zone": "\uc81c1\uc885\uc77c\ubc18\uc8fc\uac70\uc9c0\uc5ed", "use": "\ub2f5", "owner": "\uac1c\uc778", "price": 225800.0, "price_year": "2025", "included": true, "free": false, "note": ""}, "geometry": {"type": "MultiPolygon", "coordinates": [[[[127.20417142789105, 37.707141012350526], [127.20419034481358, 37.70715817927075], [127.20420617474859, 37.707199434301835], [127.20420599815887, 37.70724286114231], [127.20425247479444, 37.70724857445477], [127.20430064849302, 37.70724450034532], [127.20431176144706, 37.70714442000595], [127.20443242282823, 37.70708658668294], [127.20446736934771, 37.70708923844902], [127.20451003957155, 37.707092255314706], [127.20471350137188, 37.70699908742657], [127.20479499113235, 37.7069862163362], [127.20491081204104, 37.70698322362902], [127.20496328737188, 37.706988872256886], [127.20506073511741, 37.70696026962091], [127.20513181324128, 37.70698426575878], [127.20524478948676, 37.706936337475135], [127.20516896702024, 37.70690253808418], [127.20499960030293, 37.70687327879165], [127.20491058214476, 37.706899091864315], [127.20483805110374, 37.706891144294], [127.20465847261251, 37.70686809175135], [127.2045907482865, 37.70689281376855], [127.20446203155701, 37.70695325589938], [127.20441572676461, 37.7069481189913], [127.20433004777931, 37.706925985503965], [127.2042216796666, 37.7069422811004], [127.20417142789105, 37.707141012350526]]]]}}, {"id": "57", "type": "Feature", "properties": {"pnu": "4136026221101930000", "addr": "\uacbd\uae30\ub3c4 \ub0a8\uc591\uc8fc\uc2dc \uc624\ub0a8\uc74d \uc591\uc9c0\ub9ac 193", "jibun": "193", "jimok": "\uc804", "area_reg": 208.0, "area_geom": 207.6, "incl_ratio": 1.0, "area_incl": 208.0, "zone": "\uc81c2\uc885\uc77c\ubc18\uc8fc\uac70\uc9c0\uc5ed", "use": "\uc804", "owner": "\uac1c\uc778", "price": 228600.0, "price_year": "2025", "included": true, "free": false, "note": ""}, "geometry": {"type": "MultiPolygon", "coordinates": [[[[127.20189157808007, 37.70680613630259], [127.20189956031128, 37.706742478528945], [127.20183413490238, 37.7066862703271], [127.20173245585148, 37.70669359667547], [127.20169827533277, 37.7067479649114], [127.20166187410528, 37.706760910507846], [127.20165183630799, 37.70676448635841], [127.20164527039185, 37.70682355579675], [127.20172657170859, 37.706786874625266], [127.20189157808007, 37.70680613630259]]]]}}, {"id": "58", "type": "Feature", "properties": {"pnu": "4136026221101940000", "addr": "\uacbd\uae30\ub3c4 \ub0a8\uc591\uc8fc\uc2dc \uc624\ub0a8\uc74d \uc591\uc9c0\ub9ac 194", "jibun": "194", "jimok": "\uc804", "area_reg": 228.0, "area_geom": 237.3, "incl_ratio": 1.0, "area_incl": 228.0, "zone": "\uc81c1\uc885\uc77c\ubc18\uc8fc\uac70\uc9c0\uc5ed", "use": "\uc804", "owner": "\uac1c\uc778", "price": 235300.0, "price_year": "2025", "included": true, "free": false, "note": ""}, "geometry": {"type": "MultiPolygon", "coordinates": [[[[127.20155512974314, 37.70707349243891], [127.20162155315076, 37.707015781013304], [127.20170009238906, 37.70691760463801], [127.20167729436598, 37.70684857531596], [127.2016072374943, 37.70689185046145], [127.20153744816284, 37.70692921477708], [127.20151816711684, 37.70695776304088], [127.20146444070062, 37.70701819181583], [127.20155512974314, 37.70707349243891]]]]}}, {"id": "59", "type": "Feature", "properties": {"pnu": "4136026221101950000", "addr": "\uacbd\uae30\ub3c4 \ub0a8\uc591\uc8fc\uc2dc \uc624\ub0a8\uc74d \uc591\uc9c0\ub9ac 195", "jibun": "195", "jimok": "\ub300", "area_reg": 377.0, "area_geom": 373.0, "incl_ratio": 1.0, "area_incl": 377.0, "zone": "\uc81c1\uc885\uc77c\ubc18\uc8fc\uac70\uc9c0\uc5ed", "use": "\uc0c1\uc5c5\uc6a9", "owner": "\uac1c\uc778", "price": 660100.0, "price_year": "2025", "included": true, "free": false, "note": ""}, "geometry": {"type": "MultiPolygon", "coordinates": [[[[127.20057689205653, 37.70580769636236], [127.20048399660892, 37.70571519781827], [127.20036859294675, 37.70570815772317], [127.20030967050947, 37.70571254566569], [127.20026599885193, 37.70569511351352], [127.2002409870848, 37.70582841751408], [127.20045554790175, 37.705839534043456], [127.20049839777607, 37.705867661975034], [127.20054186737113, 37.70586884095924], [127.20057689205653, 37.70580769636236]]]]}}, {"id": "60", "type": "Feature", "properties": {"pnu": "4136026221101960000", "addr": "\uacbd\uae30\ub3c4 \ub0a8\uc591\uc8fc\uc2dc \uc624\ub0a8\uc74d \uc591\uc9c0\ub9ac 196", "jibun": "196", "jimok": "\uacf5\uc7a5\uc6a9\uc9c0", "area_reg": 344.0, "area_geom": 344.8, "incl_ratio": 0.1802, "area_incl": 62.0, "zone": "\uc81c1\uc885\uc77c\ubc18\uc8fc\uac70\uc9c0\uc5ed", "use": "\uacf5\uc5c5\uc6a9", "owner": "\uac1c\uc778", "price": 549700.0, "price_year": "2025", "included": true, "free": false, "note": ""}, "geometry": {"type": "MultiPolygon", "coordinates": [[[[127.19958929570646, 37.705913177628894], [127.19953165062581, 37.7058223309554], [127.19948244480726, 37.70578771737891], [127.19947784293429, 37.70576721912305], [127.19941352992578, 37.70571893619735], [127.19931927409328, 37.705826579557], [127.1993288584146, 37.70583159086902], [127.1993981995157, 37.70591139019479], [127.19950359502438, 37.70597143383899], [127.19956811571434, 37.70594423345374], [127.19958929570646, 37.705913177628894]]]]}}, {"id": "61", "type": "Feature", "properties": {"pnu": "4136026221101970000", "addr": "\uacbd\uae30\ub3c4 \ub0a8\uc591\uc8fc\uc2dc \uc624\ub0a8\uc74d \uc591\uc9c0\ub9ac 197", "jibun": "197", "jimok": "\uacf5\uc7a5\uc6a9\uc9c0", "area_reg": 770.0, "area_geom": 767.4, "incl_ratio": 0.6269, "area_incl": 482.7, "zone": "\uc81c1\uc885\uc77c\ubc18\uc8fc\uac70\uc9c0\uc5ed", "use": "\uacf5\uc5c5\uc6a9", "owner": "\uac1c\uc778", "price": 549700.0, "price_year": "2025", "included": true, "free": false, "note": ""}, "geometry": {"type": "MultiPolygon", "coordinates": [[[[127.19926656357798, 37.706274042501974], [127.19929173519539, 37.706311156113536], [127.19927526759209, 37.70640013607461], [127.1993888172726, 37.70634500470626], [127.19946622579224, 37.70625575126293], [127.19955057491141, 37.70620936307072], [127.1995676033357, 37.706229011563885], [127.19974791571612, 37.70607743644628], [127.19974712955549, 37.70606327458646], [127.19977725342446, 37.7060181666471], [127.1997229461681, 37.70596720922086], [127.19967465300745, 37.70593897302917], [127.19926656357798, 37.706274042501974]]]]}}, {"id": "62", "type": "Feature", "properties": {"pnu": "4136026221101980000", "addr": "\uacbd\uae30\ub3c4 \ub0a8\uc591\uc8fc\uc2dc \uc624\ub0a8\uc74d \uc591\uc9c0\ub9ac 198", "jibun": "198", "jimok": "\uc804", "area_reg": 52.0, "area_geom": 41.4, "incl_ratio": 1.0, "area_incl": 52.0, "zone": "\uc81c1\uc885\uc77c\ubc18\uc8fc\uac70\uc9c0\uc5ed", "use": "\uc8fc\uac70\ub098\uc9c0", "owner": "\uac1c\uc778", "price": 302100.0, "price_year": "2025", "included": true, "free": false, "note": ""}, "geometry": {"type": "MultiPolygon", "coordinates": [[[[127.20003787550226, 37.70627490884603], [127.20003842779661, 37.706260888889936], [127.19991398710152, 37.70610137511743], [127.19992089663418, 37.706132437800235], [127.19998591625081, 37.70624557977729], [127.20003787550226, 37.70627490884603]]]]}}, {"id": "63", "type": "Feature", "properties": {"pnu": "4136026221102000000", "addr": "\uacbd\uae30\ub3c4 \ub0a8\uc591\uc8fc\uc2dc \uc624\ub0a8\uc74d \uc591\uc9c0\ub9ac 200", "jibun": "200", "jimok": "\ub300", "area_reg": 223.0, "area_geom": 221.4, "incl_ratio": 1.0, "area_incl": 223.0, "zone": "\uc81c1\uc885\uc77c\ubc18\uc8fc\uac70\uc9c0\uc5ed", "use": "\ub2e4\uc138\ub300", "owner": "\uac1c\uc778", "price": 544500.0, "price_year": "2025", "included": true, "free": false, "note": ""}, "geometry": {"type": "MultiPolygon", "coordinates": [[[[127.20004329572726, 37.706602166492694], [127.2002126971006, 37.70654340850604], [127.200162614117, 37.706456612765095], [127.20001529797267, 37.70650478319856], [127.19998554102985, 37.70667901697422], [127.20000869589535, 37.70667834732515], [127.20002540618647, 37.70671043862131], [127.20004329572726, 37.706602166492694]]]]}}, {"id": "64", "type": "Feature", "properties": {"pnu": "4136026221102020000", "addr": "\uacbd\uae30\ub3c4 \ub0a8\uc591\uc8fc\uc2dc \uc624\ub0a8\uc74d \uc591\uc9c0\ub9ac 202", "jibun": "202", "jimok": "\ub2f5", "area_reg": 242.0, "area_geom": 249.4, "incl_ratio": 0.3493, "area_incl": 84.5, "zone": "\uc81c1\uc885\uc77c\ubc18\uc8fc\uac70\uc9c0\uc5ed", "use": "\uc8fc\uac70\ub098\uc9c0", "owner": "\uac1c\uc778", "price": 478300.0, "price_year": "2025", "included": true, "free": false, "note": ""}, "geometry": {"type": "MultiPolygon", "coordinates": [[[[127.19925418180956, 37.70664604496612], [127.19937788020661, 37.70668434474944], [127.19947796254124, 37.706660724643115], [127.19943375900611, 37.706511634966695], [127.1993328039951, 37.70653111205774], [127.19931410801841, 37.70653686455104], [127.19930793594182, 37.70655279496703], [127.19925418180956, 37.70664604496612]]]]}}, {"id": "65", "type": "Feature", "properties": {"pnu": "4136026221102070000", "addr": "\uacbd\uae30\ub3c4 \ub0a8\uc591\uc8fc\uc2dc \uc624\ub0a8\uc74d \uc591\uc9c0\ub9ac 207", "jibun": "207", "jimok": "\ub300", "area_reg": 583.0, "area_geom": 580.4, "incl_ratio": 1.0, "area_incl": 583.0, "zone": "\uc81c1\uc885\uc77c\ubc18\uc8fc\uac70\uc9c0\uc5ed", "use": "\uc5f0\ub9bd", "owner": "\uac1c\uc778", "price": 544500.0, "price_year": "2025", "included": true, "free": false, "note": ""}, "geometry": {"type": "MultiPolygon", "coordinates": [[[[127.20056805018281, 37.70704297125924], [127.20074774078272, 37.70706161511091], [127.20086117610452, 37.70701886179125], [127.20100760393669, 37.706926796764314], [127.2008588045712, 37.70690823623639], [127.20068726081855, 37.706891173502385], [127.20063423829231, 37.70686735141889], [127.20062768343199, 37.70683759458342], [127.20057663280117, 37.70682598623783], [127.20049028246376, 37.70684494413329], [127.20048210019107, 37.70687664489952], [127.20057816428539, 37.70690252068044], [127.20058946505885, 37.70696833515897], [127.20056805018281, 37.70704297125924]]]]}}, {"id": "66", "type": "Feature", "properties": {"pnu": "4136026221102080000", "addr": "\uacbd\uae30\ub3c4 \ub0a8\uc591\uc8fc\uc2dc \uc624\ub0a8\uc74d \uc591\uc9c0\ub9ac 208", "jibun": "208", "jimok": "\ub2f5", "area_reg": 1322.0, "area_geom": 1346.2, "incl_ratio": 1.0, "area_incl": 1322.0, "zone": "\uc81c1\uc885\uc77c\ubc18\uc8fc\uac70\uc9c0\uc5ed", "use": "\uc8fc\uac70\ub098\uc9c0", "owner": "\uac1c\uc778", "price": 429600.0, "price_year": "2025", "included": true, "free": false, "note": ""}, "geometry": {"type": "MultiPolygon", "coordinates": [[[[127.2006523318011, 37.70750535764013], [127.20069957590866, 37.70711139373732], [127.20049685870636, 37.707090581304115], [127.20039608006934, 37.707091372980685], [127.20035757050346, 37.707406217264726], [127.20018987350115, 37.70744142134285], [127.20045308413383, 37.707539876576384], [127.2006523318011, 37.70750535764013]]]]}}, {"id": "67", "type": "Feature", "properties": {"pnu": "4136026221102090000", "addr": "\uacbd\uae30\ub3c4 \ub0a8\uc591\uc8fc\uc2dc \uc624\ub0a8\uc74d \uc591\uc9c0\ub9ac 209", "jibun": "209", "jimok": "\ub2f5", "area_reg": 321.0, "area_geom": 311.1, "incl_ratio": 1.0, "area_incl": 321.0, "zone": "\uc81c1\uc885\uc77c\ubc18\uc8fc\uac70\uc9c0\uc5ed", "use": "\uc8fc\uac70\ub098\uc9c0", "owner": "\uac1c\uc778", "price": 493700.0, "price_year": "2025", "included": true, "free": false, "note": ""}, "geometry": {"type": "MultiPolygon", "coordinates": [[[[127.19986211459882, 37.707193991338706], [127.19996060614064, 37.70719876292476], [127.20006407914035, 37.70722594206419], [127.20013590953621, 37.70706913417824], [127.2000265220605, 37.70706931837251], [127.19993108498473, 37.70704894598763], [127.19989119763845, 37.707090097125615], [127.19987623516896, 37.707143657669754], [127.19986211459882, 37.707193991338706]]]]}}, {"id": "68", "type": "Feature", "properties": {"pnu": "4136026221102110000", "addr": "\uacbd\uae30\ub3c4 \ub0a8\uc591\uc8fc\uc2dc \uc624\ub0a8\uc74d \uc591\uc9c0\ub9ac 211", "jibun": "211", "jimok": "\ub300", "area_reg": 582.0, "area_geom": 587.0, "incl_ratio": 1.0, "area_incl": 582.0, "zone": "\uc81c1\uc885\uc77c\ubc18\uc8fc\uac70\uc9c0\uc5ed", "use": "\uc8fc\uac70\ub098\uc9c0", "owner": "\uac1c\uc778", "price": 533800.0, "price_year": "2025", "included": true, "free": false, "note": ""}, "geometry": {"type": "MultiPolygon", "coordinates": [[[[127.199632166559, 37.70738938287366], [127.19968543521634, 37.70733951502083], [127.19976388284782, 37.70722288831664], [127.19964369854267, 37.70713335413652], [127.19960120050143, 37.707109748157066], [127.19945376747702, 37.70707620951349], [127.19950931977716, 37.70720703556071], [127.19947534940647, 37.70732832651789], [127.19950892925074, 37.70736717383354], [127.19955929911428, 37.70740414596319], [127.199632166559, 37.70738938287366]]]]}}, {"id": "69", "type": "Feature", "properties": {"pnu": "4136026221102120000", "addr": "\uacbd\uae30\ub3c4 \ub0a8\uc591\uc8fc\uc2dc \uc624\ub0a8\uc74d \uc591\uc9c0\ub9ac 212", "jibun": "212", "jimok": "\uacf5\uc7a5\uc6a9\uc9c0", "area_reg": 898.0, "area_geom": 899.8, "incl_ratio": 1.0, "area_incl": 898.0, "zone": "\uc81c1\uc885\uc77c\ubc18\uc8fc\uac70\uc9c0\uc5ed", "use": "\uacf5\uc5c5\uc6a9", "owner": "\uac1c\uc778", "price": 566800.0, "price_year": "2025", "included": true, "free": false, "note": ""}, "geometry": {"type": "MultiPolygon", "coordinates": [[[[127.19983943255689, 37.70754667640777], [127.19986920848471, 37.70751974151527], [127.20004152004297, 37.707275722353394], [127.20003394398019, 37.707271185231704], [127.19976388284782, 37.70722288831664], [127.19968543521634, 37.70733951502083], [127.199632166559, 37.70738938287366], [127.19957595125328, 37.70749962935095], [127.19966707748824, 37.70755332696958], [127.19983943255689, 37.70754667640777]]]]}}, {"id": "70", "type": "Feature", "properties": {"pnu": "4136026221102140000", "addr": "\uacbd\uae30\ub3c4 \ub0a8\uc591\uc8fc\uc2dc \uc624\ub0a8\uc74d \uc591\uc9c0\ub9ac 214", "jibun": "214", "jimok": "\uc804", "area_reg": 136.0, "area_geom": 140.6, "incl_ratio": 0.7481, "area_incl": 101.7, "zone": "\uc81c1\uc885\uc77c\ubc18\uc8fc\uac70\uc9c0\uc5ed", "use": "\uc8fc\uac70\ub098\uc9c0", "owner": "\uac1c\uc778", "price": 391500.0, "price_year": "2025", "included": true, "free": false, "note": ""}, "geometry": {"type": "MultiPolygon", "coordinates": [[[[127.19913973544185, 37.70777314653358], [127.19911845128071, 37.707773776838955], [127.19913581160839, 37.70782010242053], [127.19917907286425, 37.70782354367798], [127.1992429024107, 37.7078130034875], [127.19939818576168, 37.70778736281319], [127.19941719553987, 37.707784357725515], [127.19953024607675, 37.707749724034166], [127.19947303499272, 37.7077458198028], [127.19941567443539, 37.707749673107344], [127.19928667660238, 37.7077662150201], [127.19926028527115, 37.70776960186111], [127.19913973544185, 37.70777314653358]]]]}}, {"id": "71", "type": "Feature", "properties": {"pnu": "4136026221102150000", "addr": "\uacbd\uae30\ub3c4 \ub0a8\uc591\uc8fc\uc2dc \uc624\ub0a8\uc74d \uc591\uc9c0\ub9ac 215", "jibun": "215", "jimok": "\ub300", "area_reg": 271.0, "area_geom": 275.6, "incl_ratio": 1.0, "area_incl": 271.0, "zone": "\uc81c1\uc885\uc77c\ubc18\uc8fc\uac70\uc9c0\uc5ed", "use": "\ub2e8\ub3c5", "owner": "\uac1c\uc778", "price": 549800.0, "price_year": "2025", "included": true, "free": false, "note": ""}, "geometry": {"type": "MultiPolygon", "coordinates": [[[[127.19986566242275, 37.7078955221632], [127.19988031632168, 37.70773463012982], [127.19973519160708, 37.707733747958976], [127.1996649237951, 37.70777094078377], [127.19966362990073, 37.70781738772801], [127.1997046837822, 37.70786916929882], [127.19986566242275, 37.7078955221632]]]]}}, {"id": "72", "type": "Feature", "properties": {"pnu": "4136026221102160000", "addr": "\uacbd\uae30\ub3c4 \ub0a8\uc591\uc8fc\uc2dc \uc624\ub0a8\uc74d \uc591\uc9c0\ub9ac 216", "jibun": "216", "jimok": "\ub300", "area_reg": 1541.0, "area_geom": 1531.8, "incl_ratio": 1.0, "area_incl": 1541.0, "zone": "\uc81c1\uc885\uc77c\ubc18\uc8fc\uac70\uc9c0\uc5ed", "use": "\ub2e8\ub3c5", "owner": "\uac1c\uc778", "price": 533800.0, "price_year": "2025", "included": true, "free": false, "note": ""}, "geometry": {"type": "MultiPolygon", "coordinates": [[[[127.20074860631233, 37.70780864019307], [127.20067611820647, 37.70780842928514], [127.20060063741337, 37.70776625641412], [127.20055242971281, 37.707749336574274], [127.20047086309341, 37.70774252777669], [127.20031351577236, 37.70776798414009], [127.20023238238089, 37.707757786816984], [127.20013361009295, 37.70775858389879], [127.20005368621844, 37.70772990561357], [127.19988031632168, 37.70773463012982], [127.19986566242275, 37.7078955221632], [127.19997014816336, 37.70793640336175], [127.20012710323103, 37.70795501433719], [127.20020629070235, 37.70794562802232], [127.200334974012, 37.70799809958661], [127.20042080048334, 37.70798204379941], [127.2005227313885, 37.70793248089688], [127.20067159088946, 37.707871063039825], [127.20074860631233, 37.70780864019307]]]]}}, {"id": "73", "type": "Feature", "properties": {"pnu": "4136026221102170000", "addr": "\uacbd\uae30\ub3c4 \ub0a8\uc591\uc8fc\uc2dc \uc624\ub0a8\uc74d \uc591\uc9c0\ub9ac 217", "jibun": "217", "jimok": "\uc804", "area_reg": 155.0, "area_geom": 158.6, "incl_ratio": 1.0, "area_incl": 155.0, "zone": "\uc81c1\uc885\uc77c\ubc18\uc8fc\uac70\uc9c0\uc5ed", "use": "\uc8fc\uac70\ub098\uc9c0", "owner": "\uac1c\uc778", "price": 473900.0, "price_year": "2025", "included": true, "free": false, "note": ""}, "geometry": {"type": "MultiPolygon", "coordinates": [[[[127.20004101499542, 37.70771137606756], [127.20013848520307, 37.7077368714292], [127.20020121333773, 37.70773013464953], [127.20018866456024, 37.70760454318451], [127.20005269178841, 37.70763344091353], [127.20004101499542, 37.70771137606756]]]]}}, {"id": "74", "type": "Feature", "properties": {"pnu": "4136026221102180000", "addr": "\uacbd\uae30\ub3c4 \ub0a8\uc591\uc8fc\uc2dc \uc624\ub0a8\uc74d \uc591\uc9c0\ub9ac 218", "jibun": "218", "jimok": "\uc804", "area_reg": 185.0, "area_geom": 182.7, "incl_ratio": 1.0, "area_incl": 185.0, "zone": "\uc81c1\uc885\uc77c\ubc18\uc8fc\uac70\uc9c0\uc5ed", "use": "\uacf5\uc5c5\uc6a9", "owner": "\uac1c\uc778", "price": 549700.0, "price_year": "2025", "included": true, "free": false, "note": ""}, "geometry": {"type": "MultiPolygon", "coordinates": [[[[127.20115007561557, 37.70784175642481], [127.20125476910951, 37.707862625690595], [127.20122290400876, 37.707846210012235], [127.20118518586933, 37.70783348918462], [127.20113085048423, 37.70781518346072], [127.20095151377706, 37.70771771413086], [127.20089792981904, 37.70770469569555], [127.2007663204553, 37.70775375948585], [127.20074619745643, 37.70776028043709], [127.20091657291066, 37.70778073268619], [127.20102622476712, 37.707802638890705], [127.20115007561557, 37.70784175642481]]]]}}, {"id": "75", "type": "Feature", "properties": {"pnu": "4136026221102190000", "addr": "\uacbd\uae30\ub3c4 \ub0a8\uc591\uc8fc\uc2dc \uc624\ub0a8\uc74d \uc591\uc9c0\ub9ac 219", "jibun": "219", "jimok": "\ub300", "area_reg": 192.0, "area_geom": 198.8, "incl_ratio": 1.0, "area_incl": 192.0, "zone": "\uc81c1\uc885\uc77c\ubc18\uc8fc\uac70\uc9c0\uc5ed", "use": "\ub2e8\ub3c5", "owner": "\uac1c\uc778", "price": 549800.0, "price_year": "2025", "included": true, "free": false, "note": ""}, "geometry": {"type": "MultiPolygon", "coordinates": [[[[127.2011423372994, 37.707852878428994], [127.20100732607193, 37.707808986631605], [127.20091230175667, 37.70779498417236], [127.20097125874858, 37.70792561455138], [127.2010746803479, 37.707950026922155], [127.2011423372994, 37.707852878428994]]]]}}, {"id": "76", "type": "Feature", "properties": {"pnu": "4136026221102200000", "addr": "\uacbd\uae30\ub3c4 \ub0a8\uc591\uc8fc\uc2dc \uc624\ub0a8\uc74d \uc591\uc9c0\ub9ac 220", "jibun": "220", "jimok": "\ub300", "area_reg": 436.0, "area_geom": 430.1, "incl_ratio": 1.0, "area_incl": 436.0, "zone": "\uc81c1\uc885\uc77c\ubc18\uc8fc\uac70\uc9c0\uc5ed", "use": "\ub2e8\ub3c5", "owner": "\uac1c\uc778", "price": 554800.0, "price_year": "2025", "included": true, "free": false, "note": ""}, "geometry": {"type": "MultiPolygon", "coordinates": [[[[127.20143569294333, 37.70796806540922], [127.2014104614042, 37.707934583259906], [127.20139839764471, 37.70791858454395], [127.20132249201485, 37.70789577460368], [127.20125476910951, 37.707862625690595], [127.20115007561557, 37.70784175642481], [127.2011423372994, 37.707852878428994], [127.2010746803479, 37.707950026922155], [127.20114226511454, 37.70802469265851], [127.20126430912238, 37.70804113583003], [127.20133622308909, 37.7079879200999], [127.20141964385137, 37.70799670727897], [127.20143569294333, 37.70796806540922]]]]}}, {"id": "77", "type": "Feature", "properties": {"pnu": "4136026221102210000", "addr": "\uacbd\uae30\ub3c4 \ub0a8\uc591\uc8fc\uc2dc \uc624\ub0a8\uc74d \uc591\uc9c0\ub9ac 221", "jibun": "221", "jimok": "\ub300", "area_reg": 356.0, "area_geom": 356.1, "incl_ratio": 1.0, "area_incl": 356.0, "zone": "\uc81c1\uc885\uc77c\ubc18\uc8fc\uac70\uc9c0\uc5ed", "use": "\uacf5\uc5c5\uae30\ud0c0", "owner": "\uac1c\uc778", "price": 566800.0, "price_year": "2025", "included": true, "free": false, "note": ""}, "geometry": {"type": "MultiPolygon", "coordinates": [[[[127.20166487814994, 37.70813111175718], [127.20172125521519, 37.708094626061744], [127.2016981459415, 37.708070240122275], [127.20168016055018, 37.70805776525307], [127.20160706994014, 37.70802757181174], [127.2015761487101, 37.70802062377435], [127.20154823503844, 37.70801877009131], [127.20143569294333, 37.70796806540922], [127.20141964385137, 37.70799670727897], [127.20133622308909, 37.7079879200999], [127.20126430912238, 37.70804113583003], [127.2013065339916, 37.70805129926411], [127.20148297085814, 37.70810309401898], [127.20166487814994, 37.70813111175718]]]]}}, {"id": "78", "type": "Feature", "properties": {"pnu": "4136026221102240000", "addr": "\uacbd\uae30\ub3c4 \ub0a8\uc591\uc8fc\uc2dc \uc624\ub0a8\uc74d \uc591\uc9c0\ub9ac 224", "jibun": "224", "jimok": "\ub2f5", "area_reg": 380.0, "area_geom": 384.0, "incl_ratio": 1.0, "area_incl": 380.0, "zone": "\uc81c1\uc885\uc77c\ubc18\uc8fc\uac70\uc9c0\uc5ed", "use": "\uc804", "owner": "\uac1c\uc778", "price": 247000.0, "price_year": "2025", "included": true, "free": false, "note": ""}, "geometry": {"type": "MultiPolygon", "coordinates": [[[[127.20306451220753, 37.708194507310765], [127.20293099838602, 37.708113720629086], [127.2028824459417, 37.70816666318773], [127.20280984299804, 37.70821217778043], [127.20270885312463, 37.708353531400725], [127.20286023501599, 37.70837809461498], [127.202972079976, 37.70822930737665], [127.20306451220753, 37.708194507310765]]]]}}, {"id": "79", "type": "Feature", "properties": {"pnu": "4136026221102250000", "addr": "\uacbd\uae30\ub3c4 \ub0a8\uc591\uc8fc\uc2dc \uc624\ub0a8\uc74d \uc591\uc9c0\ub9ac 225", "jibun": "225", "jimok": "\ub300", "area_reg": 115.0, "area_geom": 115.5, "incl_ratio": 1.0, "area_incl": 115.0, "zone": "\uc81c1\uc885\uc77c\ubc18\uc8fc\uac70\uc9c0\uc5ed", "use": "\uc8fc\uac70\ub098\uc9c0", "owner": "\uac1c\uc778", "price": 446000.0, "price_year": "2025", "included": true, "free": false, "note": ""}, "geometry": {"type": "MultiPolygon", "coordinates": [[[[127.20334226989782, 37.70833140243061], [127.20334389790355, 37.70823754608415], [127.20321951721876, 37.7082337405977], [127.20321554203707, 37.70832776313119], [127.20334226989782, 37.70833140243061]]]]}}, {"id": "80", "type": "Feature", "properties": {"pnu": "4136026221102260000", "addr": "\uacbd\uae30\ub3c4 \ub0a8\uc591\uc8fc\uc2dc \uc624\ub0a8\uc74d \uc591\uc9c0\ub9ac 226", "jibun": "226", "jimok": "\uc804", "area_reg": 797.0, "area_geom": 794.3, "incl_ratio": 1.0, "area_incl": 797.0, "zone": "\uc81c1\uc885\uc77c\ubc18\uc8fc\uac70\uc9c0\uc5ed", "use": "\uc804", "owner": "\uac1c\uc778", "price": 291700.0, "price_year": "2025", "included": true, "free": false, "note": ""}, "geometry": {"type": "MultiPolygon", "coordinates": [[[[127.20349138161058, 37.708472148198446], [127.2036764481762, 37.70851034733608], [127.20392268049403, 37.70860929240535], [127.2040419402328, 37.708643846879795], [127.20415219819748, 37.708658478340936], [127.20429436545577, 37.70861378032562], [127.2041778742158, 37.708558949629314], [127.20404766963065, 37.708532225459514], [127.20393333049523, 37.70843880247994], [127.20370587529035, 37.70844722030175], [127.20362197786095, 37.70841352386751], [127.2034384031033, 37.708419316225864], [127.20349138161058, 37.708472148198446]]]]}}, {"id": "81", "type": "Feature", "properties": {"pnu": "4136026221102270000", "addr": "\uacbd\uae30\ub3c4 \ub0a8\uc591\uc8fc\uc2dc \uc624\ub0a8\uc74d \uc591\uc9c0\ub9ac 227", "jibun": "227", "jimok": "\ub2f5", "area_reg": 3322.0, "area_geom": 3334.9, "incl_ratio": 1.0, "area_incl": 3322.0, "zone": "\uc81c1\uc885\uc77c\ubc18\uc8fc\uac70\uc9c0\uc5ed", "use": "\uc804\uae30\ud0c0", "owner": "\uac1c\uc778", "price": 291700.0, "price_year": "2025", "included": true, "free": false, "note": ""}, "geometry": {"type": "MultiPolygon", "coordinates": [[[[127.20429436545577, 37.70861378032562], [127.2043861108965, 37.708651589199114], [127.20447270393689, 37.70867548695559], [127.2046314512058, 37.70873482148483], [127.20491167652139, 37.708722995315775], [127.20486096486279, 37.70862448113683], [127.20476392034236, 37.708598078977225], [127.2046733558486, 37.70853595130983], [127.2045148501307, 37.70839040304857], [127.20437163727517, 37.70829675089512], [127.20423261525013, 37.708276033515496], [127.20419310209896, 37.70822908005468], [127.2040564625562, 37.70821699862961], [127.20393886692953, 37.70829787298984], [127.20386210912523, 37.70831242918256], [127.20374543465101, 37.70827751871349], [127.20337943506266, 37.70820272601153], [127.20336209637325, 37.70833683735464], [127.20340568805243, 37.70839501914852], [127.2034384031033, 37.708419316225864], [127.20362197786095, 37.70841352386751], [127.20370587529035, 37.70844722030175], [127.20393333049523, 37.70843880247994], [127.20404766963065, 37.708532225459514], [127.2041778742158, 37.708558949629314], [127.20429436545577, 37.70861378032562]]]]}}, {"id": "82", "type": "Feature", "properties": {"pnu": "4136026221102290000", "addr": "\uacbd\uae30\ub3c4 \ub0a8\uc591\uc8fc\uc2dc \uc624\ub0a8\uc74d \uc591\uc9c0\ub9ac 229", "jibun": "229", "jimok": "\uacf5\uc7a5\uc6a9\uc9c0", "area_reg": 487.0, "area_geom": 480.0, "incl_ratio": 1.0, "area_incl": 487.0, "zone": "\uc81c1\uc885\uc77c\ubc18\uc8fc\uac70\uc9c0\uc5ed", "use": "\uacf5\uc5c5\uc6a9", "owner": "\uac1c\uc778", "price": 442100.0, "price_year": "2025", "included": true, "free": false, "note": ""}, "geometry": {"type": "MultiPolygon", "coordinates": [[[[127.20192811382704, 37.70751282762139], [127.20233577492648, 37.707575760262415], [127.20233980568253, 37.707527155320406], [127.20224218760109, 37.70745120796259], [127.20223444284511, 37.707417813345046], [127.20195032428275, 37.70738455545309], [127.20192811382704, 37.70751282762139]]]]}}, {"id": "83", "type": "Feature", "properties": {"pnu": "4136026221102310000", "addr": "\uacbd\uae30\ub3c4 \ub0a8\uc591\uc8fc\uc2dc \uc624\ub0a8\uc74d \uc591\uc9c0\ub9ac 231", "jibun": "231", "jimok": "\uc804", "area_reg": 5534.0, "area_geom": 5513.7, "incl_ratio": 1.0, "area_incl": 5534.0, "zone": "\uc81c1\uc885\uc77c\ubc18\uc8fc\uac70\uc9c0\uc5ed", "use": "\uc804", "owner": "\uac1c\uc778", "price": 235300.0, "price_year": "2025", "included": true, "free": false, "note": ""}, "geometry": {"type": "MultiPolygon", "coordinates": [[[[127.20212421121887, 37.70717650612628], [127.2022837953475, 37.70716538690922], [127.20240893745569, 37.707120053428135], [127.20266482280833, 37.707104742280436], [127.20292134422138, 37.70711917937303], [127.2030026675948, 37.70730441410296], [127.20309318648566, 37.707342397272704], [127.20336856949197, 37.707315681081894], [127.20341589692475, 37.70729223802428], [127.20353857978346, 37.7072184190272], [127.20374730974014, 37.707118639703666], [127.2037703302736, 37.70711023025242], [127.20390624425794, 37.70706059712081], [127.2039348097099, 37.70704786249561], [127.20400117899105, 37.706958435837414], [127.20396858347438, 37.70696123974795], [127.2037729511868, 37.706985514108496], [127.20366598004509, 37.706969263922886], [127.20353240374719, 37.70697770062904], [127.20322039563956, 37.70697187391196], [127.20301939902741, 37.70693326880246], [127.20280007123455, 37.7069429143182], [127.20264001769203, 37.70698994752147], [127.20255245848115, 37.70702725264658], [127.20246509077934, 37.707022112893256], [127.20243200007893, 37.70696753472664], [127.20219848864637, 37.706915261906126], [127.20189157808007, 37.70680613630259], [127.20172657170859, 37.706786874625266], [127.20164527039185, 37.70682355579675], [127.20167729436598, 37.70684857531596], [127.20170009238906, 37.70691760463801], [127.20162155315076, 37.707015781013304], [127.20155512974314, 37.70707349243891], [127.20164145696509, 37.707130295996926], [127.2019340450068, 37.70715912551037], [127.20212421121887, 37.70717650612628]]]]}}, {"id": "84", "type": "Feature", "properties": {"pnu": "4136026221102330000", "addr": "\uacbd\uae30\ub3c4 \ub0a8\uc591\uc8fc\uc2dc \uc624\ub0a8\uc74d \uc591\uc9c0\ub9ac 233", "jibun": "233", "jimok": "\uc804", "area_reg": 1525.0, "area_geom": 1505.6, "incl_ratio": 1.0, "area_incl": 1525.0, "zone": "\uc81c1\uc885\uc77c\ubc18\uc8fc\uac70\uc9c0\uc5ed", "use": "\uc804", "owner": "\uac1c\uc778", "price": 235300.0, "price_year": "2025", "included": true, "free": false, "note": ""}, "geometry": {"type": "MultiPolygon", "coordinates": [[[[127.20508105888022, 37.70814277869954], [127.20516162277569, 37.70803562293126], [127.20507712693787, 37.7080319847682], [127.20472562246927, 37.70789155390987], [127.2046542599605, 37.70792567929872], [127.2046025756978, 37.70790678498139], [127.20455652407445, 37.70791984719489], [127.2044283481798, 37.70789230907951], [127.20440251275221, 37.70793731170576], [127.20435338642046, 37.70797898478087], [127.20422159663408, 37.70800694311503], [127.20426385679687, 37.70805073846634], [127.20431185071308, 37.708126165844966], [127.20434545015455, 37.70820443798456], [127.20447014880067, 37.70819176308004], [127.20456556679501, 37.70809606946073], [127.20460528084807, 37.70808359477683], [127.2047443910746, 37.708103482677984], [127.2048749158332, 37.70808985129072], [127.20500817061473, 37.70813735455659], [127.20508105888022, 37.70814277869954]]]]}}, {"id": "85", "type": "Feature", "properties": {"pnu": "4136026221102340000", "addr": "\uacbd\uae30\ub3c4 \ub0a8\uc591\uc8fc\uc2dc \uc624\ub0a8\uc74d \uc591\uc9c0\ub9ac 234", "jibun": "234", "jimok": "\ub300", "area_reg": 13266.0, "area_geom": 13280.6, "incl_ratio": 1.0, "area_incl": 13266.0, "zone": "\uc81c2\uc885\uc77c\ubc18\uc8fc\uac70\uc9c0\uc5ed", "use": "\uc544\ud30c\ud2b8", "owner": "\uac1c\uc778", "price": 1062000.0, "price_year": "2025", "included": true, "free": false, "note": ""}, "geometry": {"type": "MultiPolygon", "coordinates": [[[[127.2020359633684, 37.709441908375936], [127.20222747926094, 37.70942773471608], [127.20237260336289, 37.709170820643095], [127.20245469308577, 37.709030499607834], [127.20252774205173, 37.708902014588325], [127.20258137734297, 37.70880767317027], [127.20238381688428, 37.708732959456675], [127.20210757869054, 37.7086253769147], [127.20172796479069, 37.708481020696816], [127.20131420952204, 37.708430799906445], [127.20071233505739, 37.70820939683192], [127.20057054694236, 37.70851935211672], [127.20051568586624, 37.708635398950896], [127.20048610732249, 37.70870655304673], [127.20081797719284, 37.709088362273825], [127.20080185968283, 37.70915092551186], [127.20091960420513, 37.709123850670046], [127.20093930386551, 37.7091242678387], [127.20111088518021, 37.70912802287335], [127.20114398323848, 37.709105010251335], [127.2011204930145, 37.70906125409494], [127.20122861765329, 37.709058476241445], [127.20129542746315, 37.70904256915049], [127.20148161923657, 37.709077364173915], [127.20153570312915, 37.70913252864577], [127.20157429861298, 37.70919714346662], [127.2016778642183, 37.70924907053437], [127.20178890376383, 37.70926319833614], [127.2018310553568, 37.70927956034443], [127.2019148250111, 37.70931206899083], [127.2019579150964, 37.70934422327873], [127.20199104250437, 37.709370060703286], [127.2020303254744, 37.709432890291794], [127.2020359633684, 37.709441908375936]]]]}}, {"id": "86", "type": "Feature", "properties": {"pnu": "4136026221102360000", "addr": "\uacbd\uae30\ub3c4 \ub0a8\uc591\uc8fc\uc2dc \uc624\ub0a8\uc74d \uc591\uc9c0\ub9ac 236", "jibun": "236", "jimok": "\ucc3d\uace0\uc6a9\uc9c0", "area_reg": 3865.0, "area_geom": 3886.5, "incl_ratio": 1.0, "area_incl": 3865.0, "zone": "\uc81c1\uc885\uc77c\ubc18\uc8fc\uac70\uc9c0\uc5ed", "use": "\uacf5\uc5c5\uae30\ud0c0", "owner": "\ubc95\uc778", "price": 678300.0, "price_year": "2025", "included": true, "free": false, "note": ""}, "geometry": {"type": "MultiPolygon", "coordinates": [[[[127.20093930386551, 37.7091242678387], [127.20093946993454, 37.70919047949366], [127.20089181759627, 37.70921191294884], [127.20082558550355, 37.70922766567039], [127.2007176670847, 37.7092228476692], [127.2006585154833, 37.709218911254865], [127.20064594117461, 37.70921556287967], [127.20064384547061, 37.70922490041854], [127.20058168630857, 37.7092582599955], [127.20063864593678, 37.70951106476099], [127.20067130422963, 37.70956092308008], [127.20072024021357, 37.70968001108524], [127.20077065057683, 37.70967623195765], [127.20104546427036, 37.70962397979167], [127.2011981335862, 37.70959504364195], [127.20130289987877, 37.70957028785635], [127.20137541196951, 37.709553452075134], [127.20132019755405, 37.709398291322614], [127.20130025780391, 37.70934225804228], [127.20169302041315, 37.70925099990116], [127.2016778642183, 37.70924907053437], [127.20157429861298, 37.70919714346662], [127.20153570312915, 37.70913252864577], [127.20148161923657, 37.709077364173915], [127.20129542746315, 37.70904256915049], [127.20122861765329, 37.709058476241445], [127.2011204930145, 37.70906125409494], [127.20114398323848, 37.709105010251335], [127.20111088518021, 37.70912802287335], [127.20093930386551, 37.7091242678387]]]]}}, {"id": "87", "type": "Feature", "properties": {"pnu": "4136026221102380000", "addr": "\uacbd\uae30\ub3c4 \ub0a8\uc591\uc8fc\uc2dc \uc624\ub0a8\uc74d \uc591\uc9c0\ub9ac 238", "jibun": "238", "jimok": "\ub3c4\ub85c", "area_reg": 2293.0, "area_geom": 2327.4, "incl_ratio": 1.0, "area_incl": 2293.0, "zone": "\uc81c1\uc885\uc77c\ubc18\uc8fc\uac70\uc9c0\uc5ed", "use": "\ub3c4\ub85c\ub4f1", "owner": "\uad70\uc720\uc9c0", "price": 154200.0, "price_year": "2025", "included": true, "free": false, "note": ""}, "geometry": {"type": "MultiPolygon", "coordinates": [[[[127.20075424425941, 37.70974958923364], [127.20082472641359, 37.70975806533229], [127.20111046327368, 37.709727651966936], [127.20123491033645, 37.70967500508533], [127.20139202814696, 37.70962182518738], [127.20152973353582, 37.70959084175183], [127.20164365828828, 37.70960231595749], [127.20181680043125, 37.70965044885814], [127.20199240049021, 37.70971843459701], [127.20211979929887, 37.70970928036102], [127.20219791164955, 37.7096959212823], [127.20218305497036, 37.70967052132893], [127.20228646104808, 37.70963768532734], [127.20241199622308, 37.70968181702759], [127.20243174146061, 37.709644447390794], [127.20228281463821, 37.70957657906911], [127.20222950250442, 37.70955139775227], [127.20217971694798, 37.709484009201326], [127.2021177358242, 37.709570625334194], [127.2020359633684, 37.709441908375936], [127.20199117209377, 37.7094476425956], [127.20185023098371, 37.7094433953191], [127.20180463570885, 37.70945378882387], [127.20168470432321, 37.70948163408076], [127.20137541196951, 37.709553452075134], [127.20130289987877, 37.70957028785635], [127.2011981335862, 37.70959504364195], [127.20104546427036, 37.70962397979167], [127.20077065057683, 37.70967623195765], [127.20072024021357, 37.70968001108524], [127.20034827497457, 37.709708370577744], [127.20032642385982, 37.70975593333289], [127.20026561981751, 37.709808589129814], [127.20050736885686, 37.70975777241984], [127.20065706899373, 37.7097379056908], [127.20075424425941, 37.70974958923364]]]]}}, {"id": "88", "type": "Feature", "properties": {"pnu": "4136026221102410000", "addr": "\uacbd\uae30\ub3c4 \ub0a8\uc591\uc8fc\uc2dc \uc624\ub0a8\uc74d \uc591\uc9c0\ub9ac 241", "jibun": "241", "jimok": "\uad6c\uac70", "area_reg": 808.0, "area_geom": 841.0, "incl_ratio": 1.0, "area_incl": 808.0, "zone": "\uc81c1\uc885\uc77c\ubc18\uc8fc\uac70\uc9c0\uc5ed", "use": "\ud558\ucc9c\ub4f1", "owner": "\ubc95\uc778", "price": 180800.0, "price_year": "2025", "included": true, "free": false, "note": ""}, "geometry": {"type": "MultiPolygon", "coordinates": [[[[127.2002569251985, 37.7096995419512], [127.20024962493899, 37.70974317898822], [127.20028983233071, 37.7097067572739], [127.20029659078823, 37.70957491665615], [127.20027333398939, 37.709465560664334], [127.20024030793572, 37.709362798176], [127.20018489740393, 37.70925643349203], [127.20013967185841, 37.70919719012683], [127.20000780449801, 37.70902737299583], [127.1998780892247, 37.70890741151133], [127.19988162397635, 37.70890184660932], [127.19987431788758, 37.70889654320418], [127.1998513652838, 37.70888400433589], [127.19961568843411, 37.70868016066804], [127.19954883021762, 37.70866083914489], [127.19953368027276, 37.70868250577385], [127.19935261294329, 37.7085952538799], [127.1992449478829, 37.70858297411099], [127.19924509438935, 37.70863812195447], [127.19926264523374, 37.70863653385383], [127.1996557127977, 37.70875826117446], [127.19973847199104, 37.7088292352787], [127.19975640829396, 37.708844620643056], [127.19983489384322, 37.70891191691484], [127.19931533967389, 37.70896331569471], [127.19924597106699, 37.70896811705293], [127.19924610486645, 37.70901848078842], [127.19932434586637, 37.70901093462234], [127.19949184796464, 37.70899476950397], [127.19965911066367, 37.70897816307698], [127.19989009450693, 37.70895684530069], [127.19991433888349, 37.708981743231625], [127.20011250188901, 37.709185198992984], [127.20022220118486, 37.70937285643198], [127.20026497817531, 37.70950885711639], [127.20027685677425, 37.70961263729454], [127.2002569251985, 37.7096995419512]]]]}}, {"id": "89", "type": "Feature", "properties": {"pnu": "4136026221102430000", "addr": "\uacbd\uae30\ub3c4 \ub0a8\uc591\uc8fc\uc2dc \uc624\ub0a8\uc74d \uc591\uc9c0\ub9ac 243", "jibun": "243", "jimok": "\uc804", "area_reg": 1421.0, "area_geom": 1431.3, "incl_ratio": 0.8236, "area_incl": 1170.3, "zone": "\uc790\uc5f0\ub179\uc9c0\uc9c0\uc5ed", "use": "\uc804", "owner": "\uac1c\uc778", "price": 265700.0, "price_year": "2025", "included": true, "free": false, "note": ""}, "geometry": {"type": "MultiPolygon", "coordinates": [[[[127.2011688237378, 37.71034542602938], [127.2011795847785, 37.71031534260484], [127.20110902595118, 37.710299632100075], [127.20104677959348, 37.71029649396974], [127.20100227255325, 37.71029425379175], [127.20077258951645, 37.71021407783223], [127.20060226514141, 37.71012999914861], [127.20044928387664, 37.71008091147405], [127.2004139127055, 37.710059870538245], [127.20038067698954, 37.71004009635128], [127.20038630373038, 37.710303889441946], [127.20067654569317, 37.710422011640645], [127.20081482845191, 37.71043233731476], [127.20095810782438, 37.71040282271085], [127.2011688237378, 37.71034542602938]]]]}}, {"id": "90", "type": "Feature", "properties": {"pnu": "4136026221102470000", "addr": "\uacbd\uae30\ub3c4 \ub0a8\uc591\uc8fc\uc2dc \uc624\ub0a8\uc74d \uc591\uc9c0\ub9ac 247", "jibun": "247", "jimok": "\uc7a1\uc885\uc9c0", "area_reg": 893.0, "area_geom": 881.2, "incl_ratio": 1.0, "area_incl": 893.0, "zone": "\uc790\uc5f0\ub179\uc9c0\uc9c0\uc5ed", "use": "\uc0c1\uc5c5\uc6a9", "owner": "\ubc95\uc778", "price": 586900.0, "price_year": "2025", "included": true, "free": false, "note": ""}, "geometry": {"type": "MultiPolygon", "coordinates": [[[[127.2037484847915, 37.71059372373282], [127.20374016950464, 37.710467593884566], [127.20368341209742, 37.71031008539666], [127.20361680940913, 37.71019785823529], [127.20359142189761, 37.71019110846777], [127.20353288307516, 37.7102043628601], [127.20347064614505, 37.710150375525544], [127.20347030657831, 37.71010882359851], [127.2034149889837, 37.71008461028813], [127.2034153391033, 37.710176048632675], [127.20352798707886, 37.710264033152896], [127.20357585212474, 37.710350218544995], [127.2035354880674, 37.710449619097325], [127.20347770250592, 37.71046471013998], [127.20343992011024, 37.71058359410897], [127.20372898547684, 37.71064214800216], [127.2037484847915, 37.71059372373282]]]]}}, {"id": "91", "type": "Feature", "properties": {"pnu": "4136026221102500000", "addr": "\uacbd\uae30\ub3c4 \ub0a8\uc591\uc8fc\uc2dc \uc624\ub0a8\uc74d \uc591\uc9c0\ub9ac 250", "jibun": "250", "jimok": "\ub2f5", "area_reg": 635.0, "area_geom": 628.8, "incl_ratio": 1.0, "area_incl": 635.0, "zone": "\uc790\uc5f0\ub179\uc9c0\uc9c0\uc5ed", "use": "\uc804", "owner": "\uac1c\uc778", "price": 270800.0, "price_year": "2025", "included": true, "free": false, "note": ""}, "geometry": {"type": "MultiPolygon", "coordinates": [[[[127.2028915870644, 37.71133980170252], [127.20298309066116, 37.71134175365798], [127.20303361513933, 37.71132948627873], [127.2030557530976, 37.71127105690925], [127.2031184699064, 37.711158662444355], [127.2031275832821, 37.71100204114083], [127.20300819722895, 37.71095139474138], [127.20294169725024, 37.71108227440457], [127.20286948752664, 37.711286736570955], [127.2028915870644, 37.71133980170252]]]]}}, {"id": "92", "type": "Feature", "properties": {"pnu": "4136026221103580000", "addr": "\uacbd\uae30\ub3c4 \ub0a8\uc591\uc8fc\uc2dc \uc624\ub0a8\uc74d \uc591\uc9c0\ub9ac 358", "jibun": "358", "jimok": "\ub300", "area_reg": 677.0, "area_geom": 666.5, "incl_ratio": 1.0, "area_incl": 677.0, "zone": "\uc81c1\uc885\uc77c\ubc18\uc8fc\uac70\uc9c0\uc5ed", "use": "\ub2e8\ub3c5", "owner": "\uac1c\uc778", "price": 549800.0, "price_year": "2025", "included": true, "free": false, "note": ""}, "geometry": {"type": "MultiPolygon", "coordinates": [[[[127.19931147839866, 37.70749327097094], [127.19928667660238, 37.7077662150201], [127.19941567443539, 37.707749673107344], [127.19947303499272, 37.7077458198028], [127.19953024607675, 37.707749724034166], [127.19964539680109, 37.70770318495158], [127.19960952687332, 37.70763484391406], [127.19951808441442, 37.70758592189992], [127.1995262310199, 37.70752357942667], [127.19945577672907, 37.70750340796688], [127.19931147839866, 37.70749327097094]]]]}}, {"id": "93", "type": "Feature", "properties": {"pnu": "4136026221200210000", "addr": "\uacbd\uae30\ub3c4 \ub0a8\uc591\uc8fc\uc2dc \uc624\ub0a8\uc74d \uc591\uc9c0\ub9ac \uc0b0 21", "jibun": "\uc0b021", "jimok": "\uc784\uc57c", "area_reg": 3669.0, "area_geom": 3656.2, "incl_ratio": 0.6388, "area_incl": 2343.8, "zone": "\uc81c1\uc885\uc77c\ubc18\uc8fc\uac70\uc9c0\uc5ed", "use": "\uc8fc\uac70\ub098\uc9c0", "owner": "\uac1c\uc778", "price": 403100.0, "price_year": "2025", "included": true, "free": false, "note": ""}, "geometry": {"type": "MultiPolygon", "coordinates": [[[[127.20662329784531, 37.70359958165066], [127.20667121726007, 37.70363169882021], [127.20694204359872, 37.703931636440835], [127.20710401719823, 37.703918028884125], [127.20711352091662, 37.70397587234915], [127.2072248493963, 37.703957514726135], [127.20733331256336, 37.70395690201866], [127.20724387925095, 37.70385145585413], [127.20724047275536, 37.703804665624105], [127.20728078620573, 37.703739266245485], [127.2072403858938, 37.70370347828556], [127.20725182975583, 37.70368781755111], [127.20732394666406, 37.70369056579335], [127.2074283867024, 37.70366229135437], [127.2070993488493, 37.7032336181878], [127.20709073709986, 37.703166123812565], [127.20705072207183, 37.703167058489605], [127.20704793270659, 37.70316712641883], [127.20701652056583, 37.703150215971256], [127.20690413472043, 37.70322057900242], [127.20671516797275, 37.703338880466234], [127.20665134501924, 37.70337884123418], [127.20672890074468, 37.70345421626245], [127.20676479518681, 37.703488687822045], [127.20673861430964, 37.70351426676421], [127.20668881134489, 37.70348171142506], [127.2066702628532, 37.70349934857158], [127.20668508646303, 37.70352087388961], [127.20671281899706, 37.70354397145402], [127.20662329784531, 37.70359958165066]]]]}}, {"id": "94", "type": "Feature", "properties": {"pnu": "4136026221200120000", "addr": "\uacbd\uae30\ub3c4 \ub0a8\uc591\uc8fc\uc2dc \uc624\ub0a8\uc74d \uc591\uc9c0\ub9ac \uc0b0 12", "jibun": "\uc0b012", "jimok": "\uc784\uc57c", "area_reg": 733.0, "area_geom": 475.1, "incl_ratio": 0.2628, "area_incl": 192.6, "zone": "\uc81c1\uc885\uc77c\ubc18\uc8fc\uac70\uc9c0\uc5ed", "use": "\uc790\uc5f0\ub9bc", "owner": "\uc885\uc911", "price": 121600.0, "price_year": "2025", "included": true, "free": false, "note": ""}, "geometry": {"type": "MultiPolygon", "coordinates": [[[[127.19961568843411, 37.70868016066804], [127.19958192992094, 37.70865538677098], [127.19948355673883, 37.708610557754014], [127.19931792229504, 37.70856959852453], [127.19890886209116, 37.70854893110114], [127.1986551598239, 37.70847437717449], [127.19847683479455, 37.70840718384564], [127.19841241287573, 37.70834835928417], [127.19838147856538, 37.70845645470242], [127.19875811197426, 37.70854416497576], [127.19893481913175, 37.708604026727585], [127.19913896174211, 37.70857088063275], [127.1992449478829, 37.70858297411099], [127.19935261294329, 37.7085952538799], [127.19953368027276, 37.70868250577385], [127.19954883021762, 37.70866083914489], [127.19961568843411, 37.70868016066804]]]]}}, {"id": "95", "type": "Feature", "properties": {"pnu": "4136026221200180000", "addr": "\uacbd\uae30\ub3c4 \ub0a8\uc591\uc8fc\uc2dc \uc624\ub0a8\uc74d \uc591\uc9c0\ub9ac \uc0b0 18", "jibun": "\uc0b018", "jimok": "\uc784\uc57c", "area_reg": 92998.0, "area_geom": 94155.8, "incl_ratio": 0.6192, "area_incl": 57584.4, "zone": "\uc790\uc5f0\ub179\uc9c0\uc9c0\uc5ed", "use": "\uc790\uc5f0\ub9bc", "owner": "\ubc95\uc778", "price": 29200.0, "price_year": "2025", "included": true, "free": false, "note": ""}, "geometry": {"type": "MultiPolygon", "coordinates": [[[[127.20619253604963, 37.705443057590806], [127.20665658709807, 37.704692656706165], [127.20624875132427, 37.70453704789213], [127.2060143827871, 37.70450532611119], [127.20593619949818, 37.70449474918218], [127.2059000974929, 37.7034554213742], [127.2058247188886, 37.70330533392139], [127.20572551477125, 37.70319613747957], [127.20560998705946, 37.703097105073056], [127.20547237780609, 37.70298019953732], [127.20546430595782, 37.70288157572456], [127.2053426081398, 37.702707187900465], [127.2052222717793, 37.7028229357326], [127.20524525425456, 37.70275972929257], [127.2050293258381, 37.70303347328187], [127.2045719130979, 37.70348432138103], [127.20428360187594, 37.70355944449057], [127.20432034345124, 37.70342242545716], [127.20433008280584, 37.70332616750996], [127.20423575226083, 37.70280717499959], [127.2040878690443, 37.702785013085176], [127.204023025396, 37.702746067570544], [127.20403478418784, 37.70253751874955], [127.20404467148582, 37.70236216473073], [127.20410409302052, 37.702275551885016], [127.2042364859081, 37.702202102843], [127.20431887130856, 37.70212029760776], [127.20423111062546, 37.702039559746694], [127.20419028866534, 37.70191465687608], [127.20423267226623, 37.701888465012885], [127.20424346212289, 37.7018198919372], [127.20428522211462, 37.70178125878176], [127.20428161031435, 37.70175829035049], [127.20411890233478, 37.70176718323828], [127.2039492665316, 37.701734598294095], [127.20386332543849, 37.70171806890152], [127.20377108566292, 37.70167453026817], [127.2036313593651, 37.701627856508786], [127.20349505519415, 37.70155516582281], [127.2034474007954, 37.70165320049655], [127.20342197614798, 37.70180310176283], [127.20342282014948, 37.70180490225048], [127.20347090381605, 37.70190686336202], [127.20348894603026, 37.70191564391333], [127.2035091385652, 37.701998110813605], [127.20347662714897, 37.70208964160556], [127.20351340914675, 37.702138582163975], [127.20345717859503, 37.70218947494719], [127.20340211122792, 37.702217724429374], [127.2033389932004, 37.70216247709955], [127.20321233465678, 37.702054983277165], [127.20316411178467, 37.702014567309575], [127.20312895059243, 37.7019191880655], [127.2030232313313, 37.7019102509806], [127.20298139695801, 37.70191328663656], [127.20294507368968, 37.70190379844206], [127.20271338887636, 37.70184193717636], [127.20266714730793, 37.7018296007444], [127.20254904591286, 37.70180819696023], [127.20245208072772, 37.70173616778438], [127.20239626319292, 37.70171335130375], [127.20236315496786, 37.70174804985321], [127.20233026538055, 37.70173769970273], [127.20235137760888, 37.70169500299199], [127.20228987374318, 37.70167020500897], [127.20230428830291, 37.70164157478449], [127.20229110498579, 37.701609576884906], [127.20234240513115, 37.70155937778317], [127.2023458540122, 37.70147173490805], [127.20234636310776, 37.70145868804745], [127.20229663988437, 37.70147129614848], [127.20214959868179, 37.70148267334045], [127.20214615426504, 37.701496319831875], [127.20212027162636, 37.70159924521619], [127.2021132596981, 37.70165240515096], [127.20214611563514, 37.70167554013239], [127.20212741336593, 37.70170367309035], [127.20204194774081, 37.701770886385184], [127.20194518150451, 37.701738859360205], [127.20193842653353, 37.70178221633272], [127.20196539640531, 37.701826074584034], [127.20191507530757, 37.70197475648723], [127.2019070990331, 37.70199831229169], [127.20195306361836, 37.701996225021205], [127.20201877799836, 37.70196334516472], [127.20213463105549, 37.701987762531736], [127.20220352457181, 37.70201111548229], [127.20221526902397, 37.70203515129593], [127.2022324523891, 37.70207030478522], [127.20225101459552, 37.70201544037988], [127.20230575163302, 37.70203278089243], [127.20219686920368, 37.70229329143539], [127.20215091464077, 37.70228233279217], [127.20218046144176, 37.70216727417165], [127.20214749909087, 37.70218047535409], [127.20200983415396, 37.702233929565075], [127.20194844310477, 37.702192193048376], [127.20194277377975, 37.702154443186146], [127.20192605317717, 37.70213950655264], [127.20189012110755, 37.7021363241329], [127.20175216770541, 37.702242773371545], [127.2016086327853, 37.70226828910655], [127.20157157460237, 37.70235665568514], [127.20158786655907, 37.702372440003955], [127.20154835594927, 37.70246812658057], [127.20155510301412, 37.702501901370525], [127.2014644244846, 37.70258353854182], [127.2013984470277, 37.70261586894333], [127.20139675190674, 37.70261803413548], [127.20136307562825, 37.70266110333897], [127.20123169865157, 37.70269613924241], [127.20104641870718, 37.702758619549805], [127.20104537855362, 37.702725925245254], [127.20079800531606, 37.70281052982122], [127.20076284322533, 37.70290024438401], [127.20074212962288, 37.70295676996073], [127.20077040795968, 37.702993905058506], [127.20082796261035, 37.70305123538195], [127.2010886192938, 37.703023107856005], [127.20131602866097, 37.70296564657191], [127.20142005369127, 37.70286680547013], [127.20166296298123, 37.70275852076519], [127.20163790049676, 37.7027240292638], [127.2017396474041, 37.70270178288224], [127.2017855876724, 37.702707353930954], [127.20183912792666, 37.702713840047046], [127.2018815971506, 37.70271898449082], [127.20207484417526, 37.70280660831332], [127.2022435777321, 37.70280256419619], [127.20240115012096, 37.70273857954991], [127.20243776910934, 37.70289112281936], [127.20244229372608, 37.7029625887575], [127.20198781765333, 37.70291789046892], [127.2019458536259, 37.70297829049508], [127.20181885825644, 37.70309939791191], [127.20177238406455, 37.703139930221994], [127.2015608265766, 37.703323698967814], [127.20156046532458, 37.703429797351504], [127.20154122392513, 37.70343055977282], [127.2015453214984, 37.70344468898081], [127.20160774911884, 37.70356801542885], [127.20169278893742, 37.703543959465584], [127.20177128894994, 37.703592775674736], [127.20188456990387, 37.70365073160319], [127.20203686305496, 37.703667834357944], [127.20225076598393, 37.703668479524595], [127.20227931122116, 37.70368646827163], [127.20241237060372, 37.70364409447559], [127.2024132051563, 37.7036255872107], [127.20251817694597, 37.703583603508626], [127.20269952229867, 37.703474772903846], [127.20273835874463, 37.703520178400275], [127.20283051250165, 37.70343903327566], [127.20292108605615, 37.70339001922834], [127.20304726471838, 37.703369829242], [127.20305070204562, 37.703336838998474], [127.20307914357707, 37.70332069012414], [127.20318555297182, 37.70329481264365], [127.20338561245033, 37.7032172395287], [127.20346219427998, 37.703235857513384], [127.20350790633674, 37.70327834987232], [127.20350819226894, 37.70333357860504], [127.20341719946487, 37.70336581783228], [127.20340371986748, 37.70342974643522], [127.20317695144345, 37.70356466669847], [127.20312619716584, 37.70363667760222], [127.20320061206422, 37.703746855629944], [127.20322541819844, 37.70374074970054], [127.20349482095101, 37.70383025004227], [127.20357520259908, 37.70383228366768], [127.20383017039613, 37.70371309018426], [127.20392834267096, 37.70381473988916], [127.20394369832567, 37.7039237664576], [127.20381782752416, 37.703969868656195], [127.20372849634255, 37.70401290785266], [127.20369908212979, 37.70403421207499], [127.20350365195894, 37.70409674066158], [127.2034626244641, 37.70404234753412], [127.20336717451262, 37.70409141538775], [127.2032695276682, 37.70407051790368], [127.20320822340548, 37.70402815123376], [127.2030039283626, 37.70396618966211], [127.20300477062402, 37.70394220450768], [127.20284190476787, 37.703936473227074], [127.20284857440768, 37.70403359498615], [127.20269320031949, 37.70399714578793], [127.20270391610771, 37.70393829442558], [127.20253494505263, 37.70399810940508], [127.20241017473268, 37.70395653522255], [127.2023261962952, 37.70398319368618], [127.2022877108127, 37.70403007340967], [127.2025074440189, 37.70423673207728], [127.2027299325733, 37.704417681066865], [127.20287906696119, 37.704586916217096], [127.20317212140354, 37.704716082458255], [127.20332918593864, 37.70484839089578], [127.2037075474352, 37.7049924198656], [127.20387331423748, 37.70501737157993], [127.2046374105258, 37.70505915111218], [127.20478763021066, 37.705183576925045], [127.2049059596299, 37.7052073836334], [127.20517375637662, 37.705196290048335], [127.2052808319773, 37.70518523041993], [127.20545529493863, 37.705229950090384], [127.20561644206254, 37.70526946694822], [127.2058555649334, 37.705326210104126], [127.20590265654184, 37.70534152599869], [127.20609513834523, 37.70537345581348], [127.20619253604963, 37.705443057590806]], [[127.20295077238477, 37.70232101719208], [127.20344238775708, 37.70274815340037], [127.20334537477711, 37.702822387907275], [127.20320064647139, 37.70287640518099], [127.20264296914237, 37.7024624717021], [127.20275084967751, 37.70237295685544], [127.20295077238477, 37.70232101719208]]]]}}, {"id": "96", "type": "Feature", "properties": {"pnu": "4136026221200190000", "addr": "\uacbd\uae30\ub3c4 \ub0a8\uc591\uc8fc\uc2dc \uc624\ub0a8\uc74d \uc591\uc9c0\ub9ac \uc0b0 19", "jibun": "\uc0b019", "jimok": "\uc784\uc57c", "area_reg": 6545.0, "area_geom": 6986.7, "incl_ratio": 0.0891, "area_incl": 583.2, "zone": "\uc790\uc5f0\ub179\uc9c0\uc9c0\uc5ed", "use": "\uc790\uc5f0\ub9bc", "owner": "\uc885\uc911", "price": 56400.0, "price_year": "2025", "included": true, "free": false, "note": ""}, "geometry": {"type": "MultiPolygon", "coordinates": [[[[127.20524525425456, 37.70275972929257], [127.20518564892538, 37.70276223783125], [127.20508926569865, 37.70276342234642], [127.20494435633401, 37.70268427927118], [127.2048844385123, 37.70248935947322], [127.20484456331472, 37.702450028979854], [127.20481778861107, 37.70242436156558], [127.20477879985151, 37.7023608025392], [127.20499154346331, 37.70228300661606], [127.20483281480574, 37.70216741612526], [127.20480557928003, 37.70219304151092], [127.20473259880687, 37.70226801056352], [127.20468349780815, 37.702313377729894], [127.20463985464413, 37.70234759052243], [127.20455435083352, 37.702371135861405], [127.20454248294003, 37.70240192429114], [127.20452367902914, 37.70245073497474], [127.20447885640438, 37.70248494973747], [127.2044375778995, 37.702538087684694], [127.20439675879148, 37.70252680574262], [127.20434604038527, 37.70257383332736], [127.20431984289533, 37.702551876788455], [127.20428105257109, 37.70261100182665], [127.20423575226083, 37.70280717499959], [127.20433008280584, 37.70332616750996], [127.20432034345124, 37.70342242545716], [127.20428360187594, 37.70355944449057], [127.2045719130979, 37.70348432138103], [127.2050293258381, 37.70303347328187], [127.20524525425456, 37.70275972929257]]]]}}, {"id": "97", "type": "Feature", "properties": {"pnu": "4136026221200220000", "addr": "\uacbd\uae30\ub3c4 \ub0a8\uc591\uc8fc\uc2dc \uc624\ub0a8\uc74d \uc591\uc9c0\ub9ac \uc0b0 22", "jibun": "\uc0b022", "jimok": "\uc784\uc57c", "area_reg": 23702.0, "area_geom": 23802.7, "incl_ratio": 0.5594, "area_incl": 13258.9, "zone": "\ub18d\ub9bc\uc9c0\uc5ed", "use": "\uc790\uc5f0\ub9bc", "owner": "\uac1c\uc778", "price": 10500.0, "price_year": "2025", "included": true, "free": false, "note": ""}, "geometry": {"type": "MultiPolygon", "coordinates": [[[[127.2083583578596, 37.70454812427985], [127.20896604893537, 37.70472293434747], [127.20893525540173, 37.70470459079292], [127.20910662326888, 37.7045336643374], [127.2090546261815, 37.704040125664065], [127.20895598264597, 37.70333248233941], [127.20770955052396, 37.70285002965379], [127.20729467918467, 37.70247231250172], [127.20724706365633, 37.702447402777906], [127.20711404015375, 37.70246404136587], [127.20723691681678, 37.70264511047712], [127.20730820153304, 37.70274918283555], [127.20727917914792, 37.7029322106896], [127.20732002009878, 37.70297166480446], [127.20724335954208, 37.7030150809789], [127.20717006191312, 37.70317577900385], [127.2070993488493, 37.7032336181878], [127.2074283867024, 37.70366229135437], [127.2074938085082, 37.70370434231014], [127.20743396528822, 37.70382606822004], [127.20747531573836, 37.703930607165866], [127.20757382797214, 37.70392375891265], [127.20762884437217, 37.70394684462022], [127.20763021896103, 37.70400098126147], [127.20782832767944, 37.70408385705568], [127.20786495918624, 37.70413848159389], [127.2077510959073, 37.70426931182837], [127.20777141501263, 37.70428092578021], [127.20782313848017, 37.70431049509955], [127.20786209706772, 37.70430458867672], [127.20784296347624, 37.70440976487436], [127.20807163166859, 37.70445487234886], [127.20808821808926, 37.70448620591684], [127.20831365997198, 37.70454541868814], [127.2083583578596, 37.70454812427985]]]]}}, {"id": "98", "type": "Feature", "properties": {"pnu": "4136026221200140021", "addr": "\uacbd\uae30\ub3c4 \ub0a8\uc591\uc8fc\uc2dc \uc624\ub0a8\uc74d \uc591\uc9c0\ub9ac \uc0b0 14-21", "jibun": "\uc0b014-21", "jimok": "\uad6c\uac70", "area_reg": 44.0, "area_geom": 44.7, "incl_ratio": 1.0, "area_incl": 44.0, "zone": "\uc790\uc5f0\ub179\uc9c0\uc9c0\uc5ed", "use": "\ud558\ucc9c\ub4f1", "owner": "\uad6d\uc720\uc9c0", "price": 103900.0, "price_year": "2025", "included": true, "free": false, "note": ""}, "geometry": {"type": "MultiPolygon", "coordinates": [[[[127.20795831719687, 37.71065088365019], [127.20792631368018, 37.71065094868494], [127.20792628682575, 37.710649444120556], [127.20792623281974, 37.71062179360168], [127.20788730583409, 37.710574849385345], [127.20789025424368, 37.71062794709792], [127.2077834998796, 37.71063074668401], [127.20792632430744, 37.710662958528665], [127.20800449990745, 37.710680588687886], [127.20795831719687, 37.71065088365019]]]]}}, {"id": "99", "type": "Feature", "properties": {"pnu": "4136026221200140069", "addr": "\uacbd\uae30\ub3c4 \ub0a8\uc591\uc8fc\uc2dc \uc624\ub0a8\uc74d \uc591\uc9c0\ub9ac \uc0b0 14-69", "jibun": "\uc0b014-69", "jimok": "\uad6c\uac70", "area_reg": 5.0, "area_geom": 3.9, "incl_ratio": 1.0, "area_incl": 5.0, "zone": "\uc790\uc5f0\ub179\uc9c0\uc9c0\uc5ed", "use": "\ud558\ucc9c\ub4f1", "owner": "\uc2dc  \ub3c4\uc720\uc9c0", "price": 103900.0, "price_year": "2025", "included": true, "free": false, "note": ""}, "geometry": {"type": "MultiPolygon", "coordinates": [[[[127.20795831719687, 37.71065088365019], [127.2079455814719, 37.71064269815589], [127.2079412756387, 37.71063993072175], [127.20793226359528, 37.710629062841505], [127.20792623281974, 37.71062179360168], [127.20792628682575, 37.710649444120556], [127.20792631368018, 37.71065094868494], [127.20795831719687, 37.71065088365019]]]]}}, {"id": "100", "type": "Feature", "properties": {"pnu": "4136026221100070042", "addr": "\uacbd\uae30\ub3c4 \ub0a8\uc591\uc8fc\uc2dc \uc624\ub0a8\uc74d \uc591\uc9c0\ub9ac 7-42", "jibun": "7-42", "jimok": "\uc784\uc57c", "area_reg": 721.0, "area_geom": 720.7, "incl_ratio": 1.0, "area_incl": 721.0, "zone": "\ub18d\ub9bc\uc9c0\uc5ed", "use": "\uc790\uc5f0\ub9bc", "owner": "\uac1c\uc778", "price": 10800.0, "price_year": "2025", "included": true, "free": false, "note": ""}, "geometry": {"type": "MultiPolygon", "coordinates": [[[[127.2089886823049, 37.70812788661134], [127.20901795269246, 37.70815258462509], [127.20925392490498, 37.70826673589874], [127.2095588001359, 37.70829489415606], [127.2095057798477, 37.708086567389266], [127.20924660756886, 37.70810727793519], [127.2089886823049, 37.70812788661134]]]]}}, {"id": "101", "type": "Feature", "properties": {"pnu": "4136026221100070040", "addr": "\uacbd\uae30\ub3c4 \ub0a8\uc591\uc8fc\uc2dc \uc624\ub0a8\uc74d \uc591\uc9c0\ub9ac 7-40", "jibun": "7-40", "jimok": "\uacf5\uc7a5\uc6a9\uc9c0", "area_reg": 1065.0, "area_geom": 1064.5, "incl_ratio": 1.0, "area_incl": 1065.0, "zone": "\ub18d\ub9bc\uc9c0\uc5ed", "use": "\uacf5\uc5c5\uc6a9", "owner": "\uac1c\uc778", "price": 329500.0, "price_year": "2025", "included": true, "free": false, "note": ""}, "geometry": {"type": "MultiPolygon", "coordinates": [[[[127.20909439580416, 37.7087738007611], [127.20906709558616, 37.708556959461255], [127.20859430866365, 37.70859668533372], [127.20865328917417, 37.70882849018773], [127.20907216111799, 37.70879558018942], [127.20907862274441, 37.70879063152665], [127.20908788868452, 37.70878276780958], [127.20909439580416, 37.7087738007611]]]]}}, {"id": "102", "type": "Feature", "properties": {"pnu": "4136025328108300001", "addr": "\uacbd\uae30\ub3c4 \ub0a8\uc591\uc8fc\uc2dc \uc9c4\uc811\uc74d \uae08\uace1\ub9ac 830-1", "jibun": "830-1", "jimok": "\uc784\uc57c", "area_reg": 770.0, "area_geom": 773.5, "incl_ratio": 1.0, "area_incl": 770.0, "zone": "\uc81c1\uc885\uc77c\ubc18\uc8fc\uac70\uc9c0\uc5ed", "use": "\uc790\uc5f0\ub9bc", "owner": "\ubc95\uc778", "price": 87800.0, "price_year": "2025", "included": true, "free": false, "note": ""}, "geometry": {"type": "MultiPolygon", "coordinates": [[[[127.2069337978798, 37.71327074121328], [127.20710142404675, 37.713354094622126], [127.20712502627748, 37.713301166852105], [127.20712994059222, 37.71329014849643], [127.20732512974084, 37.713268184826774], [127.20742586904178, 37.713172308501264], [127.20747851190657, 37.7131507916252], [127.20748714410844, 37.71314726278534], [127.20754427295284, 37.71312390908576], [127.20745743713833, 37.71298582578645], [127.2073977534103, 37.712983425328424], [127.2073389641616, 37.71298049170973], [127.20732514116894, 37.71309188406622], [127.20729215300827, 37.713134079750894], [127.20728996055603, 37.713136876567035], [127.20724217472248, 37.71321283017212], [127.20714876797255, 37.713175594063294], [127.20704651793181, 37.71318862008719], [127.20703175692185, 37.71319050180214], [127.20697000337468, 37.71321894475146], [127.20696650145653, 37.71322396021593], [127.2069394574772, 37.71326264970186], [127.2069337978798, 37.71327074121328]]]]}}, {"id": "103", "type": "Feature", "properties": {"pnu": "4136025328111050001", "addr": "\uacbd\uae30\ub3c4 \ub0a8\uc591\uc8fc\uc2dc \uc9c4\uc811\uc74d \uae08\uace1\ub9ac 1105-1", "jibun": "1105-1", "jimok": "\uacf5\uc6d0", "area_reg": 969.7, "area_geom": 964.3, "incl_ratio": 1.0, "area_incl": 969.7, "zone": "\uc790\uc5f0\ub179\uc9c0\uc9c0\uc5ed", "use": "\uacf5\uc6d0\ub4f1", "owner": "\uad70\uc720\uc9c0", "price": 189700.0, "price_year": "2025", "included": true, "free": false, "note": ""}, "geometry": {"type": "MultiPolygon", "coordinates": [[[[127.20152927917484, 37.71036280744825], [127.20150252845907, 37.7103678081275], [127.20129836966254, 37.71035411716297], [127.2012984270432, 37.71035436933597], [127.20130218151297, 37.7103546242548], [127.20131177833252, 37.71040204380472], [127.20109948513982, 37.7104379734138], [127.20112559186626, 37.71053534156366], [127.20115193918542, 37.710633592244456], [127.20120437784509, 37.71062471904508], [127.20121581549361, 37.71062278061995], [127.20140570997337, 37.71059064579755], [127.2015501371184, 37.71056620096238], [127.20153915119012, 37.71052522568965], [127.20154580518765, 37.71052409720575], [127.20154000871902, 37.71050250189702], [127.20157217917831, 37.71049705955127], [127.2015698192822, 37.71048824310732], [127.20160026672033, 37.71048309198586], [127.2016011389138, 37.71041942831644], [127.20160831714071, 37.71041925396246], [127.20160738987076, 37.71039493848939], [127.2016028538588, 37.710395045292465], [127.2016024633677, 37.71038478396317], [127.20159950762819, 37.7103525974973], [127.20159708816169, 37.71035115104886], [127.20159575921802, 37.71035037847385], [127.20152927917484, 37.71036280744825]]]]}}, {"id": "104", "type": "Feature", "properties": {"pnu": "4136025328201470007", "addr": "\uacbd\uae30\ub3c4 \ub0a8\uc591\uc8fc\uc2dc \uc9c4\uc811\uc74d \uae08\uace1\ub9ac \uc0b0 147-7", "jibun": "\uc0b0147-7", "jimok": "\uc784\uc57c", "area_reg": 819.0, "area_geom": 717.7, "incl_ratio": 1.0, "area_incl": 819.0, "zone": "\ub18d\ub9bc\uc9c0\uc5ed", "use": "\uc790\uc5f0\ub9bc", "owner": "\ubc95\uc778", "price": 15700.0, "price_year": "2025", "included": true, "free": false, "note": ""}, "geometry": {"type": "MultiPolygon", "coordinates": [[[[127.20489209009959, 37.7124201839096], [127.20507643587902, 37.71265953142618], [127.20514418314472, 37.712831994229155], [127.20530439645958, 37.713000819495704], [127.20520496875902, 37.712632091325574], [127.20508183153926, 37.71245539054749], [127.20505496881782, 37.71236157441803], [127.20495842943032, 37.71240559997932], [127.20489209009959, 37.7124201839096]]]]}}, {"id": "105", "type": "Feature", "properties": {"pnu": "4136025328201470001", "addr": "\uacbd\uae30\ub3c4 \ub0a8\uc591\uc8fc\uc2dc \uc9c4\uc811\uc74d \uae08\uace1\ub9ac \uc0b0 147-1", "jibun": "\uc0b0147-1", "jimok": "\uc784\uc57c", "area_reg": 46867.0, "area_geom": 46477.0, "incl_ratio": 0.2716, "area_incl": 12729.1, "zone": "\ub18d\ub9bc\uc9c0\uc5ed", "use": "\uc790\uc5f0\ub9bc", "owner": "\ubc95\uc778", "price": 12200.0, "price_year": "2025", "included": true, "free": false, "note": ""}, "geometry": {"type": "MultiPolygon", "coordinates": [[[[127.20112824110427, 37.715865245558], [127.20126011333326, 37.71595110936983], [127.20169984240985, 37.7156322421947], [127.20177699402008, 37.71558827026731], [127.20190576629035, 37.71556737436361], [127.2019164042827, 37.71555881514311], [127.20191909079749, 37.715541439986495], [127.2019139034812, 37.715434585432114], [127.20203414383283, 37.71534531169006], [127.20222632766524, 37.7153166493876], [127.20251495905765, 37.715313049403505], [127.20266312365834, 37.71522887192146], [127.20287857771721, 37.715090521502326], [127.20289592078231, 37.71497390710185], [127.20298033570488, 37.71491965098543], [127.20324909647324, 37.71484535745448], [127.20335079353411, 37.714681730469785], [127.2033143273689, 37.71455913559423], [127.20329033821379, 37.7144328704489], [127.20323971380255, 37.71427097267438], [127.20333156154234, 37.714189395353145], [127.20340871783398, 37.71417731648324], [127.20349336848687, 37.71418948769819], [127.20350701895072, 37.714430165968814], [127.20346066924944, 37.71465673879408], [127.2034297044747, 37.714764393994656], [127.20360945102901, 37.714913438920334], [127.20370310968248, 37.71488879015038], [127.20371088870279, 37.71475895686044], [127.20372656090024, 37.71452463420276], [127.20395202278341, 37.71429361847748], [127.20421087748053, 37.714260279579456], [127.20444302388825, 37.71404423445535], [127.20457280415339, 37.71401577481081], [127.20487194235113, 37.71398260834401], [127.20495688940846, 37.71400777891438], [127.205070770458, 37.713834768385695], [127.20496013320653, 37.7137008687819], [127.2051351690562, 37.71359955952491], [127.20524381562421, 37.71355308931412], [127.20541145733468, 37.713336270748144], [127.20533420892552, 37.713111379390334], [127.20530439645958, 37.713000819495704], [127.20514418314472, 37.712831994229155], [127.20507643587902, 37.71265953142618], [127.20489209009959, 37.7124201839096], [127.20392630582667, 37.71283618132284], [127.20377296853789, 37.7131429976472], [127.20378533242722, 37.71315208519118], [127.20376673060835, 37.71316792902736], [127.20375449174028, 37.713158940373155], [127.20243123433085, 37.713711989152166], [127.20253620180571, 37.714179554973995], [127.20136094546181, 37.71490159443647], [127.20139070734051, 37.714906544343286], [127.20139497046654, 37.714906077624995], [127.20148971156291, 37.71489568203358], [127.20150792762328, 37.714892101339416], [127.20150803013162, 37.71489226333913], [127.20151437537072, 37.71490270376339], [127.20153066536666, 37.71500112450613], [127.20150654730143, 37.714855362354086], [127.20163125437072, 37.71477401893471], [127.20170255838143, 37.714694117505466], [127.20178708183396, 37.7146926225303], [127.20188011076095, 37.71473303491445], [127.20183079748304, 37.71482541348903], [127.20178358027529, 37.71491705870054], [127.20177145687468, 37.71511113799807], [127.20168541101773, 37.71512025770505], [127.20174654241896, 37.71519224006738], [127.2017311115811, 37.71524464833414], [127.20181857671284, 37.7153666795542], [127.20112824110427, 37.715865245558]]]]}}, {"id": "106", "type": "Feature", "properties": {"pnu": "4136025328201470003", "addr": "\uacbd\uae30\ub3c4 \ub0a8\uc591\uc8fc\uc2dc \uc9c4\uc811\uc74d \uae08\uace1\ub9ac \uc0b0 147-3", "jibun": "\uc0b0147-3", "jimok": "\uc784\uc57c", "area_reg": 10752.0, "area_geom": 10240.1, "incl_ratio": 0.4847, "area_incl": 5211.5, "zone": "\uc81c1\uc885\uc77c\ubc18\uc8fc\uac70\uc9c0\uc5ed", "use": "\ub3c4\ub85c\ub4f1", "owner": "\uad70\uc720\uc9c0", "price": 71600.0, "price_year": "2025", "included": true, "free": false, "note": ""}, "geometry": {"type": "MultiPolygon", "coordinates": [[[[127.20371088870279, 37.71475895686044], [127.20370310968248, 37.71488879015038], [127.2040350171106, 37.71480143066677], [127.20448258796598, 37.71470326686207], [127.2044806126942, 37.71466515947026], [127.20468241246056, 37.71459952806397], [127.20466195315596, 37.714566497921744], [127.20465511815523, 37.71455544585471], [127.20472101699634, 37.714520050543065], [127.2049462110283, 37.71439547331486], [127.20498011167533, 37.714379368647606], [127.20513474009125, 37.7143256294944], [127.20523939329618, 37.714303185898835], [127.20536988952519, 37.714279346088375], [127.20547791390685, 37.71407591072196], [127.2056056909312, 37.71393331022167], [127.20575068883032, 37.713883560179795], [127.20580314546343, 37.71379797679311], [127.20577873654311, 37.71377226951458], [127.205781385378, 37.713745650435555], [127.20581009286789, 37.71367229823189], [127.20576876902219, 37.713640574783796], [127.20577994543333, 37.713551603198866], [127.20573086055259, 37.71346479920103], [127.20566908243926, 37.71336880029135], [127.20562716512373, 37.71338525239278], [127.20551655069981, 37.71333840445598], [127.20543013436205, 37.71332729187305], [127.20544069281708, 37.71331480426427], [127.20552645259819, 37.71329327603014], [127.20560690628461, 37.71325993626272], [127.20552983952525, 37.71307666928002], [127.20546225003194, 37.713028395394154], [127.20544526438395, 37.71299238618764], [127.20545844509573, 37.71294356714902], [127.20538389617124, 37.71283046283031], [127.2053140411482, 37.71266295911412], [127.20521633148785, 37.71250326978907], [127.20524851968469, 37.71246680619713], [127.20529226687636, 37.71246024365807], [127.20532897828157, 37.71246866729702], [127.20549108742307, 37.71272519795152], [127.20554975129254, 37.7128520964313], [127.20560722187564, 37.712928398772505], [127.20569322133237, 37.71299027229398], [127.20556360346693, 37.71263457960017], [127.20555357657152, 37.71239003009259], [127.20552548303851, 37.71225287078789], [127.20526453247633, 37.71227597222746], [127.20505496881782, 37.71236157441803], [127.20508183153926, 37.71245539054749], [127.20520496875902, 37.712632091325574], [127.20530439645958, 37.713000819495704], [127.20533420892552, 37.713111379390334], [127.20541145733468, 37.713336270748144], [127.20547088301424, 37.71350927029044], [127.20534149066638, 37.713616798898826], [127.20521701551733, 37.713842822726434], [127.20496428564535, 37.71413700049145], [127.20455333778064, 37.714284232663154], [127.20414248086153, 37.714486286927304], [127.20371088870279, 37.71475895686044]]]]}}, {"id": "107", "type": "Feature", "properties": {"pnu": "4136025328201470009", "addr": "\uacbd\uae30\ub3c4 \ub0a8\uc591\uc8fc\uc2dc \uc9c4\uc811\uc74d \uae08\uace1\ub9ac \uc0b0 147-9", "jibun": "\uc0b0147-9", "jimok": "\uc784\uc57c", "area_reg": 38694.0, "area_geom": 39028.5, "incl_ratio": 0.9152, "area_incl": 35412.7, "zone": "\ub18d\ub9bc\uc9c0\uc5ed", "use": "\uc790\uc5f0\ub9bc", "owner": "\ubc95\uc778", "price": 7160.0, "price_year": "2025", "included": true, "free": false, "note": ""}, "geometry": {"type": "MultiPolygon", "coordinates": [[[[127.2069394574772, 37.71326264970186], [127.20696650145653, 37.71322396021593], [127.20697000337468, 37.71321894475146], [127.20703175692185, 37.71319050180214], [127.20704651793181, 37.71318862008719], [127.20714876797255, 37.713175594063294], [127.20724217472248, 37.71321283017212], [127.20728996055603, 37.713136876567035], [127.20729215300827, 37.713134079750894], [127.20732514116894, 37.71309188406622], [127.2073389641616, 37.71298049170973], [127.20731219828576, 37.71292689499617], [127.20735026624622, 37.71284336319185], [127.20717879692099, 37.712739709089355], [127.20715419097982, 37.7127248320293], [127.20709846144999, 37.712774329094394], [127.20701837537821, 37.7128541139651], [127.20699816439291, 37.71287424970688], [127.20688415409701, 37.71288731410254], [127.2068434948534, 37.71283751651958], [127.2068504827651, 37.71269841343527], [127.20678382757949, 37.71261489294119], [127.20664737813141, 37.71255553158221], [127.2066536557618, 37.71250422874393], [127.2066884752151, 37.712488635533106], [127.2067582839693, 37.71245736769808], [127.20682901362072, 37.71245983033497], [127.2069028396949, 37.71246240466148], [127.20692806671703, 37.71248047010776], [127.20704005431983, 37.71256064101627], [127.20718489268009, 37.712622726221234], [127.20729435475643, 37.71256044977438], [127.20737268160931, 37.71264849046595], [127.20749682835205, 37.712716638861], [127.20764258665852, 37.712873124963686], [127.20773217339969, 37.7130420793734], [127.20767329100437, 37.71310788967945], [127.20754881562351, 37.71312205417117], [127.20754427295284, 37.71312390908576], [127.20748714410844, 37.71314726278534], [127.20747851190657, 37.7131507916252], [127.20742586904178, 37.713172308501264], [127.20732512974084, 37.713268184826774], [127.20712994059222, 37.71329014849643], [127.20712502627748, 37.713301166852105], [127.20710531267176, 37.71334537551542], [127.20726449156477, 37.713425193618654], [127.20749892148051, 37.71348923032232], [127.20765187218555, 37.71350670302799], [127.20786103123908, 37.71351232861021], [127.20786267272962, 37.71389571313951], [127.20759072505115, 37.71391385663743], [127.20769820754488, 37.713951112826734], [127.20785543958343, 37.713941638943695], [127.20792331578738, 37.71394522311093], [127.20803926856317, 37.71391233309189], [127.20814731170896, 37.71387368163774], [127.20818063687933, 37.71385488317478], [127.20826243808285, 37.713808754552346], [127.2082668651301, 37.713765275256335], [127.20828571015227, 37.71353112659946], [127.20833083653785, 37.713526921042266], [127.20853471023105, 37.71350792233073], [127.2086723021724, 37.713491715595424], [127.20869915240004, 37.713461125725594], [127.20874873765774, 37.71340463821489], [127.20881405832559, 37.713284893332435], [127.20886647174733, 37.71313230392355], [127.20892090848706, 37.713119792894624], [127.20893450917583, 37.71311666965327], [127.20892203522254, 37.71310900636742], [127.20867805546028, 37.71295920843299], [127.20820036851042, 37.71251066357822], [127.20840107343638, 37.71233597495255], [127.20841225137977, 37.71232626096057], [127.20812901665789, 37.71165505235622], [127.20771347054792, 37.71177275199432], [127.20720953120556, 37.71158258256074], [127.20661641063762, 37.71187424891886], [127.20615145504965, 37.712180033291226], [127.20568804166241, 37.712239120007695], [127.20557339911015, 37.712248814623294], [127.20552548303851, 37.71225287078789], [127.20555357657152, 37.71239003009259], [127.20556360346693, 37.71263457960017], [127.20569322133237, 37.71299027229398], [127.20570498118991, 37.71312220720276], [127.20570040706652, 37.713195283349506], [127.20573421988767, 37.71320942399522], [127.20577789210486, 37.71315887631648], [127.20577789208012, 37.71315886730689], [127.20578006269912, 37.71315635886526], [127.20580598193298, 37.713145664561594], [127.20590219354207, 37.71310600855772], [127.20608101671463, 37.71306320897396], [127.20628790819731, 37.71304483958643], [127.20647240939344, 37.713062529319494], [127.2066659135337, 37.71313708099317], [127.2069394574772, 37.71326264970186]]]]}}, {"id": "108", "type": "Feature", "properties": {"pnu": "4136026221101890008", "addr": "\uacbd\uae30\ub3c4 \ub0a8\uc591\uc8fc\uc2dc \uc624\ub0a8\uc74d \uc591\uc9c0\ub9ac 189-8", "jibun": "189-8", "jimok": "\uad6c\uac70", "area_reg": 44.0, "area_geom": 43.1, "incl_ratio": 1.0, "area_incl": 44.0, "zone": "\uc81c2\uc885\uc77c\ubc18\uc8fc\uac70\uc9c0\uc5ed", "use": "\ud558\ucc9c\ub4f1", "owner": "\ubc95\uc778", "price": 168100.0, "price_year": "2025", "included": true, "free": false, "note": ""}, "geometry": {"type": "MultiPolygon", "coordinates": [[[[127.20386596746197, 37.70536416592859], [127.20388657354951, 37.70533129036494], [127.20383394552417, 37.70524814043874], [127.2038112455594, 37.70523242149021], [127.20381623763146, 37.70524585533614], [127.203819637242, 37.70526167046356], [127.20382792733704, 37.70533281451996], [127.20384899977189, 37.70535886132545], [127.20386596746197, 37.70536416592859]]]]}}, {"id": "109", "type": "Feature", "properties": {"pnu": "4136026221100070006", "addr": "\uacbd\uae30\ub3c4 \ub0a8\uc591\uc8fc\uc2dc \uc624\ub0a8\uc74d \uc591\uc9c0\ub9ac 7-6", "jibun": "7-6", "jimok": "\ucc3d\uace0\uc6a9\uc9c0", "area_reg": 1352.0, "area_geom": 1352.7, "incl_ratio": 1.0, "area_incl": 1352.0, "zone": "\uc81c1\uc885\uc77c\ubc18\uc8fc\uac70\uc9c0\uc5ed", "use": "\uacf5\uc5c5\uc6a9", "owner": "\ubc95\uc778", "price": 428300.0, "price_year": "2025", "included": true, "free": false, "note": ""}, "geometry": {"type": "MultiPolygon", "coordinates": [[[[127.2071640790949, 37.709904812898486], [127.20680448916083, 37.709876068007205], [127.2066633997082, 37.710106392991065], [127.20663194602216, 37.71015773964636], [127.20672792619446, 37.710167321093984], [127.20678134885947, 37.710194860707915], [127.20682840830648, 37.71019322011085], [127.20687938207742, 37.710208663984105], [127.20688883680623, 37.71021153060564], [127.20708925893373, 37.710272248777194], [127.2071640790949, 37.709904812898486]]]]}}, {"id": "110", "type": "Feature", "properties": {"pnu": "4136026221100070008", "addr": "\uacbd\uae30\ub3c4 \ub0a8\uc591\uc8fc\uc2dc \uc624\ub0a8\uc74d \uc591\uc9c0\ub9ac 7-8", "jibun": "7-8", "jimok": "\ub300", "area_reg": 211.0, "area_geom": 210.5, "incl_ratio": 1.0, "area_incl": 211.0, "zone": "\uc81c1\uc885\uc77c\ubc18\uc8fc\uac70\uc9c0\uc5ed", "use": "\uacf5\uc5c5\uc6a9", "owner": "\uac1c\uc778", "price": 428800.0, "price_year": "2025", "included": true, "free": false, "note": ""}, "geometry": {"type": "MultiPolygon", "coordinates": [[[[127.20723269296649, 37.710373555406335], [127.20683005491689, 37.71025157274684], [127.20689649196112, 37.71035953681068], [127.20698969770284, 37.71039923312615], [127.20706843179086, 37.71037288683404], [127.20723269296649, 37.710373555406335]]]]}}, {"id": "111", "type": "Feature", "properties": {"pnu": "4136026221100070009", "addr": "\uacbd\uae30\ub3c4 \ub0a8\uc591\uc8fc\uc2dc \uc624\ub0a8\uc74d \uc591\uc9c0\ub9ac 7-9", "jibun": "7-9", "jimok": "\ub300", "area_reg": 3171.0, "area_geom": 3170.5, "incl_ratio": 1.0, "area_incl": 3171.0, "zone": "\uacc4\ud68d\uad00\ub9ac\uc9c0\uc5ed", "use": "\uacf5\uc5c5\uae30\ud0c0", "owner": "\uac1c\uc778", "price": 428400.0, "price_year": "2025", "included": true, "free": false, "note": ""}, "geometry": {"type": "MultiPolygon", "coordinates": [[[[127.20796596344235, 37.70931083796047], [127.20756014880861, 37.709387490101065], [127.20778882697988, 37.70977036084967], [127.20807099131763, 37.70968368061125], [127.20851220745956, 37.70954814056664], [127.20847691169499, 37.70926130820265], [127.20803297408465, 37.70929826928314], [127.20792508353736, 37.709086974639035], [127.20786142540625, 37.70910611443456], [127.20796596344235, 37.70931083796047]]]]}}, {"id": "112", "type": "Feature", "properties": {"pnu": "4136026221100060001", "addr": "\uacbd\uae30\ub3c4 \ub0a8\uc591\uc8fc\uc2dc \uc624\ub0a8\uc74d \uc591\uc9c0\ub9ac 6-1", "jibun": "6-1", "jimok": "\ubb18\uc9c0", "area_reg": 995.0, "area_geom": 995.0, "incl_ratio": 1.0, "area_incl": 995.0, "zone": "\uc0dd\uc0b0\uad00\ub9ac\uc9c0\uc5ed", "use": "\uc784\uc57c\uae30\ud0c0", "owner": "\uc885\uc911", "price": 26200.0, "price_year": "2025", "included": true, "free": false, "note": ""}, "geometry": {"type": "MultiPolygon", "coordinates": [[[[127.20841514695313, 37.71132405875312], [127.20877709231257, 37.71133253187801], [127.20870990580208, 37.711046278282275], [127.20832986705547, 37.7110641628771], [127.20841514695313, 37.71132405875312]]]]}}, {"id": "113", "type": "Feature", "properties": {"pnu": "4136026221100060002", "addr": "\uacbd\uae30\ub3c4 \ub0a8\uc591\uc8fc\uc2dc \uc624\ub0a8\uc74d \uc591\uc9c0\ub9ac 6-2", "jibun": "6-2", "jimok": "\ub2f5", "area_reg": 53.0, "area_geom": 53.0, "incl_ratio": 1.0, "area_incl": 53.0, "zone": "\uc790\uc5f0\ub179\uc9c0\uc9c0\uc5ed", "use": "\ub2f5", "owner": "\uc2dc  \ub3c4\uc720\uc9c0", "price": 141000.0, "price_year": "2025", "included": true, "free": false, "note": ""}, "geometry": {"type": "MultiPolygon", "coordinates": [[[[127.20812073916379, 37.710650608191415], [127.20795831719687, 37.71065088365021], [127.20800449990745, 37.710680588687886], [127.20811313044098, 37.71070405775129], [127.20812073916379, 37.710650608191415]]]]}}, {"id": "114", "type": "Feature", "properties": {"pnu": "4136026221100060003", "addr": "\uacbd\uae30\ub3c4 \ub0a8\uc591\uc8fc\uc2dc \uc624\ub0a8\uc74d \uc591\uc9c0\ub9ac 6-3", "jibun": "6-3", "jimok": "\ub2f5", "area_reg": 218.0, "area_geom": 218.9, "incl_ratio": 1.0, "area_incl": 218.0, "zone": "\uc790\uc5f0\ub179\uc9c0\uc9c0\uc5ed", "use": "\ub2f5", "owner": "\uc2dc  \ub3c4\uc720\uc9c0", "price": 141000.0, "price_year": "2025", "included": true, "free": false, "note": ""}, "geometry": {"type": "MultiPolygon", "coordinates": [[[[127.20812073916379, 37.710650608191415], [127.2081262677552, 37.71061178493594], [127.2081536014275, 37.7105432096478], [127.2080982813824, 37.7105146919304], [127.20798047233818, 37.71055923474709], [127.20792609593335, 37.710568348601875], [127.20792623281974, 37.710621793601675], [127.2079412756387, 37.710639930721754], [127.20795831719687, 37.71065088365021], [127.20812073916379, 37.710650608191415]]]]}}, {"id": "115", "type": "Feature", "properties": {"pnu": "4136026221100070001", "addr": "\uacbd\uae30\ub3c4 \ub0a8\uc591\uc8fc\uc2dc \uc624\ub0a8\uc74d \uc591\uc9c0\ub9ac 7-1", "jibun": "7-1", "jimok": "\uc784\uc57c", "area_reg": 114.0, "area_geom": 114.0, "incl_ratio": 1.0, "area_incl": 114.0, "zone": "\uc790\uc5f0\ub179\uc9c0\uc9c0\uc5ed", "use": "\uc804\uae30\ud0c0", "owner": "\uac1c\uc778", "price": 150900.0, "price_year": "2025", "included": true, "free": false, "note": ""}, "geometry": {"type": "MultiPolygon", "coordinates": [[[[127.20792609593335, 37.710568348601875], [127.20792591620086, 37.710507632889545], [127.20768216716445, 37.71049053554004], [127.20783441631846, 37.71057214894539], [127.2078873058341, 37.710574849385345], [127.20792609593335, 37.710568348601875]]]]}}, {"id": "116", "type": "Feature", "properties": {"pnu": "4136026221101890009", "addr": "\uacbd\uae30\ub3c4 \ub0a8\uc591\uc8fc\uc2dc \uc624\ub0a8\uc74d \uc591\uc9c0\ub9ac 189-9", "jibun": "189-9", "jimok": "\uad6c\uac70", "area_reg": 159.0, "area_geom": 156.6, "incl_ratio": 1.0, "area_incl": 159.0, "zone": "\uc81c2\uc885\uc77c\ubc18\uc8fc\uac70\uc9c0\uc5ed", "use": "\ud558\ucc9c\ub4f1", "owner": "\uad6d\uc720\uc9c0", "price": 168100.0, "price_year": "2025", "included": true, "free": false, "note": ""}, "geometry": {"type": "MultiPolygon", "coordinates": [[[[127.20101211248303, 37.70346379173714], [127.20092509081313, 37.70347616503077], [127.20079661380224, 37.70347257112524], [127.20077788086856, 37.70346418775662], [127.20073601491536, 37.703464258491096], [127.20067060786779, 37.70346436896961], [127.2007156404467, 37.70349079032298], [127.20081069850133, 37.70351099154711], [127.2009631635587, 37.703507805642246], [127.20106673916067, 37.70349466551737], [127.20113005992263, 37.70349885595897], [127.20116770163627, 37.703505044941195], [127.20115385192405, 37.70348666165071], [127.20115064886897, 37.703463557292295], [127.20101211248303, 37.70346379173714]]]]}}, {"id": "117", "type": "Feature", "properties": {"pnu": "4136026221100150042", "addr": "\uacbd\uae30\ub3c4 \ub0a8\uc591\uc8fc\uc2dc \uc624\ub0a8\uc74d \uc591\uc9c0\ub9ac 15-42", "jibun": "15-42", "jimok": "\ub3c4\ub85c", "area_reg": 2.0, "area_geom": 2.1, "incl_ratio": 1.0, "area_incl": 2.0, "zone": "\uc81c1\uc885\uc77c\ubc18\uc8fc\uac70\uc9c0\uc5ed", "use": "\ub3c4\ub85c\ub4f1", "owner": "\uac1c\uc778", "price": 211600.0, "price_year": "2025", "included": true, "free": false, "note": ""}, "geometry": {"type": "MultiPolygon", "coordinates": [[[[127.20624536884227, 37.70940097011387], [127.2062387651028, 37.70942030728103], [127.20625641780856, 37.70941451045558], [127.20626413432397, 37.70941217256731], [127.20624536884227, 37.70940097011387]]]]}}, {"id": "118", "type": "Feature", "properties": {"pnu": "4136026221101890010", "addr": "\uacbd\uae30\ub3c4 \ub0a8\uc591\uc8fc\uc2dc \uc624\ub0a8\uc74d \uc591\uc9c0\ub9ac 189-10", "jibun": "189-10", "jimok": "\uad6c\uac70", "area_reg": 1361.0, "area_geom": 1307.6, "incl_ratio": 1.0, "area_incl": 1361.0, "zone": "\uc81c2\uc885\uc77c\ubc18\uc8fc\uac70\uc9c0\uc5ed", "use": "\ud558\ucc9c\ub4f1", "owner": "\ubc95\uc778", "price": 168100.0, "price_year": "2025", "included": true, "free": false, "note": ""}, "geometry": {"type": "MultiPolygon", "coordinates": [[[[127.20115064886897, 37.703463557292295], [127.20115385192405, 37.70348666165071], [127.20116770163627, 37.703505044941195], [127.20113005992263, 37.70349885595897], [127.20106673916067, 37.70349466551737], [127.2009631635587, 37.703507805642246], [127.20081069850133, 37.70351099154711], [127.2007156404467, 37.70349079032298], [127.20073201801273, 37.70350040299436], [127.20089942508021, 37.70353817687736], [127.20098732125602, 37.70350935048229], [127.20104661767617, 37.70350131265599], [127.20117918641401, 37.70351262965053], [127.20132127556711, 37.703589691881305], [127.20146126407725, 37.70366560426461], [127.2015652077565, 37.70376406574561], [127.20161274078602, 37.70385148692425], [127.20178491599992, 37.70386132150834], [127.20179415933438, 37.703861855399595], [127.20188338228832, 37.70388779581082], [127.20199228607565, 37.70388238511845], [127.20204193267779, 37.70393753893503], [127.20218138203403, 37.7039685742566], [127.20220391185285, 37.70401398965272], [127.20222568076808, 37.70403373781755], [127.20228332541545, 37.70405224463982], [127.20230309261885, 37.704082402355446], [127.20227120183453, 37.7040937908029], [127.20236988360611, 37.70419574726162], [127.20250842815676, 37.70427783246773], [127.20258239279472, 37.70435995556135], [127.20269834600435, 37.70445354835493], [127.2026660909953, 37.70449384952697], [127.20271966628906, 37.70451279553883], [127.20283487751182, 37.704646356309176], [127.20290278523015, 37.704643852798874], [127.20298995947876, 37.70470004129189], [127.20302733621858, 37.70473373661998], [127.20309642737375, 37.70480809237585], [127.2032356130743, 37.70484568592601], [127.20321824702727, 37.70489418759479], [127.20331284457596, 37.70492347832748], [127.2033965127721, 37.70494523760121], [127.202879078301, 37.70458691619772], [127.2025074440189, 37.70423673207728], [127.20232322640427, 37.704063483825095], [127.20204021312261, 37.70386749174962], [127.20199838032632, 37.703858904592465], [127.20182775778491, 37.703802397641184], [127.20178908914167, 37.70374755844692], [127.20166144320156, 37.70371162840071], [127.20154443708971, 37.70371059260438], [127.20147028374672, 37.7036208740244], [127.20134012726942, 37.703574694891856], [127.20118022265076, 37.70346350722357], [127.20115064886897, 37.703463557292295]]]]}}, {"id": "119", "type": "Feature", "properties": {"pnu": "4136026221101900001", "addr": "\uacbd\uae30\ub3c4 \ub0a8\uc591\uc8fc\uc2dc \uc624\ub0a8\uc74d \uc591\uc9c0\ub9ac 190-1", "jibun": "190-1", "jimok": "\uc804", "area_reg": 1653.0, "area_geom": 1665.1, "incl_ratio": 1.0, "area_incl": 1653.0, "zone": "\uc81c2\uc885\uc77c\ubc18\uc8fc\uac70\uc9c0\uc5ed", "use": "\uc804", "owner": "\ubc95\uc778", "price": 256900.0, "price_year": "2025", "included": true, "free": false, "note": ""}, "geometry": {"type": "MultiPolygon", "coordinates": [[[[127.20377056740388, 37.70642541492342], [127.2037718153299, 37.706271185485264], [127.20378658046269, 37.70620452474004], [127.20381597238894, 37.706141334647256], [127.20381846913574, 37.706029385378606], [127.20387082190727, 37.70583171377522], [127.20362845028104, 37.70578969394769], [127.20361016070903, 37.70585305417389], [127.20359746115396, 37.70588695224824], [127.20347799218302, 37.705953296810904], [127.2033724213424, 37.70600121974301], [127.20354342171373, 37.70614868527853], [127.20360617446188, 37.70641058757344], [127.20367770124119, 37.706449828160686], [127.20377056740388, 37.70642541492342]]]]}}, {"id": "120", "type": "Feature", "properties": {"pnu": "4136026221101900002", "addr": "\uacbd\uae30\ub3c4 \ub0a8\uc591\uc8fc\uc2dc \uc624\ub0a8\uc74d \uc591\uc9c0\ub9ac 190-2", "jibun": "190-2", "jimok": "\uc804", "area_reg": 1851.0, "area_geom": 1843.6, "incl_ratio": 1.0, "area_incl": 1851.0, "zone": "\uc81c2\uc885\uc77c\ubc18\uc8fc\uac70\uc9c0\uc5ed", "use": "\uc804", "owner": "\ubc95\uc778", "price": 244700.0, "price_year": "2025", "included": true, "free": false, "note": ""}, "geometry": {"type": "MultiPolygon", "coordinates": [[[[127.2033724213424, 37.70600121974301], [127.2032686131997, 37.70598408984137], [127.20320955396463, 37.70590452748226], [127.20311640001809, 37.70587275654932], [127.20301889189643, 37.70579921520199], [127.20300621053792, 37.705789659605024], [127.20285450052447, 37.70571312941751], [127.20276393544574, 37.70566986647108], [127.20277000422267, 37.705657972375626], [127.202585623974, 37.70548062546332], [127.20254614194505, 37.70543166221854], [127.20251264905349, 37.70542107890472], [127.2024908897901, 37.70545968633628], [127.20262171893485, 37.70559386035941], [127.20273541301574, 37.705677420188735], [127.20289710039208, 37.70577009681734], [127.20296187739098, 37.70582136825362], [127.20300124160039, 37.705922983993254], [127.20308474425323, 37.7060591123521], [127.20321465816397, 37.706281608929544], [127.20338267585112, 37.70633687496904], [127.20357368194848, 37.70639276809499], [127.20360617446188, 37.70641058757344], [127.20354342171373, 37.70614868527853], [127.2033724213424, 37.70600121974301]]]]}}, {"id": "121", "type": "Feature", "properties": {"pnu": "4136026221101900003", "addr": "\uacbd\uae30\ub3c4 \ub0a8\uc591\uc8fc\uc2dc \uc624\ub0a8\uc74d \uc591\uc9c0\ub9ac 190-3", "jibun": "190-3", "jimok": "\uc804", "area_reg": 1970.0, "area_geom": 1982.9, "incl_ratio": 1.0, "area_incl": 1970.0, "zone": "\uc81c2\uc885\uc77c\ubc18\uc8fc\uac70\uc9c0\uc5ed", "use": "\uc804", "owner": "\ubc95\uc778", "price": 256900.0, "price_year": "2025", "included": true, "free": false, "note": ""}, "geometry": {"type": "MultiPolygon", "coordinates": [[[[127.20362845028104, 37.70578969394769], [127.20387082190727, 37.70583171377522], [127.20388123841293, 37.705792332707944], [127.20397574040845, 37.705777637920306], [127.20418228051389, 37.705679104899986], [127.20423127101455, 37.70571299611107], [127.20428219084293, 37.70570996240872], [127.20429839663807, 37.70566449884028], [127.20423684784815, 37.70551638678919], [127.20415005377895, 37.70545891920327], [127.20400108989595, 37.705458292135035], [127.20382588645772, 37.705391344758894], [127.20376423319908, 37.705396342759414], [127.20370931179798, 37.70547498313773], [127.20366429391257, 37.70552579369991], [127.20360549052675, 37.705573906953425], [127.20358767378039, 37.7055942092148], [127.20359731223223, 37.70561488788149], [127.20362343800622, 37.70565605328106], [127.20361615195519, 37.705737468022946], [127.20363467404593, 37.705768105151286], [127.20362845028104, 37.70578969394769]]]]}}, {"id": "122", "type": "Feature", "properties": {"pnu": "4136026221100150035", "addr": "\uacbd\uae30\ub3c4 \ub0a8\uc591\uc8fc\uc2dc \uc624\ub0a8\uc74d \uc591\uc9c0\ub9ac 15-35", "jibun": "15-35", "jimok": "\ub3c4\ub85c", "area_reg": 60.0, "area_geom": 59.1, "incl_ratio": 1.0, "area_incl": 60.0, "zone": "\uc81c1\uc885\uc77c\ubc18\uc8fc\uac70\uc9c0\uc5ed", "use": "\ub3c4\ub85c\ub4f1", "owner": "\uac1c\uc778", "price": 211600.0, "price_year": "2025", "included": true, "free": false, "note": ""}, "geometry": {"type": "MultiPolygon", "coordinates": [[[[127.20579662579257, 37.70929098370383], [127.20582553264641, 37.709204125629405], [127.20575892866061, 37.70919142027543], [127.20573171893113, 37.709276860879406], [127.20579662579257, 37.70929098370383]]]]}}, {"id": "123", "type": "Feature", "properties": {"pnu": "4136026221100070060", "addr": "\uacbd\uae30\ub3c4 \ub0a8\uc591\uc8fc\uc2dc \uc624\ub0a8\uc74d \uc591\uc9c0\ub9ac 7-60", "jibun": "7-60", "jimok": "\uc784\uc57c", "area_reg": 54.0, "area_geom": 53.8, "incl_ratio": 1.0, "area_incl": 54.0, "zone": "\uc790\uc5f0\ub179\uc9c0\uc9c0\uc5ed", "use": "\uc804\uae30\ud0c0", "owner": "\uc2dc  \ub3c4\uc720\uc9c0", "price": 150900.0, "price_year": "2025", "included": true, "free": false, "note": ""}, "geometry": {"type": "MultiPolygon", "coordinates": [[[[127.20808705446743, 37.710518937123986], [127.20792591620086, 37.710507632889545], [127.20792609593335, 37.710568348601875], [127.20798047233818, 37.71055923474709], [127.20808705446743, 37.710518937123986]]]]}}, {"id": "124", "type": "Feature", "properties": {"pnu": "4136026221100070023", "addr": "\uacbd\uae30\ub3c4 \ub0a8\uc591\uc8fc\uc2dc \uc624\ub0a8\uc74d \uc591\uc9c0\ub9ac 7-23", "jibun": "7-23", "jimok": "\uacf5\uc7a5\uc6a9\uc9c0", "area_reg": 914.0, "area_geom": 914.1, "incl_ratio": 1.0, "area_incl": 914.0, "zone": "\uacc4\ud68d\uad00\ub9ac\uc9c0\uc5ed", "use": "\uacf5\uc5c5\uae30\ud0c0", "owner": "\uac1c\uc778", "price": 436200.0, "price_year": "2025", "included": true, "free": false, "note": ""}, "geometry": {"type": "MultiPolygon", "coordinates": [[[[127.20844208028745, 37.709569688597135], [127.2084830962041, 37.7096582895968], [127.20886244556118, 37.70959093373293], [127.20915986347548, 37.70952136943131], [127.20910915372399, 37.7093647628674], [127.20844208028745, 37.709569688597135]]]]}}, {"id": "125", "type": "Feature", "properties": {"pnu": "4136026221100070063", "addr": "\uacbd\uae30\ub3c4 \ub0a8\uc591\uc8fc\uc2dc \uc624\ub0a8\uc74d \uc591\uc9c0\ub9ac 7-63", "jibun": "7-63", "jimok": "\ub300", "area_reg": 95.0, "area_geom": 94.4, "incl_ratio": 1.0, "area_incl": 95.0, "zone": "\uc81c1\uc885\uc77c\ubc18\uc8fc\uac70\uc9c0\uc5ed", "use": "\uacf5\uc5c5\uc6a9", "owner": "\uac1c\uc778", "price": 428800.0, "price_year": "2025", "included": true, "free": false, "note": ""}, "geometry": {"type": "MultiPolygon", "coordinates": [[[[127.20698969770284, 37.71039923312615], [127.20689649196112, 37.71035953681068], [127.20683214956034, 37.710386002084974], [127.2068640159123, 37.71042257983156], [127.20698962190791, 37.71047036444212], [127.20698969770284, 37.71039923312615]]]]}}, {"id": "126", "type": "Feature", "properties": {"pnu": "4136026221100120002", "addr": "\uacbd\uae30\ub3c4 \ub0a8\uc591\uc8fc\uc2dc \uc624\ub0a8\uc74d \uc591\uc9c0\ub9ac 12-2", "jibun": "12-2", "jimok": "\uacf5\uc7a5\uc6a9\uc9c0", "area_reg": 1951.0, "area_geom": 1951.2, "incl_ratio": 1.0, "area_incl": 1951.0, "zone": "\ub18d\ub9bc\uc9c0\uc5ed", "use": "\uacf5\uc5c5\uc6a9", "owner": "\uac1c\uc778", "price": 313000.0, "price_year": "2025", "included": true, "free": false, "note": ""}, "geometry": {"type": "MultiPolygon", "coordinates": [[[[127.20744799838309, 37.708250956230785], [127.2075592138283, 37.70868107197301], [127.20802800298831, 37.70864290691162], [127.20802073426754, 37.70862674731521], [127.20796809572919, 37.7084809912325], [127.20796088370422, 37.70845664175849], [127.20790050565954, 37.70821481124281], [127.20744799838309, 37.708250956230785]]]]}}, {"id": "127", "type": "Feature", "properties": {"pnu": "4136026221100090047", "addr": "\uacbd\uae30\ub3c4 \ub0a8\uc591\uc8fc\uc2dc \uc624\ub0a8\uc74d \uc591\uc9c0\ub9ac 9-47", "jibun": "9-47", "jimok": "\ub3c4\ub85c", "area_reg": 136.0, "area_geom": 135.4, "incl_ratio": 1.0, "area_incl": 136.0, "zone": "\uc81c1\uc885\uc77c\ubc18\uc8fc\uac70\uc9c0\uc5ed", "use": "\ub3c4\ub85c\ub4f1", "owner": "\uac1c\uc778", "price": 211600.0, "price_year": "2025", "included": true, "free": false, "note": ""}, "geometry": {"type": "MultiPolygon", "coordinates": [[[[127.20559292705524, 37.70978756096998], [127.20559231292842, 37.709886190679654], [127.20561551713739, 37.70987008631182], [127.2056693757234, 37.7096846825802], [127.20570530375812, 37.709560998950195], [127.20566151414518, 37.70955146147052], [127.20559292705524, 37.70978756096998]]]]}}, {"id": "128", "type": "Feature", "properties": {"pnu": "4136026221100120035", "addr": "\uacbd\uae30\ub3c4 \ub0a8\uc591\uc8fc\uc2dc \uc624\ub0a8\uc74d \uc591\uc9c0\ub9ac 12-35", "jibun": "12-35", "jimok": "\uc784\uc57c", "area_reg": 196.0, "area_geom": 200.5, "incl_ratio": 1.0, "area_incl": 196.0, "zone": "\ub18d\ub9bc\uc9c0\uc5ed", "use": "\uacf5\uc5c5\uae30\ud0c0", "owner": "\uac1c\uc778", "price": 238700.0, "price_year": "2025", "included": true, "free": false, "note": ""}, "geometry": {"type": "MultiPolygon", "coordinates": [[[[127.2083925280403, 37.708013385193304], [127.20818014364077, 37.70819248209033], [127.20843285392557, 37.70817228976775], [127.2083925280403, 37.708013385193304]]]]}}, {"id": "129", "type": "Feature", "properties": {"pnu": "4136026221100070061", "addr": "\uacbd\uae30\ub3c4 \ub0a8\uc591\uc8fc\uc2dc \uc624\ub0a8\uc74d \uc591\uc9c0\ub9ac 7-61", "jibun": "7-61", "jimok": "\uacf5\uc7a5\uc6a9\uc9c0", "area_reg": 56.0, "area_geom": 56.4, "incl_ratio": 1.0, "area_incl": 56.0, "zone": "\uacc4\ud68d\uad00\ub9ac\uc9c0\uc5ed", "use": "\uacf5\uc5c5\uc6a9", "owner": "\uc2dc  \ub3c4\uc720\uc9c0", "price": 436200.0, "price_year": "2025", "included": true, "free": false, "note": ""}, "geometry": {"type": "MultiPolygon", "coordinates": [[[[127.20806923475315, 37.71023985840546], [127.20815237451045, 37.71037906499481], [127.20815198758113, 37.710239704411826], [127.20806923475315, 37.71023985840546]]]]}}, {"id": "130", "type": "Feature", "properties": {"pnu": "4136026221100090040", "addr": "\uacbd\uae30\ub3c4 \ub0a8\uc591\uc8fc\uc2dc \uc624\ub0a8\uc74d \uc591\uc9c0\ub9ac 9-40", "jibun": "9-40", "jimok": "\ucc3d\uace0\uc6a9\uc9c0", "area_reg": 826.0, "area_geom": 821.8, "incl_ratio": 1.0, "area_incl": 826.0, "zone": "\uc81c1\uc885\uc77c\ubc18\uc8fc\uac70\uc9c0\uc5ed", "use": "\uacf5\uc5c5\uae30\ud0c0", "owner": "\uac1c\uc778", "price": 442100.0, "price_year": "2025", "included": true, "free": false, "note": ""}, "geometry": {"type": "MultiPolygon", "coordinates": [[[[127.20554485709536, 37.71002034540982], [127.20594783802657, 37.71011974467902], [127.20602266534684, 37.70992625882207], [127.20565988807085, 37.709839286595255], [127.20559231292842, 37.709886190679654], [127.20554485709536, 37.71002034540982]]]]}}, {"id": "131", "type": "Feature", "properties": {"pnu": "4136026221100070002", "addr": "\uacbd\uae30\ub3c4 \ub0a8\uc591\uc8fc\uc2dc \uc624\ub0a8\uc74d \uc591\uc9c0\ub9ac 7-2", "jibun": "7-2", "jimok": "\uacf5\uc7a5\uc6a9\uc9c0", "area_reg": 4715.0, "area_geom": 4714.0, "incl_ratio": 1.0, "area_incl": 4715.0, "zone": "\uacc4\ud68d\uad00\ub9ac\uc9c0\uc5ed", "use": "\uacf5\uc5c5\uc6a9", "owner": "\ubc95\uc778", "price": 436200.0, "price_year": "2025", "included": true, "free": false, "note": ""}, "geometry": {"type": "MultiPolygon", "coordinates": [[[[127.20836662287167, 37.71068881950591], [127.20893605152393, 37.71067524177453], [127.20884189649712, 37.71006322870448], [127.20822652271974, 37.71004103713005], [127.20803503311684, 37.7100239660104], [127.20792144798861, 37.709992414877895], [127.20792451288574, 37.709997554023325], [127.20806923475315, 37.71023985840546], [127.20815198758113, 37.710239704411826], [127.20815237451045, 37.71037906499481], [127.20817104878434, 37.710410322781954], [127.20819782302142, 37.710467036647906], [127.20820162599752, 37.710476580210546], [127.20820521365135, 37.71048617820835], [127.20820859729844, 37.71049582161186], [127.20821176559815, 37.71050551044099], [127.20821471855024, 37.71051524469573], [127.20821746747045, 37.71052501534667], [127.20821998967723, 37.71053482243353], [127.20822229651117, 37.710544665936446], [127.2082243879472, 37.710554536845805], [127.20822626401028, 37.71056444417128], [127.20822792465026, 37.71057436989365], [127.20822936986703, 37.71058431401291], [127.20823058831982, 37.71059427654899], [127.20823159134926, 37.710604257481954], [127.2082323789302, 37.710614247802255], [127.20823293974692, 37.71062425653935], [127.20823328508995, 37.710634265654136], [127.20823340361851, 37.71064427516657], [127.20823330667322, 37.71065428505672], [127.20823299425396, 37.71066429532456], [127.20823245499497, 37.71067429698043], [127.2082317002368, 37.71068429000441], [127.20823120376735, 37.710689282220294], [127.20823071863862, 37.71069427441637], [127.20823039733975, 37.71069700490328], [127.20836662287167, 37.71068881950591]]]]}}, {"id": "132", "type": "Feature", "properties": {"pnu": "4136026221100090036", "addr": "\uacbd\uae30\ub3c4 \ub0a8\uc591\uc8fc\uc2dc \uc624\ub0a8\uc74d \uc591\uc9c0\ub9ac 9-36", "jibun": "9-36", "jimok": "\ucc3d\uace0\uc6a9\uc9c0", "area_reg": 276.0, "area_geom": 280.2, "incl_ratio": 1.0, "area_incl": 276.0, "zone": "\uc81c1\uc885\uc77c\ubc18\uc8fc\uac70\uc9c0\uc5ed", "use": "\uacf5\uc5c5\uae30\ud0c0", "owner": "\ubc95\uc778", "price": 435000.0, "price_year": "2025", "included": true, "free": false, "note": ""}, "geometry": {"type": "MultiPolygon", "coordinates": [[[[127.20542883312548, 37.71034829915968], [127.20543243071499, 37.710349238951714], [127.20567562950049, 37.71033973640979], [127.20570277395834, 37.71033781540257], [127.20581006117459, 37.71029789701944], [127.20547452256842, 37.71021913888469], [127.20546860322692, 37.71023588004332], [127.20542883312548, 37.71034829915968]]]]}}, {"id": "133", "type": "Feature", "properties": {"pnu": "4136026221100070003", "addr": "\uacbd\uae30\ub3c4 \ub0a8\uc591\uc8fc\uc2dc \uc624\ub0a8\uc74d \uc591\uc9c0\ub9ac 7-3", "jibun": "7-3", "jimok": "\uc7a1\uc885\uc9c0", "area_reg": 1984.0, "area_geom": 1983.9, "incl_ratio": 1.0, "area_incl": 1984.0, "zone": "\uc81c1\uc885\uc77c\ubc18\uc8fc\uac70\uc9c0\uc5ed", "use": "\uacf5\uc5c5\uc6a9", "owner": "\uac1c\uc778", "price": 439400.0, "price_year": "2025", "included": true, "free": false, "note": ""}, "geometry": {"type": "MultiPolygon", "coordinates": [[[[127.2068847553447, 37.709739332929075], [127.20693800423187, 37.709810830862466], [127.20748446372109, 37.70985538537492], [127.20755708294105, 37.70964825277645], [127.20702699900995, 37.7093689506286], [127.2068847553447, 37.709739332929075]]]]}}, {"id": "134", "type": "Feature", "properties": {"pnu": "4136026221100070004", "addr": "\uacbd\uae30\ub3c4 \ub0a8\uc591\uc8fc\uc2dc \uc624\ub0a8\uc74d \uc591\uc9c0\ub9ac 7-4", "jibun": "7-4", "jimok": "\ucc3d\uace0\uc6a9\uc9c0", "area_reg": 2068.0, "area_geom": 2067.2, "incl_ratio": 1.0, "area_incl": 2068.0, "zone": "\uc81c1\uc885\uc77c\ubc18\uc8fc\uac70\uc9c0\uc5ed", "use": "\uacf5\uc5c5\uc6a9", "owner": "\uac1c\uc778", "price": 0.0, "price_year": "2025", "included": true, "free": false, "note": ""}, "geometry": {"type": "MultiPolygon", "coordinates": [[[[127.20746013274, 37.710398565614575], [127.20752542953045, 37.71041378597938], [127.20751904718817, 37.7104310776374], [127.20760888991987, 37.71045202124726], [127.20768511818036, 37.71045456385975], [127.20792581585071, 37.71047145031313], [127.20792451288574, 37.709997554023325], [127.20792144798861, 37.709992414877895], [127.20790446018273, 37.70996398312721], [127.20772988845638, 37.70995003527716], [127.207554794976, 37.709936034022334], [127.20746013274, 37.710398565614575]]]]}}, {"id": "135", "type": "Feature", "properties": {"pnu": "4136026221100070005", "addr": "\uacbd\uae30\ub3c4 \ub0a8\uc591\uc8fc\uc2dc \uc624\ub0a8\uc74d \uc591\uc9c0\ub9ac 7-5", "jibun": "7-5", "jimok": "\uacf5\uc7a5\uc6a9\uc9c0", "area_reg": 1614.0, "area_geom": 1613.6, "incl_ratio": 1.0, "area_incl": 1614.0, "zone": "\uc81c1\uc885\uc77c\ubc18\uc8fc\uac70\uc9c0\uc5ed", "use": "\uacf5\uc5c5\uc6a9", "owner": "\ubc95\uc778", "price": 442100.0, "price_year": "2025", "included": true, "free": false, "note": ""}, "geometry": {"type": "MultiPolygon", "coordinates": [[[[127.20667935839317, 37.709169244406226], [127.20654560509224, 37.70953052080143], [127.20650305423173, 37.70964549485748], [127.20677510984633, 37.70970905319875], [127.20678100239944, 37.70969916836432], [127.20691386274792, 37.70935570534953], [127.20691386272303, 37.70935569633989], [127.20696214660909, 37.70923087360315], [127.20691439678065, 37.709220469551624], [127.20701589584806, 37.70902778348475], [127.20698819791073, 37.709030318414854], [127.2069856816316, 37.709075983714534], [127.20689477990308, 37.709139110527296], [127.20670166933145, 37.70910901210341], [127.20667935839317, 37.709169244406226]]]]}}, {"id": "136", "type": "Feature", "properties": {"pnu": "4136026221100180007", "addr": "\uacbd\uae30\ub3c4 \ub0a8\uc591\uc8fc\uc2dc \uc624\ub0a8\uc74d \uc591\uc9c0\ub9ac 18-7", "jibun": "18-7", "jimok": "\ub3c4\ub85c", "area_reg": 62.0, "area_geom": 65.6, "incl_ratio": 1.0, "area_incl": 62.0, "zone": "\ubcf4\uc804\uad00\ub9ac\uc9c0\uc5ed", "use": "\ub3c4\ub85c\ub4f1", "owner": "\uac1c\uc778", "price": 170300.0, "price_year": "2025", "included": true, "free": false, "note": ""}, "geometry": {"type": "MultiPolygon", "coordinates": [[[[127.20618438844971, 37.70664947374728], [127.20629567332801, 37.70673326855484], [127.20630457307111, 37.706649994873075], [127.20630710481572, 37.70662631310149], [127.20624787088563, 37.70663302904312], [127.20618438844971, 37.70664947374728]]]]}}, {"id": "137", "type": "Feature", "properties": {"pnu": "4136026221100090046", "addr": "\uacbd\uae30\ub3c4 \ub0a8\uc591\uc8fc\uc2dc \uc624\ub0a8\uc74d \uc591\uc9c0\ub9ac 9-46", "jibun": "9-46", "jimok": "\ub3c4\ub85c", "area_reg": 63.0, "area_geom": 62.4, "incl_ratio": 1.0, "area_incl": 63.0, "zone": "\uc81c1\uc885\uc77c\ubc18\uc8fc\uac70\uc9c0\uc5ed", "use": "\ub3c4\ub85c\ub4f1", "owner": "\uac1c\uc778", "price": 213600.0, "price_year": "2025", "included": true, "free": false, "note": ""}, "geometry": {"type": "MultiPolygon", "coordinates": [[[[127.20552371732288, 37.709867001693205], [127.2055268031501, 37.70987156424739], [127.20559292705524, 37.70978756096998], [127.20566151414518, 37.70955146147052], [127.20563962500081, 37.70954668820993], [127.20555993798916, 37.709820980794966], [127.20552371732288, 37.709867001693205]]]]}}, {"id": "138", "type": "Feature", "properties": {"pnu": "4136026221100070010", "addr": "\uacbd\uae30\ub3c4 \ub0a8\uc591\uc8fc\uc2dc \uc624\ub0a8\uc74d \uc591\uc9c0\ub9ac 7-10", "jibun": "7-10", "jimok": "\ub3c4\ub85c", "area_reg": 2705.0, "area_geom": 2700.6, "incl_ratio": 1.0, "area_incl": 2705.0, "zone": "\uc81c1\uc885\uc77c\ubc18\uc8fc\uac70\uc9c0\uc5ed", "use": "\ub3c4\ub85c\ub4f1", "owner": "\ubc95\uc778", "price": 141700.0, "price_year": "2025", "included": true, "free": false, "note": ""}, "geometry": {"type": "MultiPolygon", "coordinates": [[[[127.20543243071499, 37.710349238951714], [127.20539466630333, 37.71034933128065], [127.20515729456794, 37.710337371203366], [127.2049002051461, 37.71023964576008], [127.20483430033252, 37.710275590792264], [127.20486726223254, 37.7103108968307], [127.20494596320745, 37.71036762098562], [127.2050258272428, 37.710385133083435], [127.20513222033745, 37.7104410525067], [127.205199893843, 37.710429799704364], [127.20539117070784, 37.7104394428333], [127.20569911540842, 37.71043866674886], [127.20584557904118, 37.71038416594504], [127.2060136582957, 37.710329807667584], [127.20615618667563, 37.71028371029582], [127.20622631725068, 37.7102546675912], [127.20632114455978, 37.71022854612804], [127.20637460348793, 37.71014981704042], [127.20652702881075, 37.71012324395668], [127.2066517799098, 37.710042165390036], [127.2067941162899, 37.7098034502622], [127.20693800423187, 37.709810830862466], [127.2068847553447, 37.709739332929075], [127.20702699900995, 37.7093689506286], [127.20714452177583, 37.70901602690264], [127.20701589584806, 37.70902778348475], [127.20691439678065, 37.709220469551624], [127.20696214660909, 37.70923087360315], [127.20692876002252, 37.709317181159626], [127.20691386272303, 37.70935569633989], [127.20691386274792, 37.70935570534953], [127.20678100239944, 37.70969916836432], [127.2067272355796, 37.7097893494432], [127.20659684226572, 37.71000803328723], [127.20649654331078, 37.71007322131829], [127.2064172305056, 37.71008704482152], [127.20620855329747, 37.71014174444518], [127.20619549318273, 37.710147461214206], [127.20604936239505, 37.71021139498036], [127.20589050951233, 37.7102679627024], [127.20570277395834, 37.71033781540257], [127.20572017349656, 37.710363651977325], [127.20563475783963, 37.71040189266407], [127.20543243071499, 37.710349238951714]]]]}}, {"id": "139", "type": "Feature", "properties": {"pnu": "4136026221100070013", "addr": "\uacbd\uae30\ub3c4 \ub0a8\uc591\uc8fc\uc2dc \uc624\ub0a8\uc74d \uc591\uc9c0\ub9ac 7-13", "jibun": "7-13", "jimok": "\ub300", "area_reg": 2760.0, "area_geom": 2760.7, "incl_ratio": 1.0, "area_incl": 2760.0, "zone": "\uc81c1\uc885\uc77c\ubc18\uc8fc\uac70\uc9c0\uc5ed", "use": "\uacf5\uc5c5\uae30\ud0c0", "owner": "\uac1c\uc778", "price": 442100.0, "price_year": "2025", "included": true, "free": false, "note": ""}, "geometry": {"type": "MultiPolygon", "coordinates": [[[[127.20755708294105, 37.70964825277645], [127.20748446372109, 37.70985538537492], [127.2078577807219, 37.70988582501596], [127.20778882697988, 37.70977036084967], [127.20732570798194, 37.70899496158274], [127.20714452177583, 37.70901602690264], [127.20702699900995, 37.7093689506286], [127.20755708294105, 37.70964825277645]]]]}}, {"id": "140", "type": "Feature", "properties": {"pnu": "4136026221100070016", "addr": "\uacbd\uae30\ub3c4 \ub0a8\uc591\uc8fc\uc2dc \uc624\ub0a8\uc74d \uc591\uc9c0\ub9ac 7-16", "jibun": "7-16", "jimok": "\ub300", "area_reg": 1488.0, "area_geom": 1487.8, "incl_ratio": 1.0, "area_incl": 1488.0, "zone": "\uc81c1\uc885\uc77c\ubc18\uc8fc\uac70\uc9c0\uc5ed", "use": "\uacf5\uc5c5\uc6a9", "owner": "\ubc95\uc778", "price": 442100.0, "price_year": "2025", "included": true, "free": false, "note": ""}, "geometry": {"type": "MultiPolygon", "coordinates": [[[[127.20677510984633, 37.70970905319875], [127.20650305423173, 37.70964549485748], [127.20647246934664, 37.709728148500474], [127.2063622061674, 37.70970412215721], [127.20619549318273, 37.710147461214206], [127.20620855329747, 37.71014174444518], [127.2064172305056, 37.71008704482152], [127.20649654331078, 37.71007322131829], [127.20659684226572, 37.71000803328723], [127.20677510984633, 37.70970905319875]]]]}}, {"id": "141", "type": "Feature", "properties": {"pnu": "4136026221100070019", "addr": "\uacbd\uae30\ub3c4 \ub0a8\uc591\uc8fc\uc2dc \uc624\ub0a8\uc74d \uc591\uc9c0\ub9ac 7-19", "jibun": "7-19", "jimok": "\ub300", "area_reg": 3302.0, "area_geom": 3302.0, "incl_ratio": 1.0, "area_incl": 3302.0, "zone": "\uacc4\ud68d\uad00\ub9ac\uc9c0\uc5ed", "use": "\uacf5\uc5c5\uae30\ud0c0", "owner": "\uac1c\uc778", "price": 431000.0, "price_year": "2025", "included": true, "free": false, "note": ""}, "geometry": {"type": "MultiPolygon", "coordinates": [[[[127.20851220745956, 37.70954814056664], [127.20909811744215, 37.70936815190536], [127.20902235937626, 37.708874925744176], [127.20843499080992, 37.708920537644794], [127.20851220745956, 37.70954814056664]]]]}}, {"id": "142", "type": "Feature", "properties": {"pnu": "4136026221100070022", "addr": "\uacbd\uae30\ub3c4 \ub0a8\uc591\uc8fc\uc2dc \uc624\ub0a8\uc74d \uc591\uc9c0\ub9ac 7-22", "jibun": "7-22", "jimok": "\ub3c4\ub85c", "area_reg": 1085.0, "area_geom": 1085.0, "incl_ratio": 1.0, "area_incl": 1085.0, "zone": "\uacc4\ud68d\uad00\ub9ac\uc9c0\uc5ed", "use": "\ub3c4\ub85c\ub4f1", "owner": "\ubc95\uc778", "price": 142500.0, "price_year": "2025", "included": true, "free": false, "note": ""}, "geometry": {"type": "MultiPolygon", "coordinates": [[[[127.20812982645172, 37.708944236549726], [127.20843499080992, 37.708920537644794], [127.20902235937626, 37.708874925744176], [127.20923943781517, 37.70885806489325], [127.20923277725066, 37.708803919609196], [127.20812144426151, 37.70889057173086], [127.20721981210657, 37.708958765385006], [127.20715240539542, 37.70900441773301], [127.20714452177583, 37.70901602690264], [127.20732570798194, 37.70899496158274], [127.20733147299721, 37.709004618877096], [127.20812982645172, 37.708944236549726]]]]}}, {"id": "143", "type": "Feature", "properties": {"pnu": "4136026221100070027", "addr": "\uacbd\uae30\ub3c4 \ub0a8\uc591\uc8fc\uc2dc \uc624\ub0a8\uc74d \uc591\uc9c0\ub9ac 7-27", "jibun": "7-27", "jimok": "\uacf5\uc7a5\uc6a9\uc9c0", "area_reg": 2307.0, "area_geom": 2306.7, "incl_ratio": 1.0, "area_incl": 2307.0, "zone": "\uacc4\ud68d\uad00\ub9ac\uc9c0\uc5ed", "use": "\uacf5\uc5c5\uc6a9", "owner": "\ubc95\uc778", "price": 436200.0, "price_year": "2025", "included": true, "free": false, "note": ""}, "geometry": {"type": "MultiPolygon", "coordinates": [[[[127.20934182063729, 37.71066557172942], [127.20922763303251, 37.71008549744527], [127.20909212176313, 37.71007691562102], [127.20894875775338, 37.710066536515505], [127.20884189649712, 37.71006322870448], [127.20893605152393, 37.71067524177453], [127.20934182063729, 37.71066557172942]]]]}}, {"id": "144", "type": "Feature", "properties": {"pnu": "4136026221100070030", "addr": "\uacbd\uae30\ub3c4 \ub0a8\uc591\uc8fc\uc2dc \uc624\ub0a8\uc74d \uc591\uc9c0\ub9ac 7-30", "jibun": "7-30", "jimok": "\uacf5\uc7a5\uc6a9\uc9c0", "area_reg": 3934.0, "area_geom": 3934.0, "incl_ratio": 1.0, "area_incl": 3934.0, "zone": "\uacc4\ud68d\uad00\ub9ac\uc9c0\uc5ed", "use": "\uacf5\uc5c5\uc6a9", "owner": "\uac1c\uc778", "price": 436200.0, "price_year": "2025", "included": true, "free": false, "note": ""}, "geometry": {"type": "MultiPolygon", "coordinates": [[[[127.20924945757751, 37.70979882599218], [127.20915986347548, 37.70952136943131], [127.20886244556118, 37.70959093373293], [127.2084830962041, 37.7096582895968], [127.20844208028745, 37.709569688597135], [127.20820777881363, 37.709641663175546], [127.20820580180718, 37.709685237311426], [127.20821286253276, 37.70970403708556], [127.20833182162009, 37.70994329600325], [127.20835257792345, 37.709964729593686], [127.20838820970916, 37.70998082139068], [127.2084261718321, 37.70998664709643], [127.20909945647212, 37.71001901570845], [127.20932464605968, 37.710030313596334], [127.20924945757751, 37.70979882599218]]]]}}, {"id": "145", "type": "Feature", "properties": {"pnu": "4136026221100070031", "addr": "\uacbd\uae30\ub3c4 \ub0a8\uc591\uc8fc\uc2dc \uc624\ub0a8\uc74d \uc591\uc9c0\ub9ac 7-31", "jibun": "7-31", "jimok": "\uacf5\uc7a5\uc6a9\uc9c0", "area_reg": 1107.0, "area_geom": 1107.1, "incl_ratio": 1.0, "area_incl": 1107.0, "zone": "\uacc4\ud68d\uad00\ub9ac\uc9c0\uc5ed", "use": "\uacf5\uc5c5\uc6a9", "owner": "\uac1c\uc778", "price": 428000.0, "price_year": "2025", "included": true, "free": false, "note": ""}, "geometry": {"type": "MultiPolygon", "coordinates": [[[[127.20838820970916, 37.70998082139068], [127.20835257792345, 37.709964729593686], [127.20833182162009, 37.70994329600325], [127.20821286253276, 37.70970403708556], [127.20820580180718, 37.709685237311426], [127.20820777881363, 37.709641663175546], [127.20778882697988, 37.70977036084967], [127.2078577807219, 37.70988582501596], [127.20792852103796, 37.70990117978817], [127.20802153712937, 37.709962453735386], [127.208083662301, 37.709970958147736], [127.2084261718321, 37.70998664709643], [127.20838820970916, 37.70998082139068]]]]}}, {"id": "146", "type": "Feature", "properties": {"pnu": "4136026221100070032", "addr": "\uacbd\uae30\ub3c4 \ub0a8\uc591\uc8fc\uc2dc \uc624\ub0a8\uc74d \uc591\uc9c0\ub9ac 7-32", "jibun": "7-32", "jimok": "\uacf5\uc7a5\uc6a9\uc9c0", "area_reg": 1962.0, "area_geom": 1962.0, "incl_ratio": 1.0, "area_incl": 1962.0, "zone": "\uc81c1\uc885\uc77c\ubc18\uc8fc\uac70\uc9c0\uc5ed", "use": "\ub3c4\ub85c\ub4f1", "owner": "\ubc95\uc778", "price": 166200.0, "price_year": "2025", "included": true, "free": false, "note": ""}, "geometry": {"type": "MultiPolygon", "coordinates": [[[[127.20639416878454, 37.71020842686086], [127.20644329355066, 37.71019489910061], [127.20663194602216, 37.71015773964636], [127.20680448916083, 37.709876068007205], [127.20747721893471, 37.7099298357608], [127.20772988845638, 37.70995003527716], [127.20790446018273, 37.70996398312721], [127.20792144798861, 37.709992414877895], [127.20803503311684, 37.7100239660104], [127.20822652271974, 37.71004103713005], [127.20884189649712, 37.71006322870448], [127.20894875775338, 37.710066536515505], [127.20909212176313, 37.71007691562102], [127.20922763303251, 37.71008549744527], [127.2093013702669, 37.71010581043078], [127.20935373770025, 37.71012064713172], [127.20932464605968, 37.710030313596334], [127.20909945647212, 37.71001901570845], [127.2084261718321, 37.70998664709643], [127.208083662301, 37.709970958147736], [127.20802620072855, 37.70997564470573], [127.20797793457965, 37.70996739529754], [127.2078577807219, 37.70988582501596], [127.20748446372109, 37.70985538537492], [127.20693800423187, 37.709810830862466], [127.2067941162899, 37.7098034502622], [127.2066517799098, 37.710042165390036], [127.20652702881075, 37.71012324395668], [127.20637461482858, 37.710149817020735], [127.20632114455978, 37.71022854612804], [127.20639416878454, 37.71020842686086]]]]}}, {"id": "147", "type": "Feature", "properties": {"pnu": "4136026221100070034", "addr": "\uacbd\uae30\ub3c4 \ub0a8\uc591\uc8fc\uc2dc \uc624\ub0a8\uc74d \uc591\uc9c0\ub9ac 7-34", "jibun": "7-34", "jimok": "\ub300", "area_reg": 1719.0, "area_geom": 1718.9, "incl_ratio": 1.0, "area_incl": 1719.0, "zone": "\uacc4\ud68d\uad00\ub9ac\uc9c0\uc5ed", "use": "\uacf5\uc5c5\uae30\ud0c0", "owner": "\uac1c\uc778", "price": 436200.0, "price_year": "2025", "included": true, "free": false, "note": ""}, "geometry": {"type": "MultiPolygon", "coordinates": [[[[127.20847691169499, 37.70926130820265], [127.20843499080992, 37.708920537644794], [127.20812982645172, 37.708944236549726], [127.207862518272, 37.708964453768985], [127.20803297408465, 37.70929826928314], [127.20847691169499, 37.70926130820265]]]]}}, {"id": "148", "type": "Feature", "properties": {"pnu": "4136026221100070037", "addr": "\uacbd\uae30\ub3c4 \ub0a8\uc591\uc8fc\uc2dc \uc624\ub0a8\uc74d \uc591\uc9c0\ub9ac 7-37", "jibun": "7-37", "jimok": "\ub3c4\ub85c", "area_reg": 41.0, "area_geom": 41.3, "incl_ratio": 1.0, "area_incl": 41.0, "zone": "\uacc4\ud68d\uad00\ub9ac\uc9c0\uc5ed", "use": "\ub3c4\ub85c\ub4f1", "owner": "\uac1c\uc778", "price": 142500.0, "price_year": "2025", "included": true, "free": false, "note": ""}, "geometry": {"type": "MultiPolygon", "coordinates": [[[[127.208083662301, 37.709970958147736], [127.20802153712937, 37.709962453735386], [127.20792852103796, 37.70990117978817], [127.2078577807219, 37.70988582501596], [127.20797793457965, 37.70996739529754], [127.20802620072855, 37.70997564470573], [127.208083662301, 37.709970958147736]]]]}}, {"id": "149", "type": "Feature", "properties": {"pnu": "4136026221100070038", "addr": "\uacbd\uae30\ub3c4 \ub0a8\uc591\uc8fc\uc2dc \uc624\ub0a8\uc74d \uc591\uc9c0\ub9ac 7-38", "jibun": "7-38", "jimok": "\ub300", "area_reg": 1644.0, "area_geom": 1644.0, "incl_ratio": 1.0, "area_incl": 1644.0, "zone": "\uacc4\ud68d\uad00\ub9ac\uc9c0\uc5ed", "use": "\uacf5\uc5c5\uae30\ud0c0", "owner": "\uac1c\uc778", "price": 431900.0, "price_year": "2025", "included": true, "free": false, "note": ""}, "geometry": {"type": "MultiPolygon", "coordinates": [[[[127.20796596344235, 37.70931083796047], [127.20779182490118, 37.70896980305139], [127.20733147299721, 37.709004618877096], [127.20756014880861, 37.709387490101065], [127.20796596344235, 37.70931083796047]]]]}}, {"id": "150", "type": "Feature", "properties": {"pnu": "4136026221100070039", "addr": "\uacbd\uae30\ub3c4 \ub0a8\uc591\uc8fc\uc2dc \uc624\ub0a8\uc74d \uc591\uc9c0\ub9ac 7-39", "jibun": "7-39", "jimok": "\ub3c4\ub85c", "area_reg": 93.0, "area_geom": 93.0, "incl_ratio": 1.0, "area_incl": 93.0, "zone": "\uacc4\ud68d\uad00\ub9ac\uc9c0\uc5ed", "use": "\ub3c4\ub85c\ub4f1", "owner": "\uac1c\uc778", "price": 142500.0, "price_year": "2025", "included": true, "free": false, "note": ""}, "geometry": {"type": "MultiPolygon", "coordinates": [[[[127.20792508353736, 37.709086974639035], [127.207862518272, 37.708964453768985], [127.20779182490118, 37.70896980305139], [127.20786142540625, 37.70910611443456], [127.20792508353736, 37.709086974639035]]]]}}, {"id": "151", "type": "Feature", "properties": {"pnu": "4136026221100070041", "addr": "\uacbd\uae30\ub3c4 \ub0a8\uc591\uc8fc\uc2dc \uc624\ub0a8\uc74d \uc591\uc9c0\ub9ac 7-41", "jibun": "7-41", "jimok": "\uacf5\uc7a5\uc6a9\uc9c0", "area_reg": 1985.0, "area_geom": 1984.9, "incl_ratio": 1.0, "area_incl": 1985.0, "zone": "\ub18d\ub9bc\uc9c0\uc5ed", "use": "\uacf5\uc5c5\uc6a9", "owner": "\uac1c\uc778", "price": 329500.0, "price_year": "2025", "included": true, "free": false, "note": ""}, "geometry": {"type": "MultiPolygon", "coordinates": [[[[127.2084852463204, 37.70816810744006], [127.2085717210358, 37.70850793487391], [127.20900351492246, 37.708473443759615], [127.20901473060123, 37.708473433034115], [127.20902579364346, 37.7084756209313], [127.20903610155192, 37.70847948595171], [127.20904444188425, 37.70848538160576], [127.20905199032421, 37.708491972396146], [127.20905765987649, 37.708499863882864], [127.20906097220895, 37.70850832712624], [127.2090670955862, 37.708556959461255], [127.20913757141865, 37.70855104218943], [127.20909086779606, 37.70818785522155], [127.20901795269249, 37.70815258462506], [127.2089886823049, 37.70812788661134], [127.2084852463204, 37.70816810744006]]]]}}, {"id": "152", "type": "Feature", "properties": {"pnu": "4136026221100070043", "addr": "\uacbd\uae30\ub3c4 \ub0a8\uc591\uc8fc\uc2dc \uc624\ub0a8\uc74d \uc591\uc9c0\ub9ac 7-43", "jibun": "7-43", "jimok": "\ubaa9\uc7a5\uc6a9\uc9c0", "area_reg": 160.0, "area_geom": 159.6, "incl_ratio": 1.0, "area_incl": 160.0, "zone": "\uc790\uc5f0\ub179\uc9c0\uc9c0\uc5ed", "use": "\uc804\uae30\ud0c0", "owner": "\uc2dc  \ub3c4\uc720\uc9c0", "price": 241200.0, "price_year": "2025", "included": true, "free": false, "note": ""}, "geometry": {"type": "MultiPolygon", "coordinates": [[[[127.2081536014275, 37.7105432096478], [127.2081262677552, 37.71061178493594], [127.20811313044098, 37.71070405775129], [127.20823039733975, 37.71069700490328], [127.20823071863862, 37.71069427441637], [127.20823120376735, 37.710689282220294], [127.2082317002368, 37.71068429000441], [127.20823245499497, 37.71067429698043], [127.20823299425396, 37.71066429532456], [127.20823330667322, 37.71065428505672], [127.20823340361851, 37.71064427516657], [127.20823328508995, 37.710634265654136], [127.20823293974692, 37.71062425653935], [127.2082323789302, 37.710614247802255], [127.20823159134926, 37.710604257481954], [127.20823058831982, 37.71059427654899], [127.20822936986703, 37.71058431401291], [127.20822792465026, 37.71057436989365], [127.20822626401028, 37.71056444417128], [127.2082243879472, 37.710554536845805], [127.20822229651117, 37.710544665936446], [127.20821998967723, 37.71053482243353], [127.2081536014275, 37.7105432096478]]]]}}, {"id": "153", "type": "Feature", "properties": {"pnu": "4136026221100070047", "addr": "\uacbd\uae30\ub3c4 \ub0a8\uc591\uc8fc\uc2dc \uc624\ub0a8\uc74d \uc591\uc9c0\ub9ac 7-47", "jibun": "7-47", "jimok": "\ub3c4\ub85c", "area_reg": 289.0, "area_geom": 289.3, "incl_ratio": 1.0, "area_incl": 289.0, "zone": "\uc81c1\uc885\uc77c\ubc18\uc8fc\uac70\uc9c0\uc5ed", "use": "\ub3c4\ub85c\ub4f1", "owner": "\uac1c\uc778", "price": 213600.0, "price_year": "2025", "included": true, "free": false, "note": ""}, "geometry": {"type": "MultiPolygon", "coordinates": [[[[127.20678134885947, 37.710194860707915], [127.20680156408991, 37.710205285720434], [127.2068071574561, 37.71021437572925], [127.20683005491689, 37.71025157274684], [127.20723269296649, 37.710373555406335], [127.20729853269816, 37.71040469500068], [127.20733334518317, 37.71035827959572], [127.20727363744193, 37.710330021418486], [127.2072624294685, 37.71032471627189], [127.20688883680623, 37.71021153060564], [127.20687938207742, 37.710208663984105], [127.20682840830648, 37.71019322011085], [127.20678134885947, 37.710194860707915]]]]}}, {"id": "154", "type": "Feature", "properties": {"pnu": "4136026221100070049", "addr": "\uacbd\uae30\ub3c4 \ub0a8\uc591\uc8fc\uc2dc \uc624\ub0a8\uc74d \uc591\uc9c0\ub9ac 7-49", "jibun": "7-49", "jimok": "\ucc3d\uace0\uc6a9\uc9c0", "area_reg": 862.0, "area_geom": 863.9, "incl_ratio": 1.0, "area_incl": 862.0, "zone": "\uc81c1\uc885\uc77c\ubc18\uc8fc\uac70\uc9c0\uc5ed", "use": "\uacf5\uc5c5\uc6a9", "owner": "\uac1c\uc778", "price": 442100.0, "price_year": "2025", "included": true, "free": false, "note": ""}, "geometry": {"type": "MultiPolygon", "coordinates": [[[[127.20727363744193, 37.710330021418486], [127.20733334518317, 37.71035827959572], [127.20737824512103, 37.71037948201038], [127.20746013274, 37.710398565614575], [127.207554794976, 37.709936034022334], [127.20747721893471, 37.7099298357608], [127.20735841048224, 37.7099203578419], [127.20728113713253, 37.71029435714773], [127.20727363744193, 37.710330021418486]]]]}}, {"id": "155", "type": "Feature", "properties": {"pnu": "4136026221100070050", "addr": "\uacbd\uae30\ub3c4 \ub0a8\uc591\uc8fc\uc2dc \uc624\ub0a8\uc74d \uc591\uc9c0\ub9ac 7-50", "jibun": "7-50", "jimok": "\ucc3d\uace0\uc6a9\uc9c0", "area_reg": 750.0, "area_geom": 747.3, "incl_ratio": 1.0, "area_incl": 750.0, "zone": "\uc81c1\uc885\uc77c\ubc18\uc8fc\uac70\uc9c0\uc5ed", "use": "\uacf5\uc5c5\uc6a9", "owner": "\ubc95\uc778", "price": 442100.0, "price_year": "2025", "included": true, "free": false, "note": ""}, "geometry": {"type": "MultiPolygon", "coordinates": [[[[127.20708925893373, 37.710272248777194], [127.2072624294685, 37.71032471627189], [127.20727363744193, 37.710330021418486], [127.20728113713253, 37.71029435714773], [127.20735841048224, 37.7099203578419], [127.2071640790949, 37.709904812898486], [127.20708925893373, 37.710272248777194]]]]}}, {"id": "156", "type": "Feature", "properties": {"pnu": "4136026221100070053", "addr": "\uacbd\uae30\ub3c4 \ub0a8\uc591\uc8fc\uc2dc \uc624\ub0a8\uc74d \uc591\uc9c0\ub9ac 7-53", "jibun": "7-53", "jimok": "\uacf5\uc7a5\uc6a9\uc9c0", "area_reg": 415.0, "area_geom": 414.8, "incl_ratio": 1.0, "area_incl": 415.0, "zone": "\ub18d\ub9bc\uc9c0\uc5ed", "use": "\uacf5\uc5c5\uc6a9", "owner": "\uac1c\uc778", "price": 329500.0, "price_year": "2025", "included": true, "free": false, "note": ""}, "geometry": {"type": "MultiPolygon", "coordinates": [[[[127.20900351492246, 37.708473443759615], [127.20857172101071, 37.7085079258643], [127.20859430866365, 37.70859668533372], [127.2090670955862, 37.708556959461255], [127.20906097220895, 37.70850832712624], [127.20905765987649, 37.708499863882864], [127.20905199032421, 37.708491972396146], [127.20904444188425, 37.70848538160576], [127.20903610155192, 37.70847948595171], [127.20902579364346, 37.7084756209313], [127.20901473060123, 37.708473433034115], [127.20900351492246, 37.708473443759615]]]]}}, {"id": "157", "type": "Feature", "properties": {"pnu": "4136026221100120022", "addr": "\uacbd\uae30\ub3c4 \ub0a8\uc591\uc8fc\uc2dc \uc624\ub0a8\uc74d \uc591\uc9c0\ub9ac 12-22", "jibun": "12-22", "jimok": "\uacf5\uc7a5\uc6a9\uc9c0", "area_reg": 98.0, "area_geom": 98.1, "incl_ratio": 1.0, "area_incl": 98.0, "zone": "\ub18d\ub9bc\uc9c0\uc5ed", "use": "\uacf5\uc5c5\uc6a9", "owner": "\ubc95\uc778", "price": 335800.0, "price_year": "2025", "included": true, "free": false, "note": ""}, "geometry": {"type": "MultiPolygon", "coordinates": [[[[127.20723148471319, 37.708221377047195], [127.20722500421081, 37.708268761107746], [127.20744799838309, 37.708250956230785], [127.20743612266558, 37.70820503674901], [127.20723148471319, 37.708221377047195]]]]}}, {"id": "158", "type": "Feature", "properties": {"pnu": "4136026221100070062", "addr": "\uacbd\uae30\ub3c4 \ub0a8\uc591\uc8fc\uc2dc \uc624\ub0a8\uc74d \uc591\uc9c0\ub9ac 7-62", "jibun": "7-62", "jimok": "\ucc3d\uace0\uc6a9\uc9c0", "area_reg": 791.0, "area_geom": 791.2, "incl_ratio": 1.0, "area_incl": 791.0, "zone": "\uc81c1\uc885\uc77c\ubc18\uc8fc\uac70\uc9c0\uc5ed", "use": "\uacf5\uc5c5\uc6a9", "owner": "\uc2dc  \ub3c4\uc720\uc9c0", "price": 442100.0, "price_year": "2025", "included": true, "free": false, "note": ""}, "geometry": {"type": "MultiPolygon", "coordinates": [[[[127.20792591620086, 37.710507632889545], [127.20808705446743, 37.710518937123986], [127.2080982813824, 37.7105146919304], [127.2081536014275, 37.7105432096478], [127.20821998967723, 37.71053482243353], [127.20821746747045, 37.71052501534667], [127.20821471855024, 37.71051524469573], [127.20821176559815, 37.71050551044099], [127.20820859729844, 37.71049582161186], [127.20820521365135, 37.71048617820835], [127.20820162599752, 37.710476580210546], [127.20819782302142, 37.710467036647906], [127.20817104878434, 37.710410322781954], [127.20815237451045, 37.71037906499481], [127.20806923475315, 37.71023985840546], [127.20792451288574, 37.709997554023325], [127.20792591620086, 37.710507632889545]]]]}}, {"id": "159", "type": "Feature", "properties": {"pnu": "4136026221100070064", "addr": "\uacbd\uae30\ub3c4 \ub0a8\uc591\uc8fc\uc2dc \uc624\ub0a8\uc74d \uc591\uc9c0\ub9ac 7-64", "jibun": "7-64", "jimok": "\ub300", "area_reg": 646.0, "area_geom": 644.4, "incl_ratio": 1.0, "area_incl": 646.0, "zone": "\uc81c1\uc885\uc77c\ubc18\uc8fc\uac70\uc9c0\uc5ed", "use": "\uacf5\uc5c5\uc6a9", "owner": "\uac1c\uc778", "price": 428800.0, "price_year": "2025", "included": true, "free": false, "note": ""}, "geometry": {"type": "MultiPolygon", "coordinates": [[[[127.20726171066391, 37.71042980608007], [127.20722309374537, 37.71047023668328], [127.20722162437552, 37.71056639022579], [127.2072757576658, 37.71056365595173], [127.20733862710999, 37.71054177891878], [127.20743362132522, 37.71055549694066], [127.2075222498489, 37.71060480511237], [127.20769668143012, 37.710600373827035], [127.20779299571478, 37.71060340380692], [127.20783441631846, 37.71057214894539], [127.20768216716445, 37.71049053554004], [127.20760144752349, 37.7104878476113], [127.20735081387491, 37.71042941632676], [127.20729853269816, 37.71040469500068], [127.20728968668963, 37.71040051194105], [127.20726171066391, 37.71042980608007]]]]}}, {"id": "160", "type": "Feature", "properties": {"pnu": "4136026221100070065", "addr": "\uacbd\uae30\ub3c4 \ub0a8\uc591\uc8fc\uc2dc \uc624\ub0a8\uc74d \uc591\uc9c0\ub9ac 7-65", "jibun": "7-65", "jimok": "\ub3c4\ub85c", "area_reg": 9.0, "area_geom": 9.0, "incl_ratio": 1.0, "area_incl": 9.0, "zone": "\uc81c1\uc885\uc77c\ubc18\uc8fc\uac70\uc9c0\uc5ed", "use": "\ub3c4\ub85c\ub4f1", "owner": "\uac1c\uc778", "price": 211600.0, "price_year": "2025", "included": true, "free": false, "note": ""}, "geometry": {"type": "MultiPolygon", "coordinates": [[[[127.20728968668963, 37.71040051194105], [127.20724659220025, 37.71038012622092], [127.20726171066391, 37.71042980608007], [127.20728968668963, 37.71040051194105]]]]}}, {"id": "161", "type": "Feature", "properties": {"pnu": "4136026221100070066", "addr": "\uacbd\uae30\ub3c4 \ub0a8\uc591\uc8fc\uc2dc \uc624\ub0a8\uc74d \uc591\uc9c0\ub9ac 7-66", "jibun": "7-66", "jimok": "\ub3c4\ub85c", "area_reg": 113.0, "area_geom": 113.3, "incl_ratio": 1.0, "area_incl": 113.0, "zone": "\uc81c1\uc885\uc77c\ubc18\uc8fc\uac70\uc9c0\uc5ed", "use": "\ub3c4\ub85c\ub4f1", "owner": "\uac1c\uc778", "price": 145800.0, "price_year": "2025", "included": true, "free": false, "note": ""}, "geometry": {"type": "MultiPolygon", "coordinates": [[[[127.20729853269816, 37.71040469500068], [127.20735081387491, 37.71042941632676], [127.20750628249472, 37.710465660952266], [127.20752542953045, 37.71041378597938], [127.20746013274, 37.710398565614575], [127.20737824512103, 37.71037948201038], [127.20733334518317, 37.71035827959572], [127.20729853269816, 37.71040469500068]]]]}}, {"id": "162", "type": "Feature", "properties": {"pnu": "4136026221100090002", "addr": "\uacbd\uae30\ub3c4 \ub0a8\uc591\uc8fc\uc2dc \uc624\ub0a8\uc74d \uc591\uc9c0\ub9ac 9-2", "jibun": "9-2", "jimok": "\ucc3d\uace0\uc6a9\uc9c0", "area_reg": 3655.0, "area_geom": 3635.2, "incl_ratio": 1.0, "area_incl": 3655.0, "zone": "\uc81c1\uc885\uc77c\ubc18\uc8fc\uac70\uc9c0\uc5ed", "use": "\uacf5\uc5c5\uae30\ud0c0", "owner": "\ubc95\uc778", "price": 442100.0, "price_year": "2025", "included": true, "free": false, "note": ""}, "geometry": {"type": "MultiPolygon", "coordinates": [[[[127.20470905760155, 37.71017331289108], [127.2049002051461, 37.71023964576008], [127.20515729456794, 37.710337371203366], [127.20532316440159, 37.71034572488925], [127.20536411077364, 37.710331463912745], [127.20540600783755, 37.710213013684125], [127.2055268031501, 37.70987156424739], [127.20550007830158, 37.70983204910445], [127.20524078797516, 37.70977497974607], [127.20484334264255, 37.709687506294244], [127.20482772329204, 37.70974857361138], [127.20470905760155, 37.71017331289108]]]]}}, {"id": "163", "type": "Feature", "properties": {"pnu": "4136026221100090005", "addr": "\uacbd\uae30\ub3c4 \ub0a8\uc591\uc8fc\uc2dc \uc624\ub0a8\uc74d \uc591\uc9c0\ub9ac 9-5", "jibun": "9-5", "jimok": "\ub300", "area_reg": 400.0, "area_geom": 403.9, "incl_ratio": 1.0, "area_incl": 400.0, "zone": "\uc81c1\uc885\uc77c\ubc18\uc8fc\uac70\uc9c0\uc5ed", "use": "\uc8fc\uac70\uae30\ud0c0", "owner": "\uac1c\uc778", "price": 613800.0, "price_year": "2025", "included": true, "free": false, "note": ""}, "geometry": {"type": "MultiPolygon", "coordinates": [[[[127.20610619199464, 37.71050475870988], [127.20614479146731, 37.71040413503218], [127.20615618667563, 37.71028371029582], [127.2060136582957, 37.710329807667584], [127.20591570462078, 37.71036148424693], [127.20595285249364, 37.71054566718642], [127.20610619199464, 37.71050475870988]]]]}}, {"id": "164", "type": "Feature", "properties": {"pnu": "4136026221100090006", "addr": "\uacbd\uae30\ub3c4 \ub0a8\uc591\uc8fc\uc2dc \uc624\ub0a8\uc74d \uc591\uc9c0\ub9ac 9-6", "jibun": "9-6", "jimok": "\ub300", "area_reg": 1462.0, "area_geom": 1462.1, "incl_ratio": 1.0, "area_incl": 1462.0, "zone": "\uc790\uc5f0\ub179\uc9c0\uc9c0\uc5ed", "use": "\uacf5\uc5c5\uc6a9", "owner": "\ubc95\uc778", "price": 619500.0, "price_year": "2025", "included": true, "free": false, "note": ""}, "geometry": {"type": "MultiPolygon", "coordinates": [[[[127.20642324297789, 37.710792093521555], [127.20635196026798, 37.71081473248199], [127.20615448678622, 37.71084920390009], [127.20601640782115, 37.71091771856668], [127.20593261782635, 37.710908016304366], [127.20587632961073, 37.71089014862918], [127.20588309453, 37.711135920127006], [127.2059917691696, 37.711158931574445], [127.2064238093117, 37.71110488051924], [127.20642324297789, 37.710792093521555]]]]}}, {"id": "165", "type": "Feature", "properties": {"pnu": "4136026221100090007", "addr": "\uacbd\uae30\ub3c4 \ub0a8\uc591\uc8fc\uc2dc \uc624\ub0a8\uc74d \uc591\uc9c0\ub9ac 9-7", "jibun": "9-7", "jimok": "\uc784\uc57c", "area_reg": 607.0, "area_geom": 607.3, "incl_ratio": 1.0, "area_incl": 607.0, "zone": "\uc790\uc5f0\ub179\uc9c0\uc9c0\uc5ed", "use": "\uc804\uae30\ud0c0", "owner": "\uc885\uc911", "price": 330000.0, "price_year": "2025", "included": true, "free": false, "note": ""}, "geometry": {"type": "MultiPolygon", "coordinates": [[[[127.2057004300477, 37.710855838272934], [127.20558416212842, 37.71083034402346], [127.20542699923256, 37.71079239697183], [127.20540976523591, 37.71079386831657], [127.2052038013964, 37.710767753922156], [127.2051722533274, 37.71076850215608], [127.20512109825837, 37.71076970769148], [127.20506738539392, 37.710760385339874], [127.20507623540334, 37.710936058223346], [127.2057004300477, 37.710855838272934]]]]}}, {"id": "166", "type": "Feature", "properties": {"pnu": "4136026221100090010", "addr": "\uacbd\uae30\ub3c4 \ub0a8\uc591\uc8fc\uc2dc \uc624\ub0a8\uc74d \uc591\uc9c0\ub9ac 9-10", "jibun": "9-10", "jimok": "\ub300", "area_reg": 259.0, "area_geom": 257.3, "incl_ratio": 1.0, "area_incl": 259.0, "zone": "\uc81c1\uc885\uc77c\ubc18\uc8fc\uac70\uc9c0\uc5ed", "use": "\uc8fc\uac70\uae30\ud0c0", "owner": "\uac1c\uc778", "price": 595400.0, "price_year": "2025", "included": true, "free": false, "note": ""}, "geometry": {"type": "MultiPolygon", "coordinates": [[[[127.20580555808435, 37.71048764804724], [127.20578426553428, 37.71040697649117], [127.20569911540842, 37.71043866674886], [127.20557935788946, 37.71043897316201], [127.2056134029699, 37.710554814374625], [127.20562829580396, 37.71055982499079], [127.20578001851644, 37.71055369698448], [127.20582254170476, 37.71055198355968], [127.20580555808435, 37.71048764804724]]]]}}, {"id": "167", "type": "Feature", "properties": {"pnu": "4136026221100150026", "addr": "\uacbd\uae30\ub3c4 \ub0a8\uc591\uc8fc\uc2dc \uc624\ub0a8\uc74d \uc591\uc9c0\ub9ac 15-26", "jibun": "15-26", "jimok": "\ub300", "area_reg": 81.0, "area_geom": 81.0, "incl_ratio": 1.0, "area_incl": 81.0, "zone": "\uc81c1\uc885\uc77c\ubc18\uc8fc\uac70\uc9c0\uc5ed", "use": "\uacf5\uc5c5\uc6a9", "owner": "\uac1c\uc778", "price": 442100.0, "price_year": "2025", "included": true, "free": false, "note": ""}, "geometry": {"type": "MultiPolygon", "coordinates": [[[[127.20612638633608, 37.70957532417735], [127.20588798569746, 37.709600802452435], [127.20610179380888, 37.7096473809878], [127.20612638633608, 37.70957532417735]]]]}}, {"id": "168", "type": "Feature", "properties": {"pnu": "4136026221100090012", "addr": "\uacbd\uae30\ub3c4 \ub0a8\uc591\uc8fc\uc2dc \uc624\ub0a8\uc74d \uc591\uc9c0\ub9ac 9-12", "jibun": "9-12", "jimok": "\ub3c4\ub85c", "area_reg": 92.0, "area_geom": 94.0, "incl_ratio": 1.0, "area_incl": 92.0, "zone": "\uc81c1\uc885\uc77c\ubc18\uc8fc\uac70\uc9c0\uc5ed", "use": "\ub3c4\ub85c\ub4f1", "owner": "\uac1c\uc778", "price": 213600.0, "price_year": "2025", "included": true, "free": false, "note": ""}, "geometry": {"type": "MultiPolygon", "coordinates": [[[[127.20543241937435, 37.71034923897132], [127.20544727499774, 37.710353105449315], [127.20563475783963, 37.71040189266407], [127.20572017349656, 37.710363651977325], [127.20570277395834, 37.71033781540257], [127.20567562950049, 37.71033973640979], [127.20543243071499, 37.710349238951714], [127.20543241937435, 37.71034923897132]]]]}}, {"id": "169", "type": "Feature", "properties": {"pnu": "4136026221100090014", "addr": "\uacbd\uae30\ub3c4 \ub0a8\uc591\uc8fc\uc2dc \uc624\ub0a8\uc74d \uc591\uc9c0\ub9ac 9-14", "jibun": "9-14", "jimok": "\uacf5\uc7a5\uc6a9\uc9c0", "area_reg": 1325.0, "area_geom": 1335.7, "incl_ratio": 1.0, "area_incl": 1325.0, "zone": "\uc81c1\uc885\uc77c\ubc18\uc8fc\uac70\uc9c0\uc5ed", "use": "\uacf5\uc5c5\uc6a9", "owner": "\ubc95\uc778", "price": 442100.0, "price_year": "2025", "included": true, "free": false, "note": ""}, "geometry": {"type": "MultiPolygon", "coordinates": [[[[127.20589050951233, 37.7102679627024], [127.20604936239505, 37.71021139498036], [127.20619549318273, 37.710147461214206], [127.2063622061674, 37.70970412215721], [127.20621220432297, 37.709671434348174], [127.20621220434775, 37.70967144335779], [127.20612825603988, 37.70965315530825], [127.20589050951233, 37.7102679627024]]]]}}, {"id": "170", "type": "Feature", "properties": {"pnu": "4136026221100090020", "addr": "\uacbd\uae30\ub3c4 \ub0a8\uc591\uc8fc\uc2dc \uc624\ub0a8\uc74d \uc591\uc9c0\ub9ac 9-20", "jibun": "9-20", "jimok": "\ub300", "area_reg": 1221.0, "area_geom": 1221.3, "incl_ratio": 1.0, "area_incl": 1221.0, "zone": "\uc81c1\uc885\uc77c\ubc18\uc8fc\uac70\uc9c0\uc5ed", "use": "\uacf5\uc5c5\uae30\ud0c0", "owner": "\uac1c\uc778", "price": 428800.0, "price_year": "2025", "included": true, "free": false, "note": ""}, "geometry": {"type": "MultiPolygon", "coordinates": [[[[127.20702208623482, 37.7090272231078], [127.20692086666118, 37.70855275296999], [127.20689871926, 37.7085529447105], [127.2067791107362, 37.70853626888413], [127.20680367472106, 37.70863514309809], [127.20676165190068, 37.70866574095068], [127.20661266051148, 37.70871096735823], [127.20647259905655, 37.70875394366288], [127.20655893792383, 37.708887001273354], [127.20662515441401, 37.708886714932014], [127.20677243790601, 37.7089334710202], [127.2069260394737, 37.70892313977331], [127.20699070334388, 37.70898483332672], [127.20698819791073, 37.709030318414854], [127.20702208623482, 37.7090272231078]]]]}}, {"id": "171", "type": "Feature", "properties": {"pnu": "4136026221100090021", "addr": "\uacbd\uae30\ub3c4 \ub0a8\uc591\uc8fc\uc2dc \uc624\ub0a8\uc74d \uc591\uc9c0\ub9ac 9-21", "jibun": "9-21", "jimok": "\ub3c4\ub85c", "area_reg": 25.0, "area_geom": 24.8, "incl_ratio": 1.0, "area_incl": 25.0, "zone": "\uc81c1\uc885\uc77c\ubc18\uc8fc\uac70\uc9c0\uc5ed", "use": "\ub3c4\ub85c\ub4f1", "owner": "\uac1c\uc778", "price": 187000.0, "price_year": "2025", "included": true, "free": false, "note": ""}, "geometry": {"type": "MultiPolygon", "coordinates": [[[[127.20712343777089, 37.70896606009932], [127.20713429519988, 37.709016963719755], [127.20714452177583, 37.70901602690264], [127.20715240539542, 37.70900441773301], [127.20721981210657, 37.708958765385006], [127.20712343777089, 37.70896606009932]]]]}}, {"id": "172", "type": "Feature", "properties": {"pnu": "4136026221100090023", "addr": "\uacbd\uae30\ub3c4 \ub0a8\uc591\uc8fc\uc2dc \uc624\ub0a8\uc74d \uc591\uc9c0\ub9ac 9-23", "jibun": "9-23", "jimok": "\ub300", "area_reg": 221.0, "area_geom": 222.1, "incl_ratio": 1.0, "area_incl": 221.0, "zone": "\uc81c1\uc885\uc77c\ubc18\uc8fc\uac70\uc9c0\uc5ed", "use": "\uacf5\uc5c5\uc6a9", "owner": "\uac1c\uc778", "price": 442100.0, "price_year": "2025", "included": true, "free": false, "note": ""}, "geometry": {"type": "MultiPolygon", "coordinates": [[[[127.20580555808435, 37.71048764804724], [127.20582254170476, 37.71055198355968], [127.20594818350916, 37.71054690960301], [127.20595285249364, 37.71054566718642], [127.20591570462078, 37.71036148424693], [127.20584557904118, 37.71038416594504], [127.20578426553428, 37.71040697649117], [127.20580555808435, 37.71048764804724]]]]}}, {"id": "173", "type": "Feature", "properties": {"pnu": "4136026221100090025", "addr": "\uacbd\uae30\ub3c4 \ub0a8\uc591\uc8fc\uc2dc \uc624\ub0a8\uc74d \uc591\uc9c0\ub9ac 9-25", "jibun": "9-25", "jimok": "\ub300", "area_reg": 138.0, "area_geom": 137.2, "incl_ratio": 1.0, "area_incl": 138.0, "zone": "\uc81c1\uc885\uc77c\ubc18\uc8fc\uac70\uc9c0\uc5ed", "use": "\uc8fc\uac70\uae30\ud0c0", "owner": "\uac1c\uc778", "price": 613800.0, "price_year": "2025", "included": true, "free": false, "note": ""}, "geometry": {"type": "MultiPolygon", "coordinates": [[[[127.20557935788946, 37.71043897316201], [127.20539117070784, 37.7104394428333], [127.20546007029718, 37.710503166067525], [127.2056134029699, 37.710554814374625], [127.20557935788946, 37.71043897316201]]]]}}, {"id": "174", "type": "Feature", "properties": {"pnu": "4136026221100090027", "addr": "\uacbd\uae30\ub3c4 \ub0a8\uc591\uc8fc\uc2dc \uc624\ub0a8\uc74d \uc591\uc9c0\ub9ac 9-27", "jibun": "9-27", "jimok": "\ub300", "area_reg": 917.0, "area_geom": 920.8, "incl_ratio": 1.0, "area_incl": 917.0, "zone": "\uc790\uc5f0\ub179\uc9c0\uc9c0\uc5ed", "use": "\uacf5\uc5c5\uae30\ud0c0", "owner": "\uac1c\uc778", "price": 610200.0, "price_year": "2025", "included": true, "free": false, "note": ""}, "geometry": {"type": "MultiPolygon", "coordinates": [[[[127.20583436603371, 37.71087683300914], [127.20593261782635, 37.710908016304366], [127.20601640782115, 37.71091771856668], [127.20615448678622, 37.71084920390009], [127.20620411305235, 37.710840540580634], [127.20620247497472, 37.71067378382605], [127.20607374159312, 37.71061040810046], [127.2060322267614, 37.71061177750027], [127.20599681455889, 37.71063425492153], [127.20589959967337, 37.71063363962149], [127.20583197428546, 37.710633531573755], [127.20583436603371, 37.71087683300914]]]]}}, {"id": "175", "type": "Feature", "properties": {"pnu": "4136026221100090028", "addr": "\uacbd\uae30\ub3c4 \ub0a8\uc591\uc8fc\uc2dc \uc624\ub0a8\uc74d \uc591\uc9c0\ub9ac 9-28", "jibun": "9-28", "jimok": "\ub300", "area_reg": 588.0, "area_geom": 590.9, "incl_ratio": 1.0, "area_incl": 588.0, "zone": "\uc790\uc5f0\ub179\uc9c0\uc9c0\uc5ed", "use": "\uacf5\uc5c5\uc6a9", "owner": "\ubc95\uc778", "price": 619500.0, "price_year": "2025", "included": true, "free": false, "note": ""}, "geometry": {"type": "MultiPolygon", "coordinates": [[[[127.20642297974643, 37.71064293923507], [127.2063906715616, 37.7106476803905], [127.20621942491991, 37.7106185342612], [127.20609181586141, 37.71055570619146], [127.20600716468395, 37.71055850185907], [127.20597312232553, 37.71058010296182], [127.20585017526612, 37.71057947817703], [127.20589959967337, 37.71063363962149], [127.20599681455889, 37.71063425492153], [127.2060322267614, 37.71061177750027], [127.20607374159312, 37.71061040810046], [127.20620247497472, 37.71067378382605], [127.20620411305235, 37.710840540580634], [127.20635196026798, 37.71081473248199], [127.20642324297789, 37.710792093521555], [127.20642297974643, 37.71064293923507]]]]}}, {"id": "176", "type": "Feature", "properties": {"pnu": "4136026221100090029", "addr": "\uacbd\uae30\ub3c4 \ub0a8\uc591\uc8fc\uc2dc \uc624\ub0a8\uc74d \uc591\uc9c0\ub9ac 9-29", "jibun": "9-29", "jimok": "\ub3c4\ub85c", "area_reg": 121.0, "area_geom": 121.5, "incl_ratio": 1.0, "area_incl": 121.0, "zone": "\uc790\uc5f0\ub179\uc9c0\uc9c0\uc5ed", "use": "\ub3c4\ub85c\ub4f1", "owner": "\uac1c\uc778", "price": 210100.0, "price_year": "2025", "included": true, "free": false, "note": ""}, "geometry": {"type": "MultiPolygon", "coordinates": [[[[127.20564537795197, 37.710585707173195], [127.20564532226152, 37.71063982823448], [127.20580659360937, 37.71063353049972], [127.20583197428546, 37.710633531573755], [127.20589959967337, 37.71063363962149], [127.20585017526612, 37.71057947817703], [127.2058052090593, 37.71057946599152], [127.20564537795197, 37.710585707173195]]]]}}, {"id": "177", "type": "Feature", "properties": {"pnu": "4136026221100090030", "addr": "\uacbd\uae30\ub3c4 \ub0a8\uc591\uc8fc\uc2dc \uc624\ub0a8\uc74d \uc591\uc9c0\ub9ac 9-30", "jibun": "9-30", "jimok": "\ub3c4\ub85c", "area_reg": 172.0, "area_geom": 172.7, "incl_ratio": 1.0, "area_incl": 172.0, "zone": "\uc790\uc5f0\ub179\uc9c0\uc9c0\uc5ed", "use": "\ub3c4\ub85c\ub4f1", "owner": "\uac1c\uc778", "price": 210100.0, "price_year": "2025", "included": true, "free": false, "note": ""}, "geometry": {"type": "MultiPolygon", "coordinates": [[[[127.20536171678869, 37.71046770296768], [127.20534045385061, 37.710476343938645], [127.20538354901966, 37.710559248313835], [127.20540168674258, 37.71057306478586], [127.20561515898214, 37.71064099764315], [127.20564532226152, 37.71063982823448], [127.20564537795197, 37.710585707173195], [127.20562667900352, 37.71058643328468], [127.20543925667982, 37.710526789326615], [127.20536171678869, 37.71046770296768]]]]}}, {"id": "178", "type": "Feature", "properties": {"pnu": "4136026221100090031", "addr": "\uacbd\uae30\ub3c4 \ub0a8\uc591\uc8fc\uc2dc \uc624\ub0a8\uc74d \uc591\uc9c0\ub9ac 9-31", "jibun": "9-31", "jimok": "\ub3c4\ub85c", "area_reg": 174.0, "area_geom": 174.4, "incl_ratio": 1.0, "area_incl": 174.0, "zone": "\uc81c1\uc885\uc77c\ubc18\uc8fc\uac70\uc9c0\uc5ed", "use": "\ub3c4\ub85c\ub4f1", "owner": "\uac1c\uc778", "price": 213600.0, "price_year": "2025", "included": true, "free": false, "note": ""}, "geometry": {"type": "MultiPolygon", "coordinates": [[[[127.20705903571513, 37.709023843156], [127.2069584707696, 37.70855243519124], [127.20692086666118, 37.70855275296999], [127.20702208623482, 37.7090272231078], [127.20705903571513, 37.709023843156]]]]}}, {"id": "179", "type": "Feature", "properties": {"pnu": "4136026221100090032", "addr": "\uacbd\uae30\ub3c4 \ub0a8\uc591\uc8fc\uc2dc \uc624\ub0a8\uc74d \uc591\uc9c0\ub9ac 9-32", "jibun": "9-32", "jimok": "\ub3c4\ub85c", "area_reg": 352.0, "area_geom": 351.7, "incl_ratio": 1.0, "area_incl": 352.0, "zone": "\uc81c1\uc885\uc77c\ubc18\uc8fc\uac70\uc9c0\uc5ed", "use": "\ub3c4\ub85c\ub4f1", "owner": "\uac1c\uc778", "price": 211600.0, "price_year": "2025", "included": true, "free": false, "note": ""}, "geometry": {"type": "MultiPolygon", "coordinates": [[[[127.20713429519988, 37.709016963719755], [127.20703506249066, 37.70855178817686], [127.2069584707696, 37.70855243519124], [127.20705903571513, 37.709023843156], [127.20713429519988, 37.709016963719755]]]]}}, {"id": "180", "type": "Feature", "properties": {"pnu": "4136026221100090033", "addr": "\uacbd\uae30\ub3c4 \ub0a8\uc591\uc8fc\uc2dc \uc624\ub0a8\uc74d \uc591\uc9c0\ub9ac 9-33", "jibun": "9-33", "jimok": "\ucc3d\uace0\uc6a9\uc9c0", "area_reg": 826.0, "area_geom": 821.8, "incl_ratio": 1.0, "area_incl": 826.0, "zone": "\uc81c1\uc885\uc77c\ubc18\uc8fc\uac70\uc9c0\uc5ed", "use": "\uacf5\uc5c5\uae30\ud0c0", "owner": "\uac1c\uc778", "price": 442100.0, "price_year": "2025", "included": true, "free": false, "note": ""}, "geometry": {"type": "MultiPolygon", "coordinates": [[[[127.20547452256842, 37.71021913888469], [127.20581006117459, 37.71029789701944], [127.20589050951233, 37.7102679627024], [127.20594783802657, 37.71011974467902], [127.20554485709536, 37.71002034540982], [127.20547452256842, 37.71021913888469]]]]}}, {"id": "181", "type": "Feature", "properties": {"pnu": "4136026221100090034", "addr": "\uacbd\uae30\ub3c4 \ub0a8\uc591\uc8fc\uc2dc \uc624\ub0a8\uc74d \uc591\uc9c0\ub9ac 9-34", "jibun": "9-34", "jimok": "\uacf5\uc7a5\uc6a9\uc9c0", "area_reg": 2012.0, "area_geom": 2010.3, "incl_ratio": 1.0, "area_incl": 2012.0, "zone": "\uc81c1\uc885\uc77c\ubc18\uc8fc\uac70\uc9c0\uc5ed", "use": "\uacf5\uc5c5\uae30\ud0c0", "owner": "\ubc95\uc778", "price": 442100.0, "price_year": "2025", "included": true, "free": false, "note": ""}, "geometry": {"type": "MultiPolygon", "coordinates": [[[[127.20559861879879, 37.70968784131284], [127.20563962500081, 37.70954668820993], [127.20544868243725, 37.709505087668774], [127.20539613269861, 37.70949363717462], [127.2053395546612, 37.70948131067419], [127.20524750474273, 37.709461252088886], [127.20531894334788, 37.7091770002689], [127.20502528445003, 37.70914977573155], [127.20493486027272, 37.70951275042453], [127.2048745822065, 37.70969438084554], [127.20507472891246, 37.70973843507085], [127.20513525929158, 37.70956629127644], [127.20558283953271, 37.7096655427058], [127.20559861879879, 37.70968784131284]]]]}}, {"id": "182", "type": "Feature", "properties": {"pnu": "4136026221100090035", "addr": "\uacbd\uae30\ub3c4 \ub0a8\uc591\uc8fc\uc2dc \uc624\ub0a8\uc74d \uc591\uc9c0\ub9ac 9-35", "jibun": "9-35", "jimok": "\ub3c4\ub85c", "area_reg": 78.0, "area_geom": 79.9, "incl_ratio": 1.0, "area_incl": 78.0, "zone": "\uc81c1\uc885\uc77c\ubc18\uc8fc\uac70\uc9c0\uc5ed", "use": "\ub3c4\ub85c\ub4f1", "owner": "\uac1c\uc778", "price": 213600.0, "price_year": "2025", "included": true, "free": false, "note": ""}, "geometry": {"type": "MultiPolygon", "coordinates": [[[[127.20536411077364, 37.710331463912745], [127.20540206124409, 37.71034133594478], [127.20542883312548, 37.71034829915968], [127.20546860322692, 37.71023588004332], [127.20540784687658, 37.71021368622804], [127.20540600783755, 37.710213013684125], [127.20536411077364, 37.710331463912745]]]]}}, {"id": "183", "type": "Feature", "properties": {"pnu": "4136026221100090037", "addr": "\uacbd\uae30\ub3c4 \ub0a8\uc591\uc8fc\uc2dc \uc624\ub0a8\uc74d \uc591\uc9c0\ub9ac 9-37", "jibun": "9-37", "jimok": "\ub3c4\ub85c", "area_reg": 9.0, "area_geom": 9.0, "incl_ratio": 1.0, "area_incl": 9.0, "zone": "\uc81c1\uc885\uc77c\ubc18\uc8fc\uac70\uc9c0\uc5ed", "use": "\ub3c4\ub85c\ub4f1", "owner": "\uac1c\uc778", "price": 213600.0, "price_year": "2025", "included": true, "free": false, "note": ""}, "geometry": {"type": "MultiPolygon", "coordinates": [[[[127.20532316440159, 37.71034572488925], [127.20539466630333, 37.71034933128065], [127.20543241937435, 37.71034923897132], [127.20543243071499, 37.710349238951714], [127.20542883312548, 37.71034829915968], [127.20540206124409, 37.71034133594478], [127.20536411077364, 37.710331463912745], [127.20532316440159, 37.71034572488925]]]]}}, {"id": "184", "type": "Feature", "properties": {"pnu": "4136026221100090038", "addr": "\uacbd\uae30\ub3c4 \ub0a8\uc591\uc8fc\uc2dc \uc624\ub0a8\uc74d \uc591\uc9c0\ub9ac 9-38", "jibun": "9-38", "jimok": "\ub3c4\ub85c", "area_reg": 272.0, "area_geom": 270.7, "incl_ratio": 1.0, "area_incl": 272.0, "zone": "\uc81c1\uc885\uc77c\ubc18\uc8fc\uac70\uc9c0\uc5ed", "use": "\ub3c4\ub85c\ub4f1", "owner": "\uac1c\uc778", "price": 213600.0, "price_year": "2025", "included": true, "free": false, "note": ""}, "geometry": {"type": "MultiPolygon", "coordinates": [[[[127.20540600783755, 37.710213013684125], [127.20540784687658, 37.71021368622804], [127.20546860322692, 37.71023588004332], [127.20559231292842, 37.709886190679654], [127.20559292705524, 37.70978756096998], [127.2055268031501, 37.70987156424739], [127.20540600783755, 37.710213013684125]]]]}}, {"id": "185", "type": "Feature", "properties": {"pnu": "4136026221100090042", "addr": "\uacbd\uae30\ub3c4 \ub0a8\uc591\uc8fc\uc2dc \uc624\ub0a8\uc74d \uc591\uc9c0\ub9ac 9-42", "jibun": "9-42", "jimok": "\ub300", "area_reg": 628.0, "area_geom": 624.5, "incl_ratio": 1.0, "area_incl": 628.0, "zone": "\uc81c1\uc885\uc77c\ubc18\uc8fc\uac70\uc9c0\uc5ed", "use": "\uacf5\uc5c5\uae30\ud0c0", "owner": "\uac1c\uc778", "price": 442100.0, "price_year": "2025", "included": true, "free": false, "note": ""}, "geometry": {"type": "MultiPolygon", "coordinates": [[[[127.2056693757234, 37.7096846825802], [127.20561551713739, 37.70987008631182], [127.20565988807085, 37.709839286595255], [127.2060226540062, 37.709926258841726], [127.20602266534684, 37.70992625882207], [127.20607819161955, 37.70978269283268], [127.2056693757234, 37.7096846825802]]]]}}, {"id": "186", "type": "Feature", "properties": {"pnu": "4136026221100090043", "addr": "\uacbd\uae30\ub3c4 \ub0a8\uc591\uc8fc\uc2dc \uc624\ub0a8\uc74d \uc591\uc9c0\ub9ac 9-43", "jibun": "9-43", "jimok": "\ub3c4\ub85c", "area_reg": 890.0, "area_geom": 890.1, "incl_ratio": 1.0, "area_incl": 890.0, "zone": "\uc790\uc5f0\ub179\uc9c0\uc9c0\uc5ed", "use": "\ub3c4\ub85c\ub4f1", "owner": "\uc885\uc911", "price": 210100.0, "price_year": "2025", "included": true, "free": false, "note": ""}, "geometry": {"type": "MultiPolygon", "coordinates": [[[[127.20588309453, 37.711135920127006], [127.2055308432426, 37.711059930065616], [127.2054188331335, 37.71101979661773], [127.20511112819351, 37.711059349088096], [127.20508157171042, 37.711041948426185], [127.20508537318617, 37.711117415692456], [127.2054094828368, 37.71107576270562], [127.20550775729325, 37.71111104570475], [127.20598799733563, 37.71121429339608], [127.20672092112184, 37.711122815608086], [127.20671312814889, 37.71106869019066], [127.2059917691696, 37.711158931574445], [127.20588309453, 37.711135920127006]]]]}}, {"id": "187", "type": "Feature", "properties": {"pnu": "4136026221100090044", "addr": "\uacbd\uae30\ub3c4 \ub0a8\uc591\uc8fc\uc2dc \uc624\ub0a8\uc74d \uc591\uc9c0\ub9ac 9-44", "jibun": "9-44", "jimok": "\uacf5\uc7a5\uc6a9\uc9c0", "area_reg": 1375.0, "area_geom": 1374.4, "incl_ratio": 1.0, "area_incl": 1375.0, "zone": "\uc790\uc5f0\ub179\uc9c0\uc9c0\uc5ed", "use": "\uacf5\uc5c5\ub098\uc9c0", "owner": "\uc885\uc911", "price": 565700.0, "price_year": "2025", "included": true, "free": false, "note": ""}, "geometry": {"type": "MultiPolygon", "coordinates": [[[[127.20508157171042, 37.711041948426185], [127.20511112819351, 37.711059349088096], [127.2054188331335, 37.71101979661773], [127.2055308432426, 37.711059930065616], [127.20588309453, 37.711135920127006], [127.20587632961073, 37.71089014862918], [127.20581063169145, 37.71086929701674], [127.2057092017725, 37.71085776015821], [127.2057004300477, 37.710855838272934], [127.20507623540334, 37.710936058223346], [127.20508157171042, 37.711041948426185]]]]}}, {"id": "188", "type": "Feature", "properties": {"pnu": "4136026221100150027", "addr": "\uacbd\uae30\ub3c4 \ub0a8\uc591\uc8fc\uc2dc \uc624\ub0a8\uc74d \uc591\uc9c0\ub9ac 15-27", "jibun": "15-27", "jimok": "\ub300", "area_reg": 530.0, "area_geom": 529.8, "incl_ratio": 1.0, "area_incl": 530.0, "zone": "\uc81c1\uc885\uc77c\ubc18\uc8fc\uac70\uc9c0\uc5ed", "use": "\uacf5\uc5c5\uc6a9", "owner": "\uac1c\uc778", "price": 442100.0, "price_year": "2025", "included": true, "free": false, "note": ""}, "geometry": {"type": "MultiPolygon", "coordinates": [[[[127.20610179380888, 37.7096473809878], [127.20612825601515, 37.70965314629862], [127.20621220432297, 37.709671434348174], [127.20647246934664, 37.709728148500474], [127.20654560509224, 37.70953052080143], [127.20616206479774, 37.70957151424875], [127.20612638633608, 37.70957532417735], [127.20610179380888, 37.7096473809878]]]]}}, {"id": "189", "type": "Feature", "properties": {"pnu": "4136026221100090045", "addr": "\uacbd\uae30\ub3c4 \ub0a8\uc591\uc8fc\uc2dc \uc624\ub0a8\uc74d \uc591\uc9c0\ub9ac 9-45", "jibun": "9-45", "jimok": "\uacf5\uc7a5\uc6a9\uc9c0", "area_reg": 4883.0, "area_geom": 4883.4, "incl_ratio": 1.0, "area_incl": 4883.0, "zone": "\uc790\uc5f0\ub179\uc9c0\uc9c0\uc5ed", "use": "\uacf5\uc5c5\uc6a9", "owner": "\uc885\uc911", "price": 619500.0, "price_year": "2025", "included": true, "free": false, "note": ""}, "geometry": {"type": "MultiPolygon", "coordinates": [[[[127.20697755648413, 37.710676174868176], [127.20698891414835, 37.711068408164934], [127.20671312814889, 37.71106869019066], [127.20672092112184, 37.711122815608086], [127.20694331381709, 37.711204434202465], [127.20749910722512, 37.71121264546115], [127.20768479513256, 37.71120174362041], [127.20779780713563, 37.71112409002689], [127.2077834998796, 37.710630746684], [127.20776283847208, 37.7106312873644], [127.20751255644642, 37.71062226472764], [127.20734532054026, 37.71058364408579], [127.20724841923656, 37.71058567818729], [127.20697755648413, 37.710676174868176]]]]}}, {"id": "190", "type": "Feature", "properties": {"pnu": "4136026221100090048", "addr": "\uacbd\uae30\ub3c4 \ub0a8\uc591\uc8fc\uc2dc \uc624\ub0a8\uc74d \uc591\uc9c0\ub9ac 9-48", "jibun": "9-48", "jimok": "\ub300", "area_reg": 558.0, "area_geom": 555.4, "incl_ratio": 1.0, "area_incl": 558.0, "zone": "\uc81c1\uc885\uc77c\ubc18\uc8fc\uac70\uc9c0\uc5ed", "use": "\uacf5\uc5c5\uae30\ud0c0", "owner": "\uac1c\uc778", "price": 442100.0, "price_year": "2025", "included": true, "free": false, "note": ""}, "geometry": {"type": "MultiPolygon", "coordinates": [[[[127.2056693757234, 37.7096846825802], [127.20607819161955, 37.70978269283268], [127.20612829006164, 37.70965315524924], [127.20588798569746, 37.709600802452435], [127.20570530375812, 37.709560998950195], [127.2056693757234, 37.7096846825802]]]]}}, {"id": "191", "type": "Feature", "properties": {"pnu": "4136026221100090049", "addr": "\uacbd\uae30\ub3c4 \ub0a8\uc591\uc8fc\uc2dc \uc624\ub0a8\uc74d \uc591\uc9c0\ub9ac 9-49", "jibun": "9-49", "jimok": "\uacf5\uc7a5\uc6a9\uc9c0", "area_reg": 108.0, "area_geom": 108.0, "incl_ratio": 1.0, "area_incl": 108.0, "zone": "\uc81c1\uc885\uc77c\ubc18\uc8fc\uac70\uc9c0\uc5ed", "use": "\uacf5\uc5c5\ub098\uc9c0", "owner": "\uac1c\uc778", "price": 353600.0, "price_year": "2025", "included": true, "free": false, "note": ""}, "geometry": {"type": "MultiPolygon", "coordinates": [[[[127.20491959898668, 37.709389425612386], [127.20496427259022, 37.7093946732488], [127.20502528445003, 37.70914977573155], [127.20498194120258, 37.70914576014471], [127.20491959898668, 37.709389425612386]]]]}}, {"id": "192", "type": "Feature", "properties": {"pnu": "4136026221100090051", "addr": "\uacbd\uae30\ub3c4 \ub0a8\uc591\uc8fc\uc2dc \uc624\ub0a8\uc74d \uc591\uc9c0\ub9ac 9-51", "jibun": "9-51", "jimok": "\uacf5\uc7a5\uc6a9\uc9c0", "area_reg": 862.0, "area_geom": 861.2, "incl_ratio": 1.0, "area_incl": 862.0, "zone": "\uc81c1\uc885\uc77c\ubc18\uc8fc\uac70\uc9c0\uc5ed", "use": "\uacf5\uc5c5\uc6a9", "owner": "\uac1c\uc778", "price": 442100.0, "price_year": "2025", "included": true, "free": false, "note": ""}, "geometry": {"type": "MultiPolygon", "coordinates": [[[[127.20507472891246, 37.70973843507085], [127.20524078797516, 37.70977497974607], [127.20550007830158, 37.70983204910445], [127.20552371732288, 37.709867001693205], [127.20555993798916, 37.709820980794966], [127.20559861879879, 37.70968784131284], [127.20558283953271, 37.7096655427058], [127.20513525929158, 37.70956629127644], [127.20507472891246, 37.70973843507085]]]]}}, {"id": "193", "type": "Feature", "properties": {"pnu": "4136026221100090052", "addr": "\uacbd\uae30\ub3c4 \ub0a8\uc591\uc8fc\uc2dc \uc624\ub0a8\uc74d \uc591\uc9c0\ub9ac 9-52", "jibun": "9-52", "jimok": "\uacf5\uc7a5\uc6a9\uc9c0", "area_reg": 71.0, "area_geom": 70.2, "incl_ratio": 1.0, "area_incl": 71.0, "zone": "\uc81c1\uc885\uc77c\ubc18\uc8fc\uac70\uc9c0\uc5ed", "use": "\uacf5\uc5c5\ub098\uc9c0", "owner": "\ubc95\uc778", "price": 353600.0, "price_year": "2025", "included": true, "free": false, "note": ""}, "geometry": {"type": "MultiPolygon", "coordinates": [[[[127.20496427259022, 37.7093946732488], [127.20491959898668, 37.709389425612386], [127.20488049469938, 37.70954228773687], [127.20492167765103, 37.70955247869805], [127.20493486027272, 37.70951275042453], [127.20496427259022, 37.7093946732488]]]]}}, {"id": "194", "type": "Feature", "properties": {"pnu": "4136026221100090053", "addr": "\uacbd\uae30\ub3c4 \ub0a8\uc591\uc8fc\uc2dc \uc624\ub0a8\uc74d \uc591\uc9c0\ub9ac 9-53", "jibun": "9-53", "jimok": "\ub300", "area_reg": 2175.0, "area_geom": 2174.4, "incl_ratio": 1.0, "area_incl": 2175.0, "zone": "\uc790\uc5f0\ub179\uc9c0\uc9c0\uc5ed", "use": "\uacf5\uc5c5\uc6a9", "owner": "\ubc95\uc778", "price": 619500.0, "price_year": "2025", "included": true, "free": false, "note": ""}, "geometry": {"type": "MultiPolygon", "coordinates": [[[[127.20642324297789, 37.710792093521555], [127.2064238093117, 37.71110488051924], [127.20671312814889, 37.71106869019066], [127.20698891414835, 37.711068408164934], [127.20697755648413, 37.710676174868176], [127.20691118335188, 37.710698355129736], [127.20691617626672, 37.71063779257988], [127.20661320196501, 37.71059473125434], [127.20665543949545, 37.710649841884816], [127.2066409320057, 37.7107229533974], [127.20642324297789, 37.710792093521555]]]]}}, {"id": "195", "type": "Feature", "properties": {"pnu": "4136026221100090054", "addr": "\uacbd\uae30\ub3c4 \ub0a8\uc591\uc8fc\uc2dc \uc624\ub0a8\uc74d \uc591\uc9c0\ub9ac 9-54", "jibun": "9-54", "jimok": "\ub300", "area_reg": 301.0, "area_geom": 302.5, "incl_ratio": 1.0, "area_incl": 301.0, "zone": "\uc790\uc5f0\ub179\uc9c0\uc9c0\uc5ed", "use": "\uacf5\uc5c5\uc6a9", "owner": "\ubc95\uc778", "price": 619500.0, "price_year": "2025", "included": true, "free": false, "note": ""}, "geometry": {"type": "MultiPolygon", "coordinates": [[[[127.20642297974643, 37.71064293923507], [127.20642324297789, 37.710792093521555], [127.2066409320057, 37.7107229533974], [127.20665543949545, 37.710649841884816], [127.20661320196501, 37.71059473125434], [127.20656637549924, 37.710594587449954], [127.20651730829148, 37.71062909863426], [127.20642297974643, 37.71064293923507]]]]}}, {"id": "196", "type": "Feature", "properties": {"pnu": "4136026221100090055", "addr": "\uacbd\uae30\ub3c4 \ub0a8\uc591\uc8fc\uc2dc \uc624\ub0a8\uc74d \uc591\uc9c0\ub9ac 9-55", "jibun": "9-55", "jimok": "\ub300", "area_reg": 1182.0, "area_geom": 1194.7, "incl_ratio": 1.0, "area_incl": 1182.0, "zone": "\uc790\uc5f0\ub179\uc9c0\uc9c0\uc5ed", "use": "\ub3c4\ub85c\ub4f1", "owner": "\uad70\uc720\uc9c0", "price": 0.0, "price_year": "2025", "included": true, "free": false, "note": ""}, "geometry": {"type": "MultiPolygon", "coordinates": [[[[127.20470416016016, 37.71040657216364], [127.2047857239183, 37.71049832101038], [127.20486585727701, 37.710630967065555], [127.2048863520662, 37.710664898099495], [127.20492103029022, 37.71072229282082], [127.20493010998688, 37.71073732327288], [127.20493614205485, 37.71075346716859], [127.20497773808401, 37.71086472764096], [127.20498206751198, 37.71086786453825], [127.20507623540334, 37.710936058223346], [127.20506755303546, 37.71076362852428], [127.20506738539392, 37.710760385339874], [127.20512109825837, 37.71076970769148], [127.2051722533274, 37.71076850215608], [127.20514557892939, 37.710486347977664], [127.20500407130345, 37.71042085785252], [127.20495583054795, 37.710409435767254], [127.20492017552314, 37.7104095423243], [127.20490159931548, 37.7104095203081], [127.2048994785807, 37.710409514956275], [127.20489833317039, 37.71040951693186], [127.20489719907621, 37.71040950987826], [127.20489605366593, 37.7104095118538], [127.20489490823101, 37.71040950481974], [127.20489377413682, 37.7104094977661], [127.20489262872651, 37.71040949974164], [127.20489148329162, 37.71040949270752], [127.20489034919737, 37.71040948565388], [127.20488920378709, 37.71040948762937], [127.20488805835218, 37.71040948059525], [127.20488692425798, 37.710409473541525], [127.20488577882304, 37.710409466507386], [127.20488463341279, 37.71040946848284], [127.20488349931856, 37.710409461429094], [127.20488235388362, 37.7104094543949], [127.20488120844874, 37.710409447360696], [127.20488007435453, 37.710409440306954], [127.20487892891961, 37.71040943327274], [127.2048777834847, 37.71040942623848], [127.20487664939051, 37.71040941918472], [127.20487550395558, 37.71040941215045], [127.20487435854528, 37.7104094141258], [127.20487322445109, 37.71040940707195], [127.20487207901617, 37.710409400037705], [127.20487093358126, 37.710409393003395], [127.20486979946244, 37.71040937693991], [127.20486865402755, 37.71040936990559], [127.20486750859263, 37.710409362871246], [127.20486637449844, 37.71040935581736], [127.2048652290635, 37.71040934878301], [127.2048640949693, 37.71040934172906], [127.2048629495344, 37.71040933469471], [127.2048618040995, 37.71040932766034], [127.20486066998065, 37.71040931159679], [127.20485952454575, 37.71040930456238], [127.20485837911085, 37.71040929752795], [127.20485724501664, 37.710409290473955], [127.20485609955713, 37.71040927442993], [127.20485495412223, 37.71040926739547], [127.204853820028, 37.71040926034146], [127.20485267456846, 37.71040924429737], [127.20485154047425, 37.71040923724333], [127.20485039503936, 37.71040923020881], [127.20484924957984, 37.710409214164706], [127.20484811548565, 37.71040920711066], [127.20484697005077, 37.710409200076114], [127.20484582459125, 37.710409184031974], [127.20484469049701, 37.71040917697785], [127.2048435450375, 37.71040916093371], [127.2048424109433, 37.710409153879574], [127.20484126548375, 37.71040913783536], [127.20484012004886, 37.710409130800784], [127.20483898593007, 37.710409114737], [127.20483784047049, 37.71040909869278], [127.20483670637633, 37.71040909163859], [127.2048355609168, 37.71040907559434], [127.20483441548194, 37.71040906855972], [127.20483328136312, 37.71040905249589], [127.20483213590357, 37.7104090364516], [127.20483100180935, 37.710409029397354], [127.20482985634986, 37.71040901335308], [127.20482871089035, 37.71040899730873], [127.20482757677154, 37.71040898124489], [127.20482643133663, 37.71040897421015], [127.20482528587713, 37.71040895816579], [127.20482415175832, 37.710408942101886], [127.20482300629881, 37.71040892605749], [127.20482187217998, 37.71040890999356], [127.2048207267451, 37.71040890295878], [127.20481959262627, 37.71040888689484], [127.20481844716677, 37.71040887085041], [127.20481730170725, 37.710408854806], [127.20481616758845, 37.710408838742005], [127.20481388801018, 37.71040880663353], [127.20481159709112, 37.71040877454459], [127.2048093175128, 37.710408742436066], [127.2048070379345, 37.71040871032746], [127.2048047583562, 37.71040867821884], [127.20480247877789, 37.71040864611015], [127.20480019917493, 37.71040860499183], [127.20479790825596, 37.71040857290259], [127.20479562865305, 37.7104085317842], [127.20479334907473, 37.71040849967535], [127.20479106947185, 37.71040845855685], [127.20478878989351, 37.7104084264479], [127.20478651029066, 37.71040838532931], [127.20478423068771, 37.71040834421067], [127.20478195108483, 37.710408303091995], [127.20477966014127, 37.71040826199281], [127.20477738053837, 37.71040822087404], [127.20477510093548, 37.71040817975521], [127.20477282133258, 37.71040813863636], [127.20477054172969, 37.710408097517465], [127.20476826210222, 37.7104080473889], [127.20476598249928, 37.7104080062699], [127.20476370289643, 37.710407965150885], [127.20476142326896, 37.7104079150222], [127.20475914364147, 37.71040786489347], [127.20475686403861, 37.710407823774304], [127.20475458441109, 37.710407773645485], [127.20475230478367, 37.710407723516624], [127.20475002518079, 37.71040768239736], [127.20474774555333, 37.71040763226837], [127.20474546592588, 37.71040758213939], [127.2047431862984, 37.71040753201032], [127.20474090667093, 37.71040748188125], [127.20473862701888, 37.71040742274251], [127.20473634739142, 37.71040737261338], [127.204734067764, 37.71040732248412], [127.20473178811194, 37.71040726334528], [127.20472950848452, 37.71040721321594], [127.20472722885707, 37.71040716308661], [127.20472494920504, 37.710407103947624], [127.20472266955298, 37.71040704480857], [127.20472038992555, 37.7104069946791], [127.20471811027353, 37.71040693553996], [127.20471583062148, 37.710406876400775], [127.20471355096952, 37.71040681726159], [127.20471127131748, 37.7104067581223], [127.20470899166547, 37.71040669898302], [127.20470671201343, 37.71040663984365], [127.20470557787009, 37.710406614769006], [127.20470416016016, 37.71040657216364]]]]}}, {"id": "197", "type": "Feature", "properties": {"pnu": "4136026221100120016", "addr": "\uacbd\uae30\ub3c4 \ub0a8\uc591\uc8fc\uc2dc \uc624\ub0a8\uc74d \uc591\uc9c0\ub9ac 12-16", "jibun": "12-16", "jimok": "\ub3c4\ub85c", "area_reg": 196.0, "area_geom": 195.7, "incl_ratio": 1.0, "area_incl": 196.0, "zone": "\ub18d\ub9bc\uc9c0\uc5ed", "use": "\ub3c4\ub85c\ub4f1", "owner": "\uac1c\uc778", "price": 108700.0, "price_year": "2025", "included": true, "free": false, "note": ""}, "geometry": {"type": "MultiPolygon", "coordinates": [[[[127.20802800298831, 37.70864290691162], [127.20812621649539, 37.70886120992359], [127.2081270821861, 37.70886666825583], [127.20812012904294, 37.70889067314137], [127.20812144426151, 37.70889057173086], [127.20823247791049, 37.70888191707523], [127.20818862124882, 37.70882370150111], [127.20817594689952, 37.70880075811131], [127.20810338879087, 37.70863676542728], [127.20802800298831, 37.70864290691162]]]]}}, {"id": "198", "type": "Feature", "properties": {"pnu": "4136026221100120023", "addr": "\uacbd\uae30\ub3c4 \ub0a8\uc591\uc8fc\uc2dc \uc624\ub0a8\uc74d \uc591\uc9c0\ub9ac 12-23", "jibun": "12-23", "jimok": "\uc784\uc57c", "area_reg": 2956.0, "area_geom": 2946.5, "incl_ratio": 1.0, "area_incl": 2956.0, "zone": "\ub18d\ub9bc\uc9c0\uc5ed", "use": "\uc790\uc5f0\ub9bc", "owner": "\uac1c\uc778", "price": 11000.0, "price_year": "2025", "included": true, "free": false, "note": ""}, "geometry": {"type": "MultiPolygon", "coordinates": [[[[127.2086023801986, 37.70719352577096], [127.2087563166477, 37.70752479258939], [127.2092206325384, 37.70752011052332], [127.20923933502299, 37.70706989219076], [127.20878664576445, 37.70682211237565], [127.20878740735594, 37.70709560811597], [127.2086023801986, 37.70719352577096]]]]}}, {"id": "199", "type": "Feature", "properties": {"pnu": "4136026221100150038", "addr": "\uacbd\uae30\ub3c4 \ub0a8\uc591\uc8fc\uc2dc \uc624\ub0a8\uc74d \uc591\uc9c0\ub9ac 15-38", "jibun": "15-38", "jimok": "\uacf5\uc7a5\uc6a9\uc9c0", "area_reg": 657.0, "area_geom": 651.6, "incl_ratio": 1.0, "area_incl": 657.0, "zone": "\uc81c1\uc885\uc77c\ubc18\uc8fc\uac70\uc9c0\uc5ed", "use": "\uacf5\uc5c5\uc6a9", "owner": "\ubc95\uc778", "price": 442100.0, "price_year": "2025", "included": true, "free": false, "note": ""}, "geometry": {"type": "MultiPolygon", "coordinates": [[[[127.20448291483756, 37.709471409074794], [127.20488049469938, 37.70954228773687], [127.20491959898668, 37.709389425612386], [127.20491738649793, 37.709389033004115], [127.20448760631375, 37.70931209234011], [127.20448404526637, 37.70934116360593], [127.20448291483756, 37.709471409074794]]]]}}, {"id": "200", "type": "Feature", "properties": {"pnu": "4136026221100100001", "addr": "\uacbd\uae30\ub3c4 \ub0a8\uc591\uc8fc\uc2dc \uc624\ub0a8\uc74d \uc591\uc9c0\ub9ac 10-1", "jibun": "10-1", "jimok": "\uad6c\uac70", "area_reg": 1218.0, "area_geom": 1194.9, "incl_ratio": 1.0, "area_incl": 1218.0, "zone": "\uc790\uc5f0\ub179\uc9c0\uc9c0\uc5ed", "use": "\ud558\ucc9c\ub4f1", "owner": "\uad6d\uc720\uc9c0", "price": 103900.0, "price_year": "2025", "included": true, "free": false, "note": ""}, "geometry": {"type": "MultiPolygon", "coordinates": [[[[127.20489392669879, 37.7103947757349], [127.2049201521307, 37.710400983197175], [127.20500407130345, 37.71042085785252], [127.20514557892939, 37.710486347977664], [127.20521305284647, 37.710464310961626], [127.20530909953744, 37.71047739820227], [127.2053090995621, 37.71047740721186], [127.20534949172928, 37.71051749340592], [127.20538356040973, 37.71055926631345], [127.20534045385061, 37.710476343938645], [127.20536171678869, 37.71046770296768], [127.20543925667982, 37.710526789326615], [127.20562667900352, 37.71058643328468], [127.2058052090593, 37.71057946599152], [127.20585032314072, 37.71057964009447], [127.20585017526612, 37.71057947817703], [127.20597312232553, 37.71058010296182], [127.20600716468395, 37.71055850185907], [127.20609181586141, 37.71055570619146], [127.20621942491991, 37.7106185342612], [127.2063906715616, 37.7106476803905], [127.20651730829148, 37.71062909863426], [127.20656637549924, 37.710594587449954], [127.20661320196501, 37.71059473125434], [127.20691617626672, 37.71063779257988], [127.20699000334264, 37.710633168143154], [127.20710113111767, 37.710596016867385], [127.20724389453784, 37.71058577617795], [127.20724841923656, 37.71058567818729], [127.20734532054026, 37.71058364408579], [127.20751255644642, 37.71062226472764], [127.20776283847208, 37.7106312873644], [127.2077834998796, 37.710630746684], [127.20789025424368, 37.71062794709793], [127.2078873058341, 37.710574849385345], [127.20783441631846, 37.71057214894539], [127.20779299571478, 37.71060340380692], [127.20769668143012, 37.710600373827035], [127.2075222498489, 37.71060480511237], [127.20743362132522, 37.71055549694066], [127.20733862710999, 37.71054177891878], [127.2072757576658, 37.71056365595173], [127.20712976561282, 37.71057103724105], [127.20701461154894, 37.710595735215605], [127.20698949933306, 37.71059438248093], [127.2069251308599, 37.71059091779524], [127.20685812581233, 37.71057723171368], [127.20678529607711, 37.71055693364123], [127.20676840300543, 37.710558629832256], [127.20672928818806, 37.710562563049976], [127.20660942986143, 37.71053458939516], [127.20649577999916, 37.710557833693514], [127.2064584758266, 37.71057683681756], [127.2064277627079, 37.71059247688675], [127.20637653086699, 37.71058634023577], [127.20631519395896, 37.710559435851856], [127.20618914359252, 37.71054790612459], [127.20610619199464, 37.71050475870988], [127.20594818350916, 37.71054690960301], [127.20562829580396, 37.71055982499079], [127.20546007029718, 37.710503166067525], [127.20539117070784, 37.7104394428333], [127.205199893843, 37.710429799704364], [127.20513222033745, 37.7104410525067], [127.2050258272428, 37.710385133083435], [127.20494343270688, 37.710367066752845], [127.20492004541195, 37.7103619355581], [127.20492014838791, 37.710399613736826], [127.20489392669879, 37.7103947757349]]]]}}, {"id": "201", "type": "Feature", "properties": {"pnu": "4136026221100100002", "addr": "\uacbd\uae30\ub3c4 \ub0a8\uc591\uc8fc\uc2dc \uc624\ub0a8\uc74d \uc591\uc9c0\ub9ac 10-2", "jibun": "10-2", "jimok": "\ub300", "area_reg": 891.0, "area_geom": 901.6, "incl_ratio": 1.0, "area_incl": 891.0, "zone": "\uc81c1\uc885\uc77c\ubc18\uc8fc\uac70\uc9c0\uc5ed", "use": "\uacf5\uc5c5\uae30\ud0c0", "owner": "\uac1c\uc778", "price": 439400.0, "price_year": "2025", "included": true, "free": false, "note": ""}, "geometry": {"type": "MultiPolygon", "coordinates": [[[[127.2064584758266, 37.71057683681756], [127.20644419551098, 37.71026299246805], [127.20618790459187, 37.710270573235285], [127.20615618667563, 37.71028371029582], [127.20614479146731, 37.71040413503218], [127.20610619199464, 37.71050475870988], [127.20618914359252, 37.71054790612459], [127.20631519395896, 37.710559435851856], [127.20637653086699, 37.71058634023577], [127.2064277627079, 37.71059247688675], [127.2064584758266, 37.71057683681756]]]]}}, {"id": "202", "type": "Feature", "properties": {"pnu": "4136026221100100003", "addr": "\uacbd\uae30\ub3c4 \ub0a8\uc591\uc8fc\uc2dc \uc624\ub0a8\uc74d \uc591\uc9c0\ub9ac 10-3", "jibun": "10-3", "jimok": "\uacf5\uc7a5\uc6a9\uc9c0", "area_reg": 891.0, "area_geom": 901.6, "incl_ratio": 1.0, "area_incl": 891.0, "zone": "\uc81c1\uc885\uc77c\ubc18\uc8fc\uac70\uc9c0\uc5ed", "use": "\uacf5\uc5c5\uc6a9", "owner": "\uac1c\uc778", "price": 436700.0, "price_year": "2025", "included": true, "free": false, "note": ""}, "geometry": {"type": "MultiPolygon", "coordinates": [[[[127.20644419551098, 37.71026299246805], [127.2064584758266, 37.71057683681756], [127.20649577999916, 37.710557833693514], [127.20660942986143, 37.71053458939516], [127.20672928818806, 37.710562563049976], [127.20676840300543, 37.710558629832256], [127.2067612790423, 37.71025361153151], [127.20644419551098, 37.71026299246805]]]]}}, {"id": "203", "type": "Feature", "properties": {"pnu": "4136026221100100004", "addr": "\uacbd\uae30\ub3c4 \ub0a8\uc591\uc8fc\uc2dc \uc624\ub0a8\uc74d \uc591\uc9c0\ub9ac 10-4", "jibun": "10-4", "jimok": "\ub300", "area_reg": 96.0, "area_geom": 97.0, "incl_ratio": 1.0, "area_incl": 96.0, "zone": "\uc81c1\uc885\uc77c\ubc18\uc8fc\uac70\uc9c0\uc5ed", "use": "\uacf5\uc5c5\uc6a9", "owner": "\uac1c\uc778", "price": 442100.0, "price_year": "2025", "included": true, "free": false, "note": ""}, "geometry": {"type": "MultiPolygon", "coordinates": [[[[127.20712976561282, 37.71057103724105], [127.20707654430421, 37.710534424719135], [127.2070505063462, 37.71049352124986], [127.20698962190791, 37.71047036444212], [127.20698949933306, 37.71059438248093], [127.20701461154894, 37.710595735215605], [127.20712976561282, 37.71057103724105]]]]}}, {"id": "204", "type": "Feature", "properties": {"pnu": "4136026221100100005", "addr": "\uacbd\uae30\ub3c4 \ub0a8\uc591\uc8fc\uc2dc \uc624\ub0a8\uc74d \uc591\uc9c0\ub9ac 10-5", "jibun": "10-5", "jimok": "\ub300", "area_reg": 84.0, "area_geom": 82.9, "incl_ratio": 1.0, "area_incl": 84.0, "zone": "\uc790\uc5f0\ub179\uc9c0\uc9c0\uc5ed", "use": "\uc8fc\uac70\ub098\uc9c0", "owner": "\uac1c\uc778", "price": 500600.0, "price_year": "2025", "included": true, "free": false, "note": ""}, "geometry": {"type": "MultiPolygon", "coordinates": [[[[127.20538356040973, 37.71055926631345], [127.20534949172928, 37.71051749340592], [127.2053090995621, 37.71047740721186], [127.20537123412667, 37.710592803520306], [127.20536832897167, 37.7106542093045], [127.20540407554486, 37.710728873534435], [127.20540976523591, 37.71079386831657], [127.20542699923256, 37.71079239697183], [127.20543367227056, 37.7107278673332], [127.2054059845262, 37.71066400075757], [127.2054051080057, 37.710600709485], [127.20538356040973, 37.71055926631345]]]]}}, {"id": "205", "type": "Feature", "properties": {"pnu": "4136026221100110001", "addr": "\uacbd\uae30\ub3c4 \ub0a8\uc591\uc8fc\uc2dc \uc624\ub0a8\uc74d \uc591\uc9c0\ub9ac 11-1", "jibun": "11-1", "jimok": "\ub300", "area_reg": 135.0, "area_geom": 137.2, "incl_ratio": 1.0, "area_incl": 135.0, "zone": "\uc81c1\uc885\uc77c\ubc18\uc8fc\uac70\uc9c0\uc5ed", "use": "\uacf5\uc5c5\ub098\uc9c0", "owner": "\uac1c\uc778", "price": 434500.0, "price_year": "2025", "included": true, "free": false, "note": ""}, "geometry": {"type": "MultiPolygon", "coordinates": [[[[127.2064422487851, 37.71020673959649], [127.20644419551098, 37.71026299246805], [127.20676869526957, 37.71025339140087], [127.20674772799362, 37.710241679311785], [127.20667131153013, 37.71021602666808], [127.20654326216126, 37.7102032034063], [127.2064422487851, 37.71020673959649]]]]}}, {"id": "206", "type": "Feature", "properties": {"pnu": "4136026221100110003", "addr": "\uacbd\uae30\ub3c4 \ub0a8\uc591\uc8fc\uc2dc \uc624\ub0a8\uc74d \uc591\uc9c0\ub9ac 11-3", "jibun": "11-3", "jimok": "\ub300", "area_reg": 87.0, "area_geom": 87.9, "incl_ratio": 1.0, "area_incl": 87.0, "zone": "\uc81c1\uc885\uc77c\ubc18\uc8fc\uac70\uc9c0\uc5ed", "use": "\uacf5\uc5c5\ub098\uc9c0", "owner": "\uac1c\uc778", "price": 439400.0, "price_year": "2025", "included": true, "free": false, "note": ""}, "geometry": {"type": "MultiPolygon", "coordinates": [[[[127.20644419551098, 37.71026299246805], [127.2064422487851, 37.71020673959649], [127.20639418012522, 37.71020842684115], [127.20638614564572, 37.71021063915501], [127.20632114455978, 37.71022854612804], [127.20622631725068, 37.7102546675912], [127.20618790459187, 37.710270573235285], [127.20644419551098, 37.71026299246805]]]]}}, {"id": "207", "type": "Feature", "properties": {"pnu": "4136026221100110004", "addr": "\uacbd\uae30\ub3c4 \ub0a8\uc591\uc8fc\uc2dc \uc624\ub0a8\uc74d \uc591\uc9c0\ub9ac 11-4", "jibun": "11-4", "jimok": "\ub3c4\ub85c", "area_reg": 68.0, "area_geom": 69.2, "incl_ratio": 1.0, "area_incl": 68.0, "zone": "\uc81c1\uc885\uc77c\ubc18\uc8fc\uac70\uc9c0\uc5ed", "use": "\ub3c4\ub85c\ub4f1", "owner": "\uac1c\uc778", "price": 187000.0, "price_year": "2025", "included": true, "free": false, "note": ""}, "geometry": {"type": "MultiPolygon", "coordinates": [[[[127.20654326216126, 37.7102032034063], [127.20667131153013, 37.71021602666808], [127.20674772799362, 37.710241679311785], [127.20676869526957, 37.71025339140087], [127.20683005491689, 37.71025157274684], [127.2068098800774, 37.710218794727425], [127.2068071574561, 37.71021437572925], [127.20680156408991, 37.710205285720434], [127.20678134885947, 37.710194860707915], [127.20654326216126, 37.7102032034063]]]]}}, {"id": "208", "type": "Feature", "properties": {"pnu": "4136026221100120001", "addr": "\uacbd\uae30\ub3c4 \ub0a8\uc591\uc8fc\uc2dc \uc624\ub0a8\uc74d \uc591\uc9c0\ub9ac 12-1", "jibun": "12-1", "jimok": "\uacf5\uc7a5\uc6a9\uc9c0", "area_reg": 832.0, "area_geom": 832.0, "incl_ratio": 1.0, "area_incl": 832.0, "zone": "\ub18d\ub9bc\uc9c0\uc5ed", "use": "\uacf5\uc5c5\uc6a9", "owner": "\uac1c\uc778", "price": 313000.0, "price_year": "2025", "included": true, "free": false, "note": ""}, "geometry": {"type": "MultiPolygon", "coordinates": [[[[127.2075592138283, 37.70868107197301], [127.20757615635016, 37.70874655154905], [127.20758499466322, 37.70875621247057], [127.20757894198513, 37.708757349254185], [127.20762314424596, 37.708928266188565], [127.20801332378547, 37.70889875267859], [127.20803311669843, 37.708879653592895], [127.20802499915897, 37.708847773641374], [127.20788735475055, 37.70884610456668], [127.20779637449712, 37.70881914470343], [127.20775046471347, 37.70874833706315], [127.2078494228981, 37.70874870452933], [127.2079755799196, 37.708689308320224], [127.20803758909035, 37.70868500123767], [127.20810983325345, 37.708829894048854], [127.20805982704861, 37.708848199164585], [127.20807156779469, 37.70889434405564], [127.20812012904294, 37.70889067314137], [127.2081270821861, 37.70886666825583], [127.20812621649539, 37.70886120992359], [127.20802800298831, 37.70864290691162], [127.2075592138283, 37.70868107197301]]]]}}, {"id": "209", "type": "Feature", "properties": {"pnu": "4136026221100120003", "addr": "\uacbd\uae30\ub3c4 \ub0a8\uc591\uc8fc\uc2dc \uc624\ub0a8\uc74d \uc591\uc9c0\ub9ac 12-3", "jibun": "12-3", "jimok": "\uacf5\uc7a5\uc6a9\uc9c0", "area_reg": 1600.0, "area_geom": 1600.0, "incl_ratio": 1.0, "area_incl": 1600.0, "zone": "\ub18d\ub9bc\uc9c0\uc5ed", "use": "\uacf5\uc5c5\uc6a9", "owner": "\uac1c\uc778", "price": 313000.0, "price_year": "2025", "included": true, "free": false, "note": ""}, "geometry": {"type": "MultiPolygon", "coordinates": [[[[127.20738539879643, 37.70800888605967], [127.20743612266558, 37.70820503674901], [127.20744799838309, 37.708250956230785], [127.20790050565954, 37.70821481124281], [127.20783402730393, 37.7079485842084], [127.20779454399153, 37.70774947687308], [127.20741343974069, 37.70799110610392], [127.20738539879643, 37.70800888605967]]]]}}, {"id": "210", "type": "Feature", "properties": {"pnu": "4136026221100120004", "addr": "\uacbd\uae30\ub3c4 \ub0a8\uc591\uc8fc\uc2dc \uc624\ub0a8\uc74d \uc591\uc9c0\ub9ac 12-4", "jibun": "12-4", "jimok": "\ub3c4\ub85c", "area_reg": 18.0, "area_geom": 18.3, "incl_ratio": 1.0, "area_incl": 18.0, "zone": "\ub18d\ub9bc\uc9c0\uc5ed", "use": "\ub3c4\ub85c\ub4f1", "owner": "\uac1c\uc778", "price": 108700.0, "price_year": "2025", "included": true, "free": false, "note": ""}, "geometry": {"type": "MultiPolygon", "coordinates": [[[[127.20802499915897, 37.708847773641374], [127.20803311669843, 37.708879653592895], [127.20801332378547, 37.70889875267859], [127.20807156779469, 37.70889434405564], [127.20805982704861, 37.708848199164585], [127.20802499915897, 37.708847773641374]]]]}}, {"id": "211", "type": "Feature", "properties": {"pnu": "4136026221100120005", "addr": "\uacbd\uae30\ub3c4 \ub0a8\uc591\uc8fc\uc2dc \uc624\ub0a8\uc74d \uc591\uc9c0\ub9ac 12-5", "jibun": "12-5", "jimok": "\uacf5\uc7a5\uc6a9\uc9c0", "area_reg": 1167.0, "area_geom": 1167.6, "incl_ratio": 1.0, "area_incl": 1167.0, "zone": "\ub18d\ub9bc\uc9c0\uc5ed", "use": "\uacf5\uc5c5\uc6a9", "owner": "\uac1c\uc778", "price": 329500.0, "price_year": "2025", "included": true, "free": false, "note": ""}, "geometry": {"type": "MultiPolygon", "coordinates": [[[[127.20810338879087, 37.70863676542728], [127.20817594689952, 37.70880075811131], [127.20818862124882, 37.70882370150111], [127.20823247791049, 37.70888191707523], [127.20865843730512, 37.70884869880319], [127.20860304559518, 37.7086310057751], [127.20859430866365, 37.70859668533372], [127.2085518258447, 37.70860025567476], [127.20810338879087, 37.70863676542728]]]]}}, {"id": "212", "type": "Feature", "properties": {"pnu": "4136026221100120007", "addr": "\uacbd\uae30\ub3c4 \ub0a8\uc591\uc8fc\uc2dc \uc624\ub0a8\uc74d \uc591\uc9c0\ub9ac 12-7", "jibun": "12-7", "jimok": "\uacf5\uc7a5\uc6a9\uc9c0", "area_reg": 1924.0, "area_geom": 1923.7, "incl_ratio": 1.0, "area_incl": 1924.0, "zone": "\ub18d\ub9bc\uc9c0\uc5ed", "use": "\uacf5\uc5c5\uc6a9", "owner": "\uac1c\uc778", "price": 329500.0, "price_year": "2025", "included": true, "free": false, "note": ""}, "geometry": {"type": "MultiPolygon", "coordinates": [[[[127.20799075706284, 37.708277711810695], [127.2080347227145, 37.7084530347384], [127.20808694399318, 37.70859959338196], [127.20810338879087, 37.70863676542728], [127.2085518258447, 37.70860025567476], [127.20859430866365, 37.70859668533372], [127.2085717210358, 37.70850793487391], [127.20857172101071, 37.7085079258643], [127.20849305448466, 37.708198798632274], [127.20799075706284, 37.708277711810695]]]]}}, {"id": "213", "type": "Feature", "properties": {"pnu": "4136026221100120009", "addr": "\uacbd\uae30\ub3c4 \ub0a8\uc591\uc8fc\uc2dc \uc624\ub0a8\uc74d \uc591\uc9c0\ub9ac 12-9", "jibun": "12-9", "jimok": "\uacf5\uc7a5\uc6a9\uc9c0", "area_reg": 2287.0, "area_geom": 2285.9, "incl_ratio": 1.0, "area_incl": 2287.0, "zone": "\ub18d\ub9bc\uc9c0\uc5ed", "use": "\uacf5\uc5c5\uc6a9", "owner": "\uac1c\uc778", "price": 313000.0, "price_year": "2025", "included": true, "free": false, "note": ""}, "geometry": {"type": "MultiPolygon", "coordinates": [[[[127.20812100832478, 37.707565099392994], [127.20791664524779, 37.70774121759818], [127.20787969819739, 37.70779022270035], [127.20787485394355, 37.70779770919025], [127.2078739979265, 37.70781209009534], [127.20797352175433, 37.70820898031718], [127.20818014364077, 37.70819248209033], [127.2083925280403, 37.708013385193304], [127.20829823242764, 37.70764181228302], [127.20819514574548, 37.70757534859777], [127.20812100832478, 37.707565099392994]]]]}}, {"id": "214", "type": "Feature", "properties": {"pnu": "4136026221100120010", "addr": "\uacbd\uae30\ub3c4 \ub0a8\uc591\uc8fc\uc2dc \uc624\ub0a8\uc74d \uc591\uc9c0\ub9ac 12-10", "jibun": "12-10", "jimok": "\uc784\uc57c", "area_reg": 1074.0, "area_geom": 1074.2, "incl_ratio": 1.0, "area_incl": 1074.0, "zone": "\ub18d\ub9bc\uc9c0\uc5ed", "use": "\uc790\uc5f0\ub9bc", "owner": "\uac1c\uc778", "price": 13800.0, "price_year": "2025", "included": true, "free": false, "note": ""}, "geometry": {"type": "MultiPolygon", "coordinates": [[[[127.20823394369734, 37.70738850145352], [127.20824219902374, 37.70742102084254], [127.20825045438244, 37.7074535492404], [127.20826904043152, 37.70752678316094], [127.2087563166477, 37.70752479258939], [127.2086023801986, 37.70719352577096], [127.20823394369734, 37.70738850145352]]]]}}, {"id": "215", "type": "Feature", "properties": {"pnu": "4136026221100120012", "addr": "\uacbd\uae30\ub3c4 \ub0a8\uc591\uc8fc\uc2dc \uc624\ub0a8\uc74d \uc591\uc9c0\ub9ac 12-12", "jibun": "12-12", "jimok": "\uacf5\uc7a5\uc6a9\uc9c0", "area_reg": 791.0, "area_geom": 790.4, "incl_ratio": 1.0, "area_incl": 791.0, "zone": "\ub18d\ub9bc\uc9c0\uc5ed", "use": "\uacf5\uc5c5\uc6a9", "owner": "\ubc95\uc778", "price": 335800.0, "price_year": "2025", "included": true, "free": false, "note": ""}, "geometry": {"type": "MultiPolygon", "coordinates": [[[[127.20712971016964, 37.70866678455806], [127.20730044908616, 37.70895266931131], [127.20762314424596, 37.708928266188565], [127.20757894198513, 37.708757349254185], [127.20749128013361, 37.70877380987935], [127.20733660646947, 37.70871618392728], [127.2072412469802, 37.708696646222066], [127.20713997946173, 37.708640278273435], [127.20711807531804, 37.70862180163123], [127.20712971016964, 37.70866678455806]]]]}}, {"id": "216", "type": "Feature", "properties": {"pnu": "4136026221100120013", "addr": "\uacbd\uae30\ub3c4 \ub0a8\uc591\uc8fc\uc2dc \uc624\ub0a8\uc74d \uc591\uc9c0\ub9ac 12-13", "jibun": "12-13", "jimok": "\uacf5\uc7a5\uc6a9\uc9c0", "area_reg": 14.0, "area_geom": 13.8, "incl_ratio": 1.0, "area_incl": 14.0, "zone": "\ub18d\ub9bc\uc9c0\uc5ed", "use": "\uacf5\uc5c5\uc6a9", "owner": "\ubc95\uc778", "price": 335800.0, "price_year": "2025", "included": true, "free": false, "note": ""}, "geometry": {"type": "MultiPolygon", "coordinates": [[[[127.20750827249407, 37.70868521531596], [127.20753103196111, 37.7086971854221], [127.20754902712082, 37.7087168761106], [127.20757615632519, 37.708746542539465], [127.20756807486313, 37.70871532920673], [127.2075592138283, 37.70868107197301], [127.20750827249407, 37.70868521531596]]]]}}, {"id": "217", "type": "Feature", "properties": {"pnu": "4136026221100120014", "addr": "\uacbd\uae30\ub3c4 \ub0a8\uc591\uc8fc\uc2dc \uc624\ub0a8\uc74d \uc591\uc9c0\ub9ac 12-14", "jibun": "12-14", "jimok": "\uacf5\uc7a5\uc6a9\uc9c0", "area_reg": 861.0, "area_geom": 861.3, "incl_ratio": 1.0, "area_incl": 861.0, "zone": "\ub18d\ub9bc\uc9c0\uc5ed", "use": "\uacf5\uc5c5\uc6a9", "owner": "\ubc95\uc778", "price": 335800.0, "price_year": "2025", "included": true, "free": false, "note": ""}, "geometry": {"type": "MultiPolygon", "coordinates": [[[[127.20722500421081, 37.708268761107746], [127.20722069132377, 37.708300311426214], [127.20721637843309, 37.70833186174438], [127.20724388786988, 37.70834328304176], [127.2072670489431, 37.70835290097973], [127.2072684953836, 37.708400271210174], [127.20726569102892, 37.70843190899395], [127.20728253015014, 37.70849701940002], [127.20729935796065, 37.70856212982265], [127.20727477734292, 37.70856822720234], [127.20739274898254, 37.70862444874788], [127.20750827249407, 37.70868521531596], [127.2075592138283, 37.70868107197301], [127.20744799838309, 37.708250956230785], [127.20722500421081, 37.708268761107746]]]]}}, {"id": "218", "type": "Feature", "properties": {"pnu": "4136026221100120017", "addr": "\uacbd\uae30\ub3c4 \ub0a8\uc591\uc8fc\uc2dc \uc624\ub0a8\uc74d \uc591\uc9c0\ub9ac 12-17", "jibun": "12-17", "jimok": "\ub3c4\ub85c", "area_reg": 316.0, "area_geom": 315.9, "incl_ratio": 1.0, "area_incl": 316.0, "zone": "\ub18d\ub9bc\uc9c0\uc5ed", "use": "\ub3c4\ub85c\ub4f1", "owner": "\uac1c\uc778", "price": 108700.0, "price_year": "2025", "included": true, "free": false, "note": ""}, "geometry": {"type": "MultiPolygon", "coordinates": [[[[127.20790050565954, 37.70821481124281], [127.20796088370422, 37.70845664175849], [127.20796809572919, 37.7084809912325], [127.20802073426754, 37.70862674731521], [127.20802800298831, 37.70864290691162], [127.20810338879087, 37.70863676542728], [127.20808694399318, 37.70859959338196], [127.2080347227145, 37.7084530347384], [127.20797352175433, 37.70820898031718], [127.20790050565954, 37.70821481124281]]]]}}, {"id": "219", "type": "Feature", "properties": {"pnu": "4136026221100120018", "addr": "\uacbd\uae30\ub3c4 \ub0a8\uc591\uc8fc\uc2dc \uc624\ub0a8\uc74d \uc591\uc9c0\ub9ac 12-18", "jibun": "12-18", "jimok": "\ub3c4\ub85c", "area_reg": 531.0, "area_geom": 531.6, "incl_ratio": 1.0, "area_incl": 531.0, "zone": "\ub18d\ub9bc\uc9c0\uc5ed", "use": "\ub3c4\ub85c\ub4f1", "owner": "\uac1c\uc778", "price": 108700.0, "price_year": "2025", "included": true, "free": false, "note": ""}, "geometry": {"type": "MultiPolygon", "coordinates": [[[[127.20786647407132, 37.70770386128288], [127.20779454399153, 37.70774947687308], [127.20783402730393, 37.7079485842084], [127.20790050565954, 37.70821481124281], [127.20797352175433, 37.70820898031718], [127.2078739979265, 37.70781209009534], [127.20787485394355, 37.70779770919025], [127.20787969819739, 37.70779022270035], [127.20791664524779, 37.70774121759818], [127.20812100832478, 37.707565099392994], [127.20808548079951, 37.70751667167648], [127.20787465875699, 37.707698675418946], [127.20786647407132, 37.70770386128288]]]]}}, {"id": "220", "type": "Feature", "properties": {"pnu": "4136026221100120019", "addr": "\uacbd\uae30\ub3c4 \ub0a8\uc591\uc8fc\uc2dc \uc624\ub0a8\uc74d \uc591\uc9c0\ub9ac 12-19", "jibun": "12-19", "jimok": "\ub3c4\ub85c", "area_reg": 37.0, "area_geom": 37.0, "incl_ratio": 1.0, "area_incl": 37.0, "zone": "\uc790\uc5f0\ub179\uc9c0\uc9c0\uc5ed", "use": "\ub3c4\ub85c\ub4f1", "owner": "\ubc95\uc778", "price": 194800.0, "price_year": "2025", "included": true, "free": false, "note": ""}, "geometry": {"type": "MultiPolygon", "coordinates": [[[[127.20728938619963, 37.708934137743626], [127.20715688191025, 37.70894176581708], [127.20714588006061, 37.70894120838501], [127.20711662464076, 37.70893413276266], [127.20712343777089, 37.70896606009932], [127.20721981210657, 37.708958765385006], [127.20730044908616, 37.70895266931131], [127.20728938619963, 37.708934137743626]]]]}}, {"id": "221", "type": "Feature", "properties": {"pnu": "4136026221100120026", "addr": "\uacbd\uae30\ub3c4 \ub0a8\uc591\uc8fc\uc2dc \uc624\ub0a8\uc74d \uc591\uc9c0\ub9ac 12-26", "jibun": "12-26", "jimok": "\uc784\uc57c", "area_reg": 3550.0, "area_geom": 3441.4, "incl_ratio": 1.0, "area_incl": 3550.0, "zone": "\ub18d\ub9bc\uc9c0\uc5ed", "use": "\uc790\uc5f0\ub9bc", "owner": "\uac1c\uc778", "price": 10500.0, "price_year": "2025", "included": true, "free": false, "note": ""}, "geometry": {"type": "MultiPolygon", "coordinates": [[[[127.20878664576445, 37.70682211237565], [127.20923933502299, 37.70706989219076], [127.210417979049, 37.70722612772013], [127.21037774427411, 37.70715355414917], [127.20977453353622, 37.70704410858751], [127.20975724508122, 37.70692849119316], [127.20959908016951, 37.70683821435487], [127.2093052258475, 37.70671385870171], [127.2091836530779, 37.706646680640944], [127.20920871548458, 37.70662251765506], [127.20919367889255, 37.70659017244639], [127.20878624793758, 37.706679246974794], [127.20878664576445, 37.70682211237565]]]]}}, {"id": "222", "type": "Feature", "properties": {"pnu": "4136026221100120027", "addr": "\uacbd\uae30\ub3c4 \ub0a8\uc591\uc8fc\uc2dc \uc624\ub0a8\uc74d \uc591\uc9c0\ub9ac 12-27", "jibun": "12-27", "jimok": "\uc784\uc57c", "area_reg": 1539.0, "area_geom": 1539.2, "incl_ratio": 1.0, "area_incl": 1539.0, "zone": "\ub18d\ub9bc\uc9c0\uc5ed", "use": "\uc790\uc5f0\ub9bc", "owner": "\uac1c\uc778", "price": 11000.0, "price_year": "2025", "included": true, "free": false, "note": ""}, "geometry": {"type": "MultiPolygon", "coordinates": [[[[127.20826904043152, 37.70752678316094], [127.2083925280403, 37.708013385193304], [127.2088170108941, 37.70765541598286], [127.2087563166477, 37.70752479258939], [127.20826904043152, 37.70752678316094]]]]}}, {"id": "223", "type": "Feature", "properties": {"pnu": "4136026221100120028", "addr": "\uacbd\uae30\ub3c4 \ub0a8\uc591\uc8fc\uc2dc \uc624\ub0a8\uc74d \uc591\uc9c0\ub9ac 12-28", "jibun": "12-28", "jimok": "\uc784\uc57c", "area_reg": 198.0, "area_geom": 197.3, "incl_ratio": 1.0, "area_incl": 198.0, "zone": "\ub18d\ub9bc\uc9c0\uc5ed", "use": "\uc790\uc5f0\ub9bc", "owner": "\uac1c\uc778", "price": 11000.0, "price_year": "2025", "included": true, "free": false, "note": ""}, "geometry": {"type": "MultiPolygon", "coordinates": [[[[127.20856156040045, 37.707105681240705], [127.20823394369734, 37.70738850145352], [127.2086023801986, 37.70719352577096], [127.20856156040045, 37.707105681240705]]]]}}, {"id": "224", "type": "Feature", "properties": {"pnu": "4136026221100120029", "addr": "\uacbd\uae30\ub3c4 \ub0a8\uc591\uc8fc\uc2dc \uc624\ub0a8\uc74d \uc591\uc9c0\ub9ac 12-29", "jibun": "12-29", "jimok": "\ub3c4\ub85c", "area_reg": 108.0, "area_geom": 107.7, "incl_ratio": 1.0, "area_incl": 108.0, "zone": "\ub18d\ub9bc\uc9c0\uc5ed", "use": "\ub3c4\ub85c\ub4f1", "owner": "\uac1c\uc778", "price": 108700.0, "price_year": "2025", "included": true, "free": false, "note": ""}, "geometry": {"type": "MultiPolygon", "coordinates": [[[[127.20808548079951, 37.70751667167648], [127.20812100832478, 37.707565099392994], [127.20825045438244, 37.7074535492404], [127.20824219902374, 37.70742102084254], [127.20823394369734, 37.70738850145352], [127.20808548079951, 37.70751667167648]]]]}}, {"id": "225", "type": "Feature", "properties": {"pnu": "4136026221100120030", "addr": "\uacbd\uae30\ub3c4 \ub0a8\uc591\uc8fc\uc2dc \uc624\ub0a8\uc74d \uc591\uc9c0\ub9ac 12-30", "jibun": "12-30", "jimok": "\uc784\uc57c", "area_reg": 3651.0, "area_geom": 3666.3, "incl_ratio": 1.0, "area_incl": 3651.0, "zone": "\ub18d\ub9bc\uc9c0\uc5ed", "use": "\uc790\uc5f0\ub9bc", "owner": "\uac1c\uc778", "price": 10800.0, "price_year": "2025", "included": true, "free": false, "note": ""}, "geometry": {"type": "MultiPolygon", "coordinates": [[[[127.2083925280403, 37.708013385193304], [127.20843285392557, 37.70817228976775], [127.2084852463204, 37.70816810744006], [127.2089886823049, 37.70812788661134], [127.2091960746752, 37.70811131317174], [127.2092206325384, 37.70752011052332], [127.2087563166477, 37.70752479258939], [127.2088170108941, 37.70765541598286], [127.2083925280403, 37.708013385193304]]]]}}, {"id": "226", "type": "Feature", "properties": {"pnu": "4136026221100120031", "addr": "\uacbd\uae30\ub3c4 \ub0a8\uc591\uc8fc\uc2dc \uc624\ub0a8\uc74d \uc591\uc9c0\ub9ac 12-31", "jibun": "12-31", "jimok": "\uc784\uc57c", "area_reg": 1215.0, "area_geom": 1161.8, "incl_ratio": 1.0, "area_incl": 1215.0, "zone": "\ub18d\ub9bc\uc9c0\uc5ed", "use": "\uc790\uc5f0\ub9bc", "owner": "\uac1c\uc778", "price": 11200.0, "price_year": "2025", "included": true, "free": false, "note": ""}, "geometry": {"type": "MultiPolygon", "coordinates": [[[[127.20837379527447, 37.706769392043654], [127.20839443110368, 37.70677635634468], [127.20856156040045, 37.707105681240705], [127.2086023801986, 37.70719352577096], [127.20878740735594, 37.70709560811597], [127.20878664576445, 37.70682211237565], [127.20859820603204, 37.70672035504297], [127.20837379527447, 37.706769392043654]]]]}}, {"id": "227", "type": "Feature", "properties": {"pnu": "4136026221100120036", "addr": "\uacbd\uae30\ub3c4 \ub0a8\uc591\uc8fc\uc2dc \uc624\ub0a8\uc74d \uc591\uc9c0\ub9ac 12-36", "jibun": "12-36", "jimok": "\uacf5\uc7a5\uc6a9\uc9c0", "area_reg": 126.0, "area_geom": 126.4, "incl_ratio": 1.0, "area_incl": 126.0, "zone": "\ub18d\ub9bc\uc9c0\uc5ed", "use": "\uacf5\uc5c5\uc6a9", "owner": "\uac1c\uc778", "price": 313000.0, "price_year": "2025", "included": true, "free": false, "note": ""}, "geometry": {"type": "MultiPolygon", "coordinates": [[[[127.20812100832478, 37.707565099392994], [127.20819514574548, 37.70757534859777], [127.20829823242764, 37.70764181228302], [127.20826904043152, 37.70752678316094], [127.20825045438244, 37.7074535492404], [127.20812100832478, 37.707565099392994]]]]}}, {"id": "228", "type": "Feature", "properties": {"pnu": "4136026221100120038", "addr": "\uacbd\uae30\ub3c4 \ub0a8\uc591\uc8fc\uc2dc \uc624\ub0a8\uc74d \uc591\uc9c0\ub9ac 12-38", "jibun": "12-38", "jimok": "\uacf5\uc7a5\uc6a9\uc9c0", "area_reg": 254.0, "area_geom": 254.0, "incl_ratio": 1.0, "area_incl": 254.0, "zone": "\ub18d\ub9bc\uc9c0\uc5ed", "use": "\uacf5\uc5c5\uc6a9", "owner": "\uac1c\uc778", "price": 313000.0, "price_year": "2025", "included": true, "free": false, "note": ""}, "geometry": {"type": "MultiPolygon", "coordinates": [[[[127.20797352175433, 37.70820898031718], [127.20799075706284, 37.708277711810695], [127.20849305448466, 37.708198798632274], [127.2084852463204, 37.70816810744006], [127.20843285392557, 37.70817228976775], [127.20818014364077, 37.70819248209033], [127.20797352175433, 37.70820898031718]]]]}}, {"id": "229", "type": "Feature", "properties": {"pnu": "4136026221100150025", "addr": "\uacbd\uae30\ub3c4 \ub0a8\uc591\uc8fc\uc2dc \uc624\ub0a8\uc74d \uc591\uc9c0\ub9ac 15-25", "jibun": "15-25", "jimok": "\ub3c4\ub85c", "area_reg": 60.0, "area_geom": 59.6, "incl_ratio": 1.0, "area_incl": 60.0, "zone": "\uc81c1\uc885\uc77c\ubc18\uc8fc\uac70\uc9c0\uc5ed", "use": "\ub3c4\ub85c\ub4f1", "owner": "\uac1c\uc778", "price": 211600.0, "price_year": "2025", "included": true, "free": false, "note": ""}, "geometry": {"type": "MultiPolygon", "coordinates": [[[[127.20563962500081, 37.70954668820993], [127.2056449469377, 37.70954785025195], [127.20566151414518, 37.70955146147052], [127.20569915346373, 37.70955965815224], [127.20570530375812, 37.709560998950195], [127.20573475667663, 37.709474689544926], [127.20566907801467, 37.709460387830255], [127.20563962500081, 37.70954668820993]]]]}}, {"id": "230", "type": "Feature", "properties": {"pnu": "4136026221100150028", "addr": "\uacbd\uae30\ub3c4 \ub0a8\uc591\uc8fc\uc2dc \uc624\ub0a8\uc74d \uc591\uc9c0\ub9ac 15-28", "jibun": "15-28", "jimok": "\ub3c4\ub85c", "area_reg": 93.0, "area_geom": 92.3, "incl_ratio": 1.0, "area_incl": 93.0, "zone": "\uc81c1\uc885\uc77c\ubc18\uc8fc\uac70\uc9c0\uc5ed", "use": "\ub3c4\ub85c\ub4f1", "owner": "\ubc95\uc778", "price": 211600.0, "price_year": "2025", "included": true, "free": false, "note": ""}, "geometry": {"type": "MultiPolygon", "coordinates": [[[[127.2044121197304, 37.709780823226104], [127.20447795597705, 37.7097946748863], [127.20448011234096, 37.70978695891352], [127.20448129048732, 37.709653415837195], [127.20441326949648, 37.709645144911704], [127.2044121197304, 37.709780823226104]]]]}}, {"id": "231", "type": "Feature", "properties": {"pnu": "4136026221100150029", "addr": "\uacbd\uae30\ub3c4 \ub0a8\uc591\uc8fc\uc2dc \uc624\ub0a8\uc74d \uc591\uc9c0\ub9ac 15-29", "jibun": "15-29", "jimok": "\ub3c4\ub85c", "area_reg": 90.0, "area_geom": 89.3, "incl_ratio": 1.0, "area_incl": 90.0, "zone": "\uc81c1\uc885\uc77c\ubc18\uc8fc\uac70\uc9c0\uc5ed", "use": "\ub3c4\ub85c\ub4f1", "owner": "\ubc95\uc778", "price": 211600.0, "price_year": "2025", "included": true, "free": false, "note": ""}, "geometry": {"type": "MultiPolygon", "coordinates": [[[[127.2044825249295, 37.70951556604762], [127.20441442349095, 37.70951517870588], [127.20441363904905, 37.709601825872646], [127.20441326949648, 37.709645144911704], [127.20448129048732, 37.709653415837195], [127.2044825249295, 37.70951556604762]]]]}}, {"id": "232", "type": "Feature", "properties": {"pnu": "4136026221100150030", "addr": "\uacbd\uae30\ub3c4 \ub0a8\uc591\uc8fc\uc2dc \uc624\ub0a8\uc74d \uc591\uc9c0\ub9ac 15-30", "jibun": "15-30", "jimok": "\ub300", "area_reg": 1108.0, "area_geom": 1098.8, "incl_ratio": 1.0, "area_incl": 1108.0, "zone": "\uc81c1\uc885\uc77c\ubc18\uc8fc\uac70\uc9c0\uc5ed", "use": "\uacf5\uc5c5\uc6a9", "owner": "\ubc95\uc778", "price": 442100.0, "price_year": "2025", "included": true, "free": false, "note": ""}, "geometry": {"type": "MultiPolygon", "coordinates": [[[[127.20441602805553, 37.70933833450435], [127.20430261766032, 37.70928672409373], [127.20402493469048, 37.70933346586098], [127.2040105155599, 37.7095774629774], [127.20402935217272, 37.70957740360013], [127.20403501513356, 37.70958720538479], [127.20441363904905, 37.709601825872646], [127.20441602805553, 37.70933833450435]]]]}}, {"id": "233", "type": "Feature", "properties": {"pnu": "4136026221100150031", "addr": "\uacbd\uae30\ub3c4 \ub0a8\uc591\uc8fc\uc2dc \uc624\ub0a8\uc74d \uc591\uc9c0\ub9ac 15-31", "jibun": "15-31", "jimok": "\ub300", "area_reg": 163.0, "area_geom": 161.6, "incl_ratio": 1.0, "area_incl": 163.0, "zone": "\uc81c1\uc885\uc77c\ubc18\uc8fc\uac70\uc9c0\uc5ed", "use": "\uacf5\uc5c5\uc6a9", "owner": "\ubc95\uc778", "price": 442100.0, "price_year": "2025", "included": true, "free": false, "note": ""}, "geometry": {"type": "MultiPolygon", "coordinates": [[[[127.20442360472282, 37.70927636209225], [127.20402918489428, 37.70926168767554], [127.20402493469048, 37.70933346586098], [127.20430261766032, 37.70928672409373], [127.20441602805553, 37.70933833450435], [127.20442360472282, 37.70927636209225]]]]}}, {"id": "234", "type": "Feature", "properties": {"pnu": "4136026221100150036", "addr": "\uacbd\uae30\ub3c4 \ub0a8\uc591\uc8fc\uc2dc \uc624\ub0a8\uc74d \uc591\uc9c0\ub9ac 15-36", "jibun": "15-36", "jimok": "\uacf5\uc7a5\uc6a9\uc9c0", "area_reg": 992.0, "area_geom": 984.9, "incl_ratio": 1.0, "area_incl": 992.0, "zone": "\uc81c1\uc885\uc77c\ubc18\uc8fc\uac70\uc9c0\uc5ed", "use": "\uacf5\uc5c5\uc6a9", "owner": "\uac1c\uc778", "price": 442100.0, "price_year": "2025", "included": true, "free": false, "note": ""}, "geometry": {"type": "MultiPolygon", "coordinates": [[[[127.20573171893113, 37.709276860879406], [127.20575892866061, 37.70919142027543], [127.2057876975304, 37.709103868704574], [127.20578313746113, 37.709091046859626], [127.2057692859371, 37.70908519656019], [127.20536437754643, 37.708996242175274], [127.20530714168595, 37.70922396996077], [127.20571914123003, 37.7093136960974], [127.20573171893113, 37.709276860879406]]]]}}, {"id": "235", "type": "Feature", "properties": {"pnu": "4136026221100150001", "addr": "\uacbd\uae30\ub3c4 \ub0a8\uc591\uc8fc\uc2dc \uc624\ub0a8\uc74d \uc591\uc9c0\ub9ac 15-1", "jibun": "15-1", "jimok": "\ub300", "area_reg": 1493.0, "area_geom": 1503.5, "incl_ratio": 1.0, "area_incl": 1493.0, "zone": "\uc81c1\uc885\uc77c\ubc18\uc8fc\uac70\uc9c0\uc5ed", "use": "\uacf5\uc5c5\uae30\ud0c0", "owner": "\uac1c\uc778", "price": 428800.0, "price_year": "2025", "included": true, "free": false, "note": ""}, "geometry": {"type": "MultiPolygon", "coordinates": [[[[127.20590602965068, 37.708692661347094], [127.20577685855639, 37.708670928644445], [127.20574310502816, 37.70866524795872], [127.20554297659255, 37.70878001697979], [127.20541312082547, 37.708802288206016], [127.2054025869566, 37.70884421932249], [127.20539360112966, 37.70887996713983], [127.20536437754643, 37.708996242175274], [127.2057692859371, 37.70908519656019], [127.20578313746113, 37.709091046859626], [127.2057876975304, 37.709103868704574], [127.2057966161357, 37.7090767432121], [127.2058522037814, 37.70901756160325], [127.20590602965068, 37.708692661347094]]]]}}, {"id": "236", "type": "Feature", "properties": {"pnu": "4136026221100150002", "addr": "\uacbd\uae30\ub3c4 \ub0a8\uc591\uc8fc\uc2dc \uc624\ub0a8\uc74d \uc591\uc9c0\ub9ac 15-2", "jibun": "15-2", "jimok": "\ub300", "area_reg": 992.0, "area_geom": 984.9, "incl_ratio": 1.0, "area_incl": 992.0, "zone": "\uc81c1\uc885\uc77c\ubc18\uc8fc\uac70\uc9c0\uc5ed", "use": "\uacf5\uc5c5\uae30\ud0c0", "owner": "\uac1c\uc778", "price": 450900.0, "price_year": "2025", "included": true, "free": false, "note": ""}, "geometry": {"type": "MultiPolygon", "coordinates": [[[[127.20524750474273, 37.709461252088886], [127.2053395546612, 37.70948131067419], [127.20539613269861, 37.70949363717462], [127.20544868243725, 37.709505087668774], [127.20557293634107, 37.709532153939335], [127.20563962500081, 37.70954668820993], [127.20571914123003, 37.7093136960974], [127.20530714168595, 37.70922396996077], [127.20524750474273, 37.709461252088886]]]]}}, {"id": "237", "type": "Feature", "properties": {"pnu": "4136026221100150010", "addr": "\uacbd\uae30\ub3c4 \ub0a8\uc591\uc8fc\uc2dc \uc624\ub0a8\uc74d \uc591\uc9c0\ub9ac 15-10", "jibun": "15-10", "jimok": "\ub300", "area_reg": 367.0, "area_geom": 364.0, "incl_ratio": 1.0, "area_incl": 367.0, "zone": "\uc81c1\uc885\uc77c\ubc18\uc8fc\uac70\uc9c0\uc5ed", "use": "\uacf5\uc5c5\uae30\ud0c0", "owner": "\ubc95\uc778", "price": 490700.0, "price_year": "2025", "included": true, "free": false, "note": ""}, "geometry": {"type": "MultiPolygon", "coordinates": [[[[127.20399734312699, 37.70980036634823], [127.20399023156871, 37.70992090066008], [127.20404554563957, 37.70993129290286], [127.20417494093904, 37.70995561287999], [127.20422770515536, 37.70976678801876], [127.20408041464697, 37.709738309352886], [127.20405468864232, 37.70977382453922], [127.20399734312699, 37.70980036634823]]]]}}, {"id": "238", "type": "Feature", "properties": {"pnu": "4136026221100150012", "addr": "\uacbd\uae30\ub3c4 \ub0a8\uc591\uc8fc\uc2dc \uc624\ub0a8\uc74d \uc591\uc9c0\ub9ac 15-12", "jibun": "15-12", "jimok": "\ub3c4\ub85c", "area_reg": 55.0, "area_geom": 55.0, "incl_ratio": 1.0, "area_incl": 55.0, "zone": "\uc81c1\uc885\uc77c\ubc18\uc8fc\uac70\uc9c0\uc5ed", "use": "\ub3c4\ub85c\ub4f1", "owner": "\uac1c\uc778", "price": 162900.0, "price_year": "2025", "included": true, "free": false, "note": ""}, "geometry": {"type": "MultiPolygon", "coordinates": [[[[127.2049002051461, 37.71023964576008], [127.20470905760155, 37.71017331289108], [127.20483430033252, 37.710275590792264], [127.2049002051461, 37.71023964576008]]]]}}, {"id": "239", "type": "Feature", "properties": {"pnu": "4136026221100150013", "addr": "\uacbd\uae30\ub3c4 \ub0a8\uc591\uc8fc\uc2dc \uc624\ub0a8\uc74d \uc591\uc9c0\ub9ac 15-13", "jibun": "15-13", "jimok": "\ub3c4\ub85c", "area_reg": 376.0, "area_geom": 373.3, "incl_ratio": 1.0, "area_incl": 376.0, "zone": "\uc81c1\uc885\uc77c\ubc18\uc8fc\uac70\uc9c0\uc5ed", "use": "\ub3c4\ub85c\ub4f1", "owner": "\uac1c\uc778", "price": 211600.0, "price_year": "2025", "included": true, "free": false, "note": ""}, "geometry": {"type": "MultiPolygon", "coordinates": [[[[127.20624536884227, 37.70940097011387], [127.20619618340075, 37.70937163898675], [127.20617898676807, 37.70937420054684], [127.20579662579257, 37.70929098370383], [127.20573171893113, 37.709276860879406], [127.20571914123003, 37.7093136960974], [127.20566907801467, 37.709460387830255], [127.20573475667663, 37.709474689544926], [127.20576929462935, 37.70937349638872], [127.20581764753373, 37.70935160926811], [127.20617611125908, 37.709429632912624], [127.2062387651028, 37.70942030728103], [127.20624536884227, 37.70940097011387]]]]}}, {"id": "240", "type": "Feature", "properties": {"pnu": "4136026221100150014", "addr": "\uacbd\uae30\ub3c4 \ub0a8\uc591\uc8fc\uc2dc \uc624\ub0a8\uc74d \uc591\uc9c0\ub9ac 15-14", "jibun": "15-14", "jimok": "\ub300", "area_reg": 827.0, "area_geom": 820.6, "incl_ratio": 1.0, "area_incl": 827.0, "zone": "\uc81c1\uc885\uc77c\ubc18\uc8fc\uac70\uc9c0\uc5ed", "use": "\uacf5\uc5c5\uc6a9", "owner": "\uac1c\uc778", "price": 442100.0, "price_year": "2025", "included": true, "free": false, "note": ""}, "geometry": {"type": "MultiPolygon", "coordinates": [[[[127.20570530375812, 37.709560998950195], [127.20588798569746, 37.709600802452435], [127.20612638633608, 37.70957532417735], [127.20617611125908, 37.709429632912624], [127.20581764753373, 37.70935160926811], [127.20576929462935, 37.70937349638872], [127.20570530375812, 37.709560998950195]]]]}}, {"id": "241", "type": "Feature", "properties": {"pnu": "4136026221100150015", "addr": "\uacbd\uae30\ub3c4 \ub0a8\uc591\uc8fc\uc2dc \uc624\ub0a8\uc74d \uc591\uc9c0\ub9ac 15-15", "jibun": "15-15", "jimok": "\ub300", "area_reg": 566.0, "area_geom": 561.7, "incl_ratio": 1.0, "area_incl": 566.0, "zone": "\uc81c1\uc885\uc77c\ubc18\uc8fc\uac70\uc9c0\uc5ed", "use": "\uacf5\uc5c5\uc6a9", "owner": "\uac1c\uc778", "price": 442100.0, "price_year": "2025", "included": true, "free": false, "note": ""}, "geometry": {"type": "MultiPolygon", "coordinates": [[[[127.20612638633608, 37.70957532417735], [127.20616206479774, 37.70957151424875], [127.20654560509224, 37.70953052080143], [127.20656241149806, 37.70948510095605], [127.2065817957294, 37.709432730184], [127.20639039645863, 37.70939421326224], [127.20636436043814, 37.70939493421848], [127.2063402332728, 37.70939697627209], [127.20632736646985, 37.709398710454586], [127.2063095579173, 37.70940144427987], [127.2062875693886, 37.70940588818535], [127.20626675180826, 37.70941137517313], [127.20625641780856, 37.70941451045558], [127.2062387651028, 37.70942030728103], [127.20617611125908, 37.709429632912624], [127.20612638633608, 37.70957532417735]]]]}}, {"id": "242", "type": "Feature", "properties": {"pnu": "4136026221100150016", "addr": "\uacbd\uae30\ub3c4 \ub0a8\uc591\uc8fc\uc2dc \uc624\ub0a8\uc74d \uc591\uc9c0\ub9ac 15-16", "jibun": "15-16", "jimok": "\ub300", "area_reg": 1339.0, "area_geom": 1329.9, "incl_ratio": 1.0, "area_incl": 1339.0, "zone": "\uc81c1\uc885\uc77c\ubc18\uc8fc\uac70\uc9c0\uc5ed", "use": "\uacf5\uc5c5\uc6a9", "owner": "\uac1c\uc778", "price": 442100.0, "price_year": "2025", "included": true, "free": false, "note": ""}, "geometry": {"type": "MultiPolygon", "coordinates": [[[[127.20619618340075, 37.70937163898675], [127.20624536884227, 37.70940097011387], [127.20626413432397, 37.70941217256731], [127.20626675180826, 37.70941137517313], [127.2062875693886, 37.70940588818535], [127.2063095579173, 37.70940144427987], [127.20632736646985, 37.709398710454586], [127.2063402332728, 37.70939697627209], [127.20636436043814, 37.70939493421848], [127.20639039645863, 37.70939421326224], [127.2065817957294, 37.709432730184], [127.20670160123883, 37.709108994202616], [127.20667135433769, 37.70910428072395], [127.2064314348387, 37.7090511625382], [127.20629075365804, 37.70908349930336], [127.20619618340075, 37.70937163898675]]]]}}, {"id": "243", "type": "Feature", "properties": {"pnu": "4136026221100150017", "addr": "\uacbd\uae30\ub3c4 \ub0a8\uc591\uc8fc\uc2dc \uc624\ub0a8\uc74d \uc591\uc9c0\ub9ac 15-17", "jibun": "15-17", "jimok": "\ub300", "area_reg": 326.0, "area_geom": 323.2, "incl_ratio": 1.0, "area_incl": 326.0, "zone": "\uc81c1\uc885\uc77c\ubc18\uc8fc\uac70\uc9c0\uc5ed", "use": "\uacf5\uc5c5\uae30\ud0c0", "owner": "\uc885\uc911", "price": 490700.0, "price_year": "2025", "included": true, "free": false, "note": ""}, "geometry": {"type": "MultiPolygon", "coordinates": [[[[127.20440963741675, 37.71003921527272], [127.20455530412778, 37.71009992384093], [127.20461670403513, 37.70988016282], [127.20446170463539, 37.70985283312478], [127.20440963741675, 37.71003921527272]]]]}}, {"id": "244", "type": "Feature", "properties": {"pnu": "4136026221100150018", "addr": "\uacbd\uae30\ub3c4 \ub0a8\uc591\uc8fc\uc2dc \uc624\ub0a8\uc74d \uc591\uc9c0\ub9ac 15-18", "jibun": "15-18", "jimok": "\ubaa9\uc7a5\uc6a9\uc9c0", "area_reg": 132.0, "area_geom": 131.2, "incl_ratio": 1.0, "area_incl": 132.0, "zone": "\uc81c1\uc885\uc77c\ubc18\uc8fc\uac70\uc9c0\uc5ed", "use": "\uc8fc\uac70\uae30\ud0c0", "owner": "\uc885\uc911", "price": 407800.0, "price_year": "2025", "included": true, "free": false, "note": ""}, "geometry": {"type": "MultiPolygon", "coordinates": [[[[127.2040105155599, 37.7095774629774], [127.20399861173824, 37.70977895723899], [127.20399734312699, 37.70980036634823], [127.20405468864232, 37.70977382453922], [127.20409205180842, 37.709722252182694], [127.20409321816773, 37.70970495164876], [127.2040756928473, 37.70965763603772], [127.20402935217272, 37.70957740360013], [127.2040105155599, 37.7095774629774]]]]}}, {"id": "245", "type": "Feature", "properties": {"pnu": "4136026221100150019", "addr": "\uacbd\uae30\ub3c4 \ub0a8\uc591\uc8fc\uc2dc \uc624\ub0a8\uc74d \uc591\uc9c0\ub9ac 15-19", "jibun": "15-19", "jimok": "\ub300", "area_reg": 367.0, "area_geom": 364.3, "incl_ratio": 1.0, "area_incl": 367.0, "zone": "\uc81c1\uc885\uc77c\ubc18\uc8fc\uac70\uc9c0\uc5ed", "use": "\uacf5\uc5c5\uae30\ud0c0", "owner": "\ubc95\uc778", "price": 490700.0, "price_year": "2025", "included": true, "free": false, "note": ""}, "geometry": {"type": "MultiPolygon", "coordinates": [[[[127.20417494093904, 37.70995561287999], [127.20423704026645, 37.70996728175134], [127.20434720403158, 37.7100131946936], [127.20440721183107, 37.70979841850945], [127.20422770515536, 37.70976678801876], [127.20417494093904, 37.70995561287999]]]]}}, {"id": "246", "type": "Feature", "properties": {"pnu": "4136026221100150020", "addr": "\uacbd\uae30\ub3c4 \ub0a8\uc591\uc8fc\uc2dc \uc624\ub0a8\uc74d \uc591\uc9c0\ub9ac 15-20", "jibun": "15-20", "jimok": "\ub300", "area_reg": 408.0, "area_geom": 404.7, "incl_ratio": 1.0, "area_incl": 408.0, "zone": "\uc81c1\uc885\uc77c\ubc18\uc8fc\uac70\uc9c0\uc5ed", "use": "\uacf5\uc5c5\uae30\ud0c0", "owner": "\uac1c\uc778", "price": 490700.0, "price_year": "2025", "included": true, "free": false, "note": ""}, "geometry": {"type": "MultiPolygon", "coordinates": [[[[127.20455530412778, 37.71009992384093], [127.20461197001734, 37.710123539656685], [127.2046761415142, 37.71014643075168], [127.20470905760155, 37.71017331289108], [127.20478265381561, 37.7099098790124], [127.20461670403513, 37.70988016282], [127.20455530412778, 37.71009992384093]]]]}}, {"id": "247", "type": "Feature", "properties": {"pnu": "4136026221100150021", "addr": "\uacbd\uae30\ub3c4 \ub0a8\uc591\uc8fc\uc2dc \uc624\ub0a8\uc74d \uc591\uc9c0\ub9ac 15-21", "jibun": "15-21", "jimok": "\ub300", "area_reg": 583.0, "area_geom": 578.2, "incl_ratio": 1.0, "area_incl": 583.0, "zone": "\uc81c1\uc885\uc77c\ubc18\uc8fc\uac70\uc9c0\uc5ed", "use": "\uacf5\uc5c5\uc6a9", "owner": "\ubc95\uc778", "price": 442100.0, "price_year": "2025", "included": true, "free": false, "note": ""}, "geometry": {"type": "MultiPolygon", "coordinates": [[[[127.2044121197304, 37.709780823226104], [127.20441363904905, 37.709601825872646], [127.20403501513356, 37.70958720538479], [127.2040756928473, 37.70965763603772], [127.20409321816773, 37.70970495164876], [127.20409205180842, 37.709722252182694], [127.20408041464697, 37.709738309352886], [127.20422770515536, 37.70976678801876], [127.20440721183107, 37.70979841850945], [127.2044121197304, 37.709780823226104]]]]}}, {"id": "248", "type": "Feature", "properties": {"pnu": "4136026221100150022", "addr": "\uacbd\uae30\ub3c4 \ub0a8\uc591\uc8fc\uc2dc \uc624\ub0a8\uc74d \uc591\uc9c0\ub9ac 15-22", "jibun": "15-22", "jimok": "\ub3c4\ub85c", "area_reg": 164.0, "area_geom": 162.7, "incl_ratio": 1.0, "area_incl": 164.0, "zone": "\uc81c1\uc885\uc77c\ubc18\uc8fc\uac70\uc9c0\uc5ed", "use": "\ub3c4\ub85c\ub4f1", "owner": "\ubc95\uc778", "price": 211600.0, "price_year": "2025", "included": true, "free": false, "note": ""}, "geometry": {"type": "MultiPolygon", "coordinates": [[[[127.20434720403158, 37.7100131946936], [127.20440963741675, 37.71003921527272], [127.20446170463539, 37.70985283312478], [127.20447795597705, 37.7097946748863], [127.2044121197304, 37.709780823226104], [127.20440721183107, 37.70979841850945], [127.20434720403158, 37.7100131946936]]]]}}, {"id": "249", "type": "Feature", "properties": {"pnu": "4136026221100150023", "addr": "\uacbd\uae30\ub3c4 \ub0a8\uc591\uc8fc\uc2dc \uc624\ub0a8\uc74d \uc591\uc9c0\ub9ac 15-23", "jibun": "15-23", "jimok": "\ub300", "area_reg": 675.0, "area_geom": 669.5, "incl_ratio": 1.0, "area_incl": 675.0, "zone": "\uc81c1\uc885\uc77c\ubc18\uc8fc\uac70\uc9c0\uc5ed", "use": "\uacf5\uc5c5\uc6a9", "owner": "\ubc95\uc778", "price": 442100.0, "price_year": "2025", "included": true, "free": false, "note": ""}, "geometry": {"type": "MultiPolygon", "coordinates": [[[[127.20446170463539, 37.70985283312478], [127.20461670403513, 37.70988016282], [127.20478265381561, 37.7099098790124], [127.20482772326741, 37.70974856460178], [127.20483713760581, 37.70971178899337], [127.20483737329691, 37.709710887621874], [127.20448129048732, 37.709653415837195], [127.20448011234096, 37.70978695891352], [127.20447795597705, 37.7097946748863], [127.20446170463539, 37.70985283312478]]]]}}, {"id": "250", "type": "Feature", "properties": {"pnu": "4136026221100150024", "addr": "\uacbd\uae30\ub3c4 \ub0a8\uc591\uc8fc\uc2dc \uc624\ub0a8\uc74d \uc591\uc9c0\ub9ac 15-24", "jibun": "15-24", "jimok": "\uacf5\uc7a5\uc6a9\uc9c0", "area_reg": 1181.0, "area_geom": 1171.4, "incl_ratio": 1.0, "area_incl": 1181.0, "zone": "\uc81c1\uc885\uc77c\ubc18\uc8fc\uac70\uc9c0\uc5ed", "use": "\uacf5\uc5c5\uc6a9", "owner": "\uac1c\uc778", "price": 442100.0, "price_year": "2025", "included": true, "free": false, "note": ""}, "geometry": {"type": "MultiPolygon", "coordinates": [[[[127.20491959898668, 37.709389425612386], [127.20498194120258, 37.70914576014471], [127.2044456581351, 37.709096041007435], [127.20441790282582, 37.70932300586096], [127.20448760631375, 37.70931209234011], [127.20491738649793, 37.709389033004115], [127.20491959898668, 37.709389425612386]]]]}}, {"id": "251", "type": "Feature", "properties": {"pnu": "4136026221100150032", "addr": "\uacbd\uae30\ub3c4 \ub0a8\uc591\uc8fc\uc2dc \uc624\ub0a8\uc74d \uc591\uc9c0\ub9ac 15-32", "jibun": "15-32", "jimok": "\uacf5\uc7a5\uc6a9\uc9c0", "area_reg": 720.0, "area_geom": 715.0, "incl_ratio": 1.0, "area_incl": 720.0, "zone": "\uc81c1\uc885\uc77c\ubc18\uc8fc\uac70\uc9c0\uc5ed", "use": "\uacf5\uc5c5\uc6a9", "owner": "\ubc95\uc778", "price": 442100.0, "price_year": "2025", "included": true, "free": false, "note": ""}, "geometry": {"type": "MultiPolygon", "coordinates": [[[[127.20484334264255, 37.709687506294244], [127.2048745822065, 37.70969438084554], [127.20492167765103, 37.70955247869805], [127.20488049469938, 37.70954228773687], [127.20448291483756, 37.709471409074794], [127.2044825249295, 37.70951556604762], [127.20448129048732, 37.709653415837195], [127.20465932616595, 37.70968215637879], [127.2048373619563, 37.70971088764144], [127.20484334264255, 37.709687506294244]]]]}}, {"id": "252", "type": "Feature", "properties": {"pnu": "4136026221100150033", "addr": "\uacbd\uae30\ub3c4 \ub0a8\uc591\uc8fc\uc2dc \uc624\ub0a8\uc74d \uc591\uc9c0\ub9ac 15-33", "jibun": "15-33", "jimok": "\uacf5\uc7a5\uc6a9\uc9c0", "area_reg": 1067.0, "area_geom": 1060.6, "incl_ratio": 1.0, "area_incl": 1067.0, "zone": "\uc81c1\uc885\uc77c\ubc18\uc8fc\uac70\uc9c0\uc5ed", "use": "\uacf5\uc5c5\uae30\ud0c0", "owner": "\uac1c\uc778", "price": 428800.0, "price_year": "2025", "included": true, "free": false, "note": ""}, "geometry": {"type": "MultiPolygon", "coordinates": [[[[127.20579662579257, 37.70929098370383], [127.20617898676807, 37.70937420054684], [127.20619618340075, 37.70937163898675], [127.20629075365804, 37.70908349930336], [127.20627954237222, 37.7090851405092], [127.20595254383173, 37.70906673355083], [127.20595183019745, 37.70906703210654], [127.20594018820846, 37.70907289054395], [127.20587062551209, 37.70911013989179], [127.20585908073956, 37.70911836769112], [127.20585189425348, 37.70912787631736], [127.20582553264641, 37.709204125629405], [127.20579662579257, 37.70929098370383]]]]}}, {"id": "253", "type": "Feature", "properties": {"pnu": "4136026221100150039", "addr": "\uacbd\uae30\ub3c4 \ub0a8\uc591\uc8fc\uc2dc \uc624\ub0a8\uc74d \uc591\uc9c0\ub9ac 15-39", "jibun": "15-39", "jimok": "\uacf5\uc7a5\uc6a9\uc9c0", "area_reg": 133.0, "area_geom": 131.9, "incl_ratio": 1.0, "area_incl": 133.0, "zone": "\uc81c1\uc885\uc77c\ubc18\uc8fc\uac70\uc9c0\uc5ed", "use": "\uacf5\uc5c5\ub098\uc9c0", "owner": "\ubc95\uc778", "price": 442100.0, "price_year": "2025", "included": true, "free": false, "note": ""}, "geometry": {"type": "MultiPolygon", "coordinates": [[[[127.20441790282582, 37.70932300586096], [127.20441602805553, 37.70933833450435], [127.20441442349095, 37.70951517870588], [127.2044825249295, 37.70951556604762], [127.20448291483756, 37.709471409074794], [127.20448404526637, 37.70934116360593], [127.20448760631375, 37.70931209234011], [127.20441790282582, 37.70932300586096]]]]}}, {"id": "254", "type": "Feature", "properties": {"pnu": "4136026221100150043", "addr": "\uacbd\uae30\ub3c4 \ub0a8\uc591\uc8fc\uc2dc \uc624\ub0a8\uc74d \uc591\uc9c0\ub9ac 15-43", "jibun": "15-43", "jimok": "\ub3c4\ub85c", "area_reg": 103.0, "area_geom": 102.9, "incl_ratio": 1.0, "area_incl": 103.0, "zone": "\uc81c1\uc885\uc77c\ubc18\uc8fc\uac70\uc9c0\uc5ed", "use": "\ub3c4\ub85c\ub4f1", "owner": "\uac1c\uc778", "price": 145800.0, "price_year": "2025", "included": true, "free": false, "note": ""}, "geometry": {"type": "MultiPolygon", "coordinates": [[[[127.20575892866061, 37.70919142027543], [127.20582553264641, 37.709204125629405], [127.20585189425348, 37.70912787631736], [127.20586325804281, 37.70909503446359], [127.2058522037814, 37.70901756160325], [127.2057966161357, 37.7090767432121], [127.2057876975304, 37.709103868704574], [127.20575892866061, 37.70919142027543]]]]}}, {"id": "255", "type": "Feature", "properties": {"pnu": "4136026221100150044", "addr": "\uacbd\uae30\ub3c4 \ub0a8\uc591\uc8fc\uc2dc \uc624\ub0a8\uc74d \uc591\uc9c0\ub9ac 15-44", "jibun": "15-44", "jimok": "\uacf5\uc7a5\uc6a9\uc9c0", "area_reg": 20.0, "area_geom": 19.6, "incl_ratio": 1.0, "area_incl": 20.0, "zone": "\uc81c1\uc885\uc77c\ubc18\uc8fc\uac70\uc9c0\uc5ed", "use": "\uacf5\uc5c5\uc6a9", "owner": "\uac1c\uc778", "price": 428800.0, "price_year": "2025", "included": true, "free": false, "note": ""}, "geometry": {"type": "MultiPolygon", "coordinates": [[[[127.20586325804281, 37.70909503446359], [127.20585189425348, 37.70912787631736], [127.20585908073956, 37.70911836769112], [127.20587062551209, 37.70911013989179], [127.20594018820846, 37.70907289054395], [127.20595183019745, 37.70906703210654], [127.20595254383173, 37.70906673355083], [127.2058890383062, 37.70906315868512], [127.20586325804281, 37.70909503446359]]]]}}, {"id": "256", "type": "Feature", "properties": {"pnu": "4136026221100150045", "addr": "\uacbd\uae30\ub3c4 \ub0a8\uc591\uc8fc\uc2dc \uc624\ub0a8\uc74d \uc591\uc9c0\ub9ac 15-45", "jibun": "15-45", "jimok": "\ub300", "area_reg": 1486.0, "area_geom": 1485.3, "incl_ratio": 1.0, "area_incl": 1486.0, "zone": "\uc81c1\uc885\uc77c\ubc18\uc8fc\uac70\uc9c0\uc5ed", "use": "\uacf5\uc5c5\uc6a9", "owner": "\uac1c\uc778", "price": 428800.0, "price_year": "2025", "included": true, "free": false, "note": ""}, "geometry": {"type": "MultiPolygon", "coordinates": [[[[127.2058522037814, 37.70901756160325], [127.20586325804281, 37.70909503446359], [127.2058890383062, 37.70906315868512], [127.20595254383173, 37.70906673355083], [127.20627954237222, 37.7090851405092], [127.20629075365804, 37.70908349930336], [127.2064314348387, 37.7090511625382], [127.20639681375552, 37.70904350142436], [127.20639953075383, 37.708979987667355], [127.20628522739874, 37.70889264843272], [127.20624762721947, 37.708820249087445], [127.20619479294004, 37.70876293130175], [127.20602074636983, 37.70871196835124], [127.20590602965068, 37.708692661347094], [127.2058522037814, 37.70901756160325]]]]}}, {"id": "257", "type": "Feature", "properties": {"pnu": "4136026221100150047", "addr": "\uacbd\uae30\ub3c4 \ub0a8\uc591\uc8fc\uc2dc \uc624\ub0a8\uc74d \uc591\uc9c0\ub9ac 15-47", "jibun": "15-47", "jimok": "\uad6c\uac70", "area_reg": 793.0, "area_geom": 813.9, "incl_ratio": 1.0, "area_incl": 793.0, "zone": "\uc81c1\uc885\uc77c\ubc18\uc8fc\uac70\uc9c0\uc5ed", "use": "\ud558\ucc9c\ub4f1", "owner": "\uad6d\uc720\uc9c0", "price": 77600.0, "price_year": "2025", "included": true, "free": false, "note": ""}, "geometry": {"type": "MultiPolygon", "coordinates": [[[[127.20703506249066, 37.70855178817686], [127.20699424489209, 37.70848898995366], [127.20685559917086, 37.70849407865798], [127.20675749147209, 37.70849768213387], [127.20650309120873, 37.708501881670905], [127.20615444286848, 37.708552364666595], [127.20590317850173, 37.70855467445006], [127.20570217378966, 37.708556518275735], [127.20573695232893, 37.70858034263869], [127.20576185451273, 37.70861286039366], [127.20607208191714, 37.708611899196825], [127.20637600085396, 37.70861391231919], [127.20641333134105, 37.70859245854479], [127.20659033712235, 37.708589682203126], [127.20665750202222, 37.70855094099742], [127.2067791107362, 37.70853626888413], [127.20689871926, 37.7085529447105], [127.20692086666118, 37.70855275296999], [127.20703506249066, 37.70855178817686]]]]}}, {"id": "258", "type": "Feature", "properties": {"pnu": "4136026221100150048", "addr": "\uacbd\uae30\ub3c4 \ub0a8\uc591\uc8fc\uc2dc \uc624\ub0a8\uc74d \uc591\uc9c0\ub9ac 15-48", "jibun": "15-48", "jimok": "\ub300", "area_reg": 101.0, "area_geom": 103.8, "incl_ratio": 1.0, "area_incl": 101.0, "zone": "\uacc4\ud68d\uad00\ub9ac\uc9c0\uc5ed", "use": "\uacf5\uc5c5\uae30\ud0c0", "owner": "\uad6d\uc720\uc9c0", "price": 356700.0, "price_year": "2025", "included": true, "free": false, "note": ""}, "geometry": {"type": "MultiPolygon", "coordinates": [[[[127.20699424489209, 37.70848898995366], [127.20703506249066, 37.70855178817686], [127.20705116568122, 37.7085352634363], [127.20705608485088, 37.7085302184663], [127.20719696997595, 37.70853114406814], [127.20726150091791, 37.708479153913665], [127.20699424489209, 37.70848898995366]]]]}}, {"id": "259", "type": "Feature", "properties": {"pnu": "4136026221100160001", "addr": "\uacbd\uae30\ub3c4 \ub0a8\uc591\uc8fc\uc2dc \uc624\ub0a8\uc74d \uc591\uc9c0\ub9ac 16-1", "jibun": "16-1", "jimok": "\uc804", "area_reg": 1630.0, "area_geom": 1628.0, "incl_ratio": 1.0, "area_incl": 1630.0, "zone": "\uc81c1\uc885\uc77c\ubc18\uc8fc\uac70\uc9c0\uc5ed", "use": "\uc804", "owner": "\uac1c\uc778", "price": 291700.0, "price_year": "2025", "included": true, "free": false, "note": ""}, "geometry": {"type": "MultiPolygon", "coordinates": [[[[127.20573695232893, 37.70858034263869], [127.20562935592915, 37.708506631759384], [127.20545287070412, 37.708628972859394], [127.20548468549036, 37.708477591705574], [127.20549342720574, 37.70833625116811], [127.20546520299726, 37.70822114760947], [127.20534999176849, 37.70814517019747], [127.20525265536877, 37.70816940319409], [127.20527181077512, 37.70830249673351], [127.2052761347382, 37.70837825143496], [127.20521244245347, 37.70865428209272], [127.20520546939007, 37.70876250907455], [127.20524226156965, 37.70876796843273], [127.20551900986318, 37.70873709141252], [127.20573695232893, 37.70858034263869]]]]}}, {"id": "260", "type": "Feature", "properties": {"pnu": "4136026221100160002", "addr": "\uacbd\uae30\ub3c4 \ub0a8\uc591\uc8fc\uc2dc \uc624\ub0a8\uc74d \uc591\uc9c0\ub9ac 16-2", "jibun": "16-2", "jimok": "\uc804", "area_reg": 1531.0, "area_geom": 1534.3, "incl_ratio": 1.0, "area_incl": 1531.0, "zone": "\uc81c1\uc885\uc77c\ubc18\uc8fc\uac70\uc9c0\uc5ed", "use": "\uc804", "owner": "\uac1c\uc778", "price": 291700.0, "price_year": "2025", "included": true, "free": false, "note": ""}, "geometry": {"type": "MultiPolygon", "coordinates": [[[[127.2049153277831, 37.708635712512745], [127.20494116732557, 37.70866277798447], [127.20506143659038, 37.708701356999974], [127.20517075340457, 37.708757370466714], [127.20520546939007, 37.70876250907455], [127.20521244245347, 37.70865428209272], [127.2052761347382, 37.70837825143496], [127.20527181077512, 37.70830249673351], [127.20525265536877, 37.70816940319409], [127.20520350622776, 37.70818190340333], [127.20510765192988, 37.708192457066325], [127.2050865507569, 37.70818952931997], [127.2050460873119, 37.70823898107635], [127.2049393490401, 37.708383382776155], [127.20490947225743, 37.70847661214397], [127.20488793001802, 37.70860696491761], [127.2049153277831, 37.708635712512745]]]]}}, {"id": "261", "type": "Feature", "properties": {"pnu": "4136026221100160003", "addr": "\uacbd\uae30\ub3c4 \ub0a8\uc591\uc8fc\uc2dc \uc624\ub0a8\uc74d \uc591\uc9c0\ub9ac 16-3", "jibun": "16-3", "jimok": "\uc804", "area_reg": 1455.0, "area_geom": 1445.1, "incl_ratio": 1.0, "area_incl": 1455.0, "zone": "\uc81c1\uc885\uc77c\ubc18\uc8fc\uac70\uc9c0\uc5ed", "use": "\uc804", "owner": "\uac1c\uc778", "price": 235300.0, "price_year": "2025", "included": true, "free": false, "note": ""}, "geometry": {"type": "MultiPolygon", "coordinates": [[[[127.2050460873119, 37.70823898107635], [127.20491423499361, 37.70823582995876], [127.20491406264686, 37.708172762682544], [127.20484144567915, 37.70813796649836], [127.20472122323359, 37.70814523729963], [127.20462992993993, 37.70812750141233], [127.20453819963515, 37.70822808998561], [127.20445158552123, 37.70828778387498], [127.20449856067778, 37.708330507886274], [127.20465238866696, 37.70844087252468], [127.20473726518759, 37.70853808459075], [127.20485811069244, 37.70858014955737], [127.20488793001802, 37.70860696491761], [127.20490947225743, 37.70847661214397], [127.2049393490401, 37.708383382776155], [127.2050460873119, 37.70823898107635]]]]}}, {"id": "262", "type": "Feature", "properties": {"pnu": "4136026221100160004", "addr": "\uacbd\uae30\ub3c4 \ub0a8\uc591\uc8fc\uc2dc \uc624\ub0a8\uc74d \uc591\uc9c0\ub9ac 16-4", "jibun": "16-4", "jimok": "\uad6c\uac70", "area_reg": 684.0, "area_geom": 567.4, "incl_ratio": 1.0, "area_incl": 684.0, "zone": "\uc81c1\uc885\uc77c\ubc18\uc8fc\uac70\uc9c0\uc5ed", "use": "\ud558\ucc9c\ub4f1", "owner": "\uad6d\uc720\uc9c0", "price": 77600.0, "price_year": "2025", "included": true, "free": false, "note": ""}, "geometry": {"type": "MultiPolygon", "coordinates": [[[[127.20491167652139, 37.708722995315775], [127.20494687299286, 37.70875042305141], [127.205096516558, 37.7088105564979], [127.20529005475468, 37.708823394320895], [127.2054358818607, 37.70879838370654], [127.20554297659255, 37.70878001697979], [127.20574310502816, 37.70866524795872], [127.20576185451273, 37.70861286039366], [127.20573695232893, 37.70858034263869], [127.20551900986318, 37.70873709141252], [127.20524226156965, 37.70876796843273], [127.20520546939007, 37.70876250907455], [127.20517075340457, 37.708757370466714], [127.20506143659038, 37.708701356999974], [127.20494116732557, 37.70866277798447], [127.2049153277831, 37.708635712512745], [127.20491167652139, 37.708722995315775]]]]}}, {"id": "263", "type": "Feature", "properties": {"pnu": "4136026221100160005", "addr": "\uacbd\uae30\ub3c4 \ub0a8\uc591\uc8fc\uc2dc \uc624\ub0a8\uc74d \uc591\uc9c0\ub9ac 16-5", "jibun": "16-5", "jimok": "\uc804", "area_reg": 89.0, "area_geom": 85.8, "incl_ratio": 1.0, "area_incl": 89.0, "zone": "\uc81c1\uc885\uc77c\ubc18\uc8fc\uac70\uc9c0\uc5ed", "use": "\uc804", "owner": "\uac1c\uc778", "price": 247000.0, "price_year": "2025", "included": true, "free": false, "note": ""}, "geometry": {"type": "MultiPolygon", "coordinates": [[[[127.2050865507569, 37.70818952931997], [127.20491406264686, 37.708172762682544], [127.20491423499361, 37.70823582995876], [127.2050460873119, 37.70823898107635], [127.2050865507569, 37.70818952931997]]]]}}, {"id": "264", "type": "Feature", "properties": {"pnu": "4136026221100160006", "addr": "\uacbd\uae30\ub3c4 \ub0a8\uc591\uc8fc\uc2dc \uc624\ub0a8\uc74d \uc591\uc9c0\ub9ac 16-6", "jibun": "16-6", "jimok": "\ucc3d\uace0\uc6a9\uc9c0", "area_reg": 2053.0, "area_geom": 2052.3, "incl_ratio": 1.0, "area_incl": 2053.0, "zone": "\uc81c1\uc885\uc77c\ubc18\uc8fc\uac70\uc9c0\uc5ed", "use": "\uacf5\uc5c5\uae30\ud0c0", "owner": "\uac1c\uc778", "price": 428500.0, "price_year": "2025", "included": true, "free": false, "note": ""}, "geometry": {"type": "MultiPolygon", "coordinates": [[[[127.20534999176849, 37.70814517019747], [127.20546520299726, 37.70822114760947], [127.20549342720574, 37.70833625116811], [127.20548468549036, 37.708477591705574], [127.20545287070412, 37.708628972859394], [127.20562935592915, 37.708506631759384], [127.20570217378966, 37.708556518275735], [127.20590317850173, 37.70855467445006], [127.20589900189232, 37.70822308141277], [127.2059920323605, 37.70821665842432], [127.20596094939538, 37.70799411982249], [127.20586932039183, 37.70806893263729], [127.20569180492073, 37.708137641421544], [127.20556874134267, 37.70811786201702], [127.20543775677767, 37.70812092664381], [127.20534999176849, 37.70814517019747]]]]}}, {"id": "265", "type": "Feature", "properties": {"pnu": "4136026221100210019", "addr": "\uacbd\uae30\ub3c4 \ub0a8\uc591\uc8fc\uc2dc \uc624\ub0a8\uc74d \uc591\uc9c0\ub9ac 21-19", "jibun": "21-19", "jimok": "\ub300", "area_reg": 200.0, "area_geom": 199.4, "incl_ratio": 1.0, "area_incl": 200.0, "zone": "\ub18d\ub9bc\uc9c0\uc5ed", "use": "\uc790\uc5f0\ub9bc", "owner": "\uac1c\uc778", "price": 0.0, "price_year": "2025", "included": true, "free": false, "note": ""}, "geometry": {"type": "MultiPolygon", "coordinates": [[[[127.2086182913668, 37.70541269431801], [127.20866579177043, 37.705448361205555], [127.20893632618292, 37.70545513843572], [127.20897515817286, 37.705476864486414], [127.20898736997944, 37.70538686355697], [127.2086407117664, 37.705400915356954], [127.2086182913668, 37.70541269431801]]]]}}, {"id": "266", "type": "Feature", "properties": {"pnu": "4136026221100160007", "addr": "\uacbd\uae30\ub3c4 \ub0a8\uc591\uc8fc\uc2dc \uc624\ub0a8\uc74d \uc591\uc9c0\ub9ac 16-7", "jibun": "16-7", "jimok": "\ucc3d\uace0\uc6a9\uc9c0", "area_reg": 2989.0, "area_geom": 2969.0, "incl_ratio": 1.0, "area_incl": 2989.0, "zone": "\uc81c1\uc885\uc77c\ubc18\uc8fc\uac70\uc9c0\uc5ed", "use": "\uacf5\uc5c5\uae30\ud0c0", "owner": "\ubc95\uc778", "price": 428500.0, "price_year": "2025", "included": true, "free": false, "note": ""}, "geometry": {"type": "MultiPolygon", "coordinates": [[[[127.20596094939538, 37.70799411982249], [127.2059920323605, 37.70821665842432], [127.206024688899, 37.70845463682521], [127.20602555921089, 37.70845770760745], [127.20602845388194, 37.708462874127896], [127.20603317225333, 37.70846727166483], [127.20603938424055, 37.70847045931752], [127.20604546648276, 37.7084718272451], [127.20623664677392, 37.70846876556855], [127.20652695017102, 37.70846021559768], [127.20682260693557, 37.708451934890974], [127.2067917883806, 37.70841255329387], [127.20673157434088, 37.70836454655305], [127.20649121911325, 37.70821000757338], [127.2064205433014, 37.70815972139474], [127.20634871682603, 37.70805391067833], [127.20633379372697, 37.70794707309952], [127.20627580356793, 37.70790336887307], [127.20627037582607, 37.70780599295083], [127.20630447861998, 37.7076461024707], [127.20621424203458, 37.707814586509954], [127.20610694668629, 37.70787492116274], [127.20596094939538, 37.70799411982249]]]]}}, {"id": "267", "type": "Feature", "properties": {"pnu": "4136026221100320001", "addr": "\uacbd\uae30\ub3c4 \ub0a8\uc591\uc8fc\uc2dc \uc624\ub0a8\uc74d \uc591\uc9c0\ub9ac 32-1", "jibun": "32-1", "jimok": "\uc804", "area_reg": 181.0, "area_geom": 182.9, "incl_ratio": 1.0, "area_incl": 181.0, "zone": "\uc81c1\uc885\uc77c\ubc18\uc8fc\uac70\uc9c0\uc5ed", "use": "\uc8fc\uac70\ub098\uc9c0", "owner": "\uac1c\uc778", "price": 312000.0, "price_year": "2025", "included": true, "free": false, "note": ""}, "geometry": {"type": "MultiPolygon", "coordinates": [[[[127.20731628629105, 37.7043364546206], [127.2073144385065, 37.70433667407713], [127.20725763957198, 37.70435799994373], [127.20740904678053, 37.70445971601666], [127.20745980756989, 37.70449382804326], [127.20751469586142, 37.704499164997515], [127.2075016729242, 37.70442366878652], [127.20749074371452, 37.704420435389856], [127.20748361839868, 37.704390337555346], [127.20731628629105, 37.7043364546206]]]]}}, {"id": "268", "type": "Feature", "properties": {"pnu": "4136026221100160008", "addr": "\uacbd\uae30\ub3c4 \ub0a8\uc591\uc8fc\uc2dc \uc624\ub0a8\uc74d \uc591\uc9c0\ub9ac 16-8", "jibun": "16-8", "jimok": "\ub3c4\ub85c", "area_reg": 1459.0, "area_geom": 1446.9, "incl_ratio": 1.0, "area_incl": 1459.0, "zone": "\uc81c1\uc885\uc77c\ubc18\uc8fc\uac70\uc9c0\uc5ed", "use": "\ub3c4\ub85c\ub4f1", "owner": "\ubc95\uc778", "price": 187000.0, "price_year": "2025", "included": true, "free": false, "note": ""}, "geometry": {"type": "MultiPolygon", "coordinates": [[[[127.20630447861998, 37.7076461024707], [127.20627037582607, 37.70780599295083], [127.20627580356793, 37.70790336887307], [127.20633379372697, 37.70794707309952], [127.20634871682603, 37.70805391067833], [127.2064205433014, 37.70815972139474], [127.20649121911325, 37.70821000757338], [127.20673157434088, 37.70836454655305], [127.2067917883806, 37.70841255329387], [127.20682260693557, 37.708451934890974], [127.20685559917086, 37.70849407865798], [127.20699424489209, 37.70848898995366], [127.2068872974596, 37.7083508510643], [127.20681316073518, 37.70829173268065], [127.20657035188947, 37.70813568451018], [127.20651510657653, 37.70809637234087], [127.20646706717085, 37.70802582016276], [127.206454528131, 37.707915861115154], [127.20645798168987, 37.7078233439893], [127.20648105722931, 37.70764550737334], [127.20647266301835, 37.70756639918149], [127.20634641713242, 37.70762621740123], [127.20630447861998, 37.7076461024707]]]]}}, {"id": "269", "type": "Feature", "properties": {"pnu": "4136026221100160011", "addr": "\uacbd\uae30\ub3c4 \ub0a8\uc591\uc8fc\uc2dc \uc624\ub0a8\uc74d \uc591\uc9c0\ub9ac 16-11", "jibun": "16-11", "jimok": "\ucc3d\uace0\uc6a9\uc9c0", "area_reg": 829.0, "area_geom": 821.7, "incl_ratio": 1.0, "area_incl": 829.0, "zone": "\uc81c1\uc885\uc77c\ubc18\uc8fc\uac70\uc9c0\uc5ed", "use": "\uacf5\uc5c5\uae30\ud0c0", "owner": "\uac1c\uc778", "price": 428500.0, "price_year": "2025", "included": true, "free": false, "note": ""}, "geometry": {"type": "MultiPolygon", "coordinates": [[[[127.2059920323605, 37.70821665842432], [127.20589900189232, 37.70822308141277], [127.20590317850173, 37.70855467445006], [127.20615444286848, 37.708552364666595], [127.20650309120873, 37.708501881670905], [127.20675749147209, 37.70849768213387], [127.20685559917086, 37.70849407865798], [127.20682260693557, 37.708451934890974], [127.20652695017102, 37.70846021559768], [127.20623664677392, 37.70846876556855], [127.20604546648276, 37.7084718272451], [127.20603938424055, 37.70847045931752], [127.20603317225333, 37.70846727166483], [127.20602845388194, 37.708462874127896], [127.20602555921089, 37.70845770760745], [127.206024688899, 37.70845463682521], [127.2059920323605, 37.70821665842432]]]]}}, {"id": "270", "type": "Feature", "properties": {"pnu": "4136026221100170001", "addr": "\uacbd\uae30\ub3c4 \ub0a8\uc591\uc8fc\uc2dc \uc624\ub0a8\uc74d \uc591\uc9c0\ub9ac 17-1", "jibun": "17-1", "jimok": "\uad6c\uac70", "area_reg": 840.0, "area_geom": 805.0, "incl_ratio": 1.0, "area_incl": 840.0, "zone": "\uc81c1\uc885\uc77c\ubc18\uc8fc\uac70\uc9c0\uc5ed", "use": "\ud558\ucc9c\ub4f1", "owner": "\uad6d\uc720\uc9c0", "price": 77600.0, "price_year": "2025", "included": true, "free": false, "note": ""}, "geometry": {"type": "MultiPolygon", "coordinates": [[[[127.2050865507569, 37.70818952931997], [127.20510765192988, 37.708192457066325], [127.20520350622776, 37.70818190340333], [127.20525265536877, 37.70816940319409], [127.20534999176849, 37.70814517019747], [127.20543775677767, 37.70812092664381], [127.20556874134267, 37.70811786201702], [127.20569180492073, 37.708137641421544], [127.20586932039183, 37.70806893263729], [127.20610694668629, 37.70787492116274], [127.20621424203458, 37.707814586509954], [127.20630446727975, 37.707646102490365], [127.20647266301835, 37.70756639918149], [127.2064575104531, 37.707524521615404], [127.20640382605558, 37.70755770736381], [127.20638957294604, 37.70756655257908], [127.20624536876154, 37.70762813174329], [127.20617985766474, 37.707773192775285], [127.20607983700319, 37.70783139750901], [127.20581400054878, 37.708043630278915], [127.20570199438824, 37.70809427833596], [127.20563555675446, 37.70808396918846], [127.2055655872394, 37.708059412843355], [127.20550452686767, 37.70807047422474], [127.20542759129665, 37.70804892105281], [127.20519928363187, 37.7081307268561], [127.20508105888022, 37.70814277869954], [127.2050865507569, 37.70818952931997]]]]}}, {"id": "271", "type": "Feature", "properties": {"pnu": "4136026221100180001", "addr": "\uacbd\uae30\ub3c4 \ub0a8\uc591\uc8fc\uc2dc \uc624\ub0a8\uc74d \uc591\uc9c0\ub9ac 18-1", "jibun": "18-1", "jimok": "\uc804", "area_reg": 1617.0, "area_geom": 1630.2, "incl_ratio": 1.0, "area_incl": 1617.0, "zone": "\uc81c1\uc885\uc77c\ubc18\uc8fc\uac70\uc9c0\uc5ed", "use": "\uc804", "owner": "\uac1c\uc778", "price": 235300.0, "price_year": "2025", "included": true, "free": false, "note": ""}, "geometry": {"type": "MultiPolygon", "coordinates": [[[[127.20624536876154, 37.70762813174329], [127.20638957294604, 37.70756655257908], [127.20640382605558, 37.70755770736381], [127.20632999198308, 37.70749687630683], [127.20604846280352, 37.70746164167082], [127.20579140671424, 37.707434842054745], [127.20579213827246, 37.70749066460596], [127.20554435417009, 37.707532601061594], [127.20551010204282, 37.707679959156344], [127.20565188959009, 37.707700399955804], [127.20582449995251, 37.70775378053824], [127.20583973691578, 37.707723238439975], [127.20624536876154, 37.70762813174329]]]]}}, {"id": "272", "type": "Feature", "properties": {"pnu": "4136026221100210005", "addr": "\uacbd\uae30\ub3c4 \ub0a8\uc591\uc8fc\uc2dc \uc624\ub0a8\uc74d \uc591\uc9c0\ub9ac 21-5", "jibun": "21-5", "jimok": "\uc784\uc57c", "area_reg": 548.0, "area_geom": 553.0, "incl_ratio": 1.0, "area_incl": 548.0, "zone": "\ub18d\ub9bc\uc9c0\uc5ed", "use": "\uc790\uc5f0\ub9bc", "owner": "\uac1c\uc778", "price": 10700.0, "price_year": "2025", "included": true, "free": false, "note": ""}, "geometry": {"type": "MultiPolygon", "coordinates": [[[[127.20643133654687, 37.705056903385184], [127.20646288486166, 37.705110672256275], [127.2064664987633, 37.70510938660398], [127.20678151689917, 37.70499638013416], [127.20661376574245, 37.70476190734798], [127.20644199401896, 37.70503967641853], [127.20643133654687, 37.705056903385184]]]]}}, {"id": "273", "type": "Feature", "properties": {"pnu": "4136026221100210006", "addr": "\uacbd\uae30\ub3c4 \ub0a8\uc591\uc8fc\uc2dc \uc624\ub0a8\uc74d \uc591\uc9c0\ub9ac 21-6", "jibun": "21-6", "jimok": "\ub300", "area_reg": 2480.0, "area_geom": 2471.2, "incl_ratio": 1.0, "area_incl": 2480.0, "zone": "\ubcf4\uc804\uad00\ub9ac\uc9c0\uc5ed", "use": "\uacf5\uc5c5\uae30\ud0c0", "owner": "\uac1c\uc778", "price": 423200.0, "price_year": "2025", "included": true, "free": false, "note": ""}, "geometry": {"type": "MultiPolygon", "coordinates": [[[[127.20554428345521, 37.70656354070603], [127.20554907946843, 37.70657563237567], [127.2055547386696, 37.70658407364088], [127.20558490160542, 37.70659992348908], [127.20562151117718, 37.70660533799983], [127.20563900924707, 37.706601271386305], [127.20589303112376, 37.70650704088537], [127.20593700873538, 37.70656915831131], [127.20597199062374, 37.70662191226586], [127.20600170825517, 37.706636618553006], [127.20603324666445, 37.706637122457536], [127.20622603212738, 37.70661329076262], [127.20626105035669, 37.7062545375462], [127.20625490805284, 37.7062436375171], [127.20624324149186, 37.706203285502625], [127.20624135877173, 37.7061702053134], [127.20615097659089, 37.70613663904735], [127.2057357646771, 37.706295811671616], [127.20570456172295, 37.70624391602736], [127.20557336012114, 37.706294840471685], [127.20555193809663, 37.70645185277718], [127.20554428345521, 37.70656354070603]]]]}}, {"id": "274", "type": "Feature", "properties": {"pnu": "4136026221100180002", "addr": "\uacbd\uae30\ub3c4 \ub0a8\uc591\uc8fc\uc2dc \uc624\ub0a8\uc74d \uc591\uc9c0\ub9ac 18-2", "jibun": "18-2", "jimok": "\uc804", "area_reg": 9193.0, "area_geom": 9258.6, "incl_ratio": 1.0, "area_incl": 9193.0, "zone": "\uc81c1\uc885\uc77c\ubc18\uc8fc\uac70\uc9c0\uc5ed", "use": "\uc804", "owner": "\uac1c\uc778", "price": 235300.0, "price_year": "2025", "included": true, "free": false, "note": ""}, "geometry": {"type": "MultiPolygon", "coordinates": [[[[127.20516162277569, 37.70803562293126], [127.20518434577158, 37.708017897737136], [127.2056281576782, 37.70793735889396], [127.20575723799861, 37.70789342956501], [127.20582449995251, 37.70775378053824], [127.20565188959009, 37.707700399955804], [127.20551010204282, 37.707679959156344], [127.20554435417009, 37.707532601061594], [127.20579213827246, 37.70749066460596], [127.20579140671424, 37.707434842054745], [127.20604846280352, 37.70746164167082], [127.20632999198308, 37.70749687630683], [127.20640382605558, 37.70755770736381], [127.2064575104531, 37.707524521615404], [127.20644211792417, 37.70748197774965], [127.20627250734029, 37.70747191127793], [127.20623355307269, 37.70739345076357], [127.20620668267317, 37.70737504563656], [127.20624409940316, 37.70721611344278], [127.20607850301639, 37.70719334511803], [127.20603187430359, 37.70704564963793], [127.20554012628321, 37.70687139881949], [127.20556559715249, 37.706826171326405], [127.20552876713785, 37.706790016235665], [127.20546366791963, 37.70680006649347], [127.20536076115562, 37.70684349978275], [127.2054241134337, 37.7068663468543], [127.20545151686365, 37.70690559958221], [127.20544089290811, 37.70695593687945], [127.20545110088891, 37.707060061829715], [127.20543380383738, 37.70715824292339], [127.20520230063259, 37.70718605940622], [127.2050640536082, 37.7072448698857], [127.20494659722186, 37.70727614687157], [127.20496803438104, 37.70737719821341], [127.20501629946013, 37.707439714010896], [127.20496919295209, 37.70744840852423], [127.20496773751432, 37.707617089784726], [127.20479323522291, 37.7075765229357], [127.20489550021425, 37.70781650794394], [127.20476947109564, 37.70781513053139], [127.20474109647871, 37.707698450357434], [127.20451481264205, 37.707707219095774], [127.20445347402858, 37.707732641801165], [127.20469023003048, 37.70775892071152], [127.20472562246927, 37.70789155390987], [127.20507712693787, 37.7080319847682], [127.20516162277569, 37.70803562293126]]]]}}, {"id": "275", "type": "Feature", "properties": {"pnu": "4136026221100180003", "addr": "\uacbd\uae30\ub3c4 \ub0a8\uc591\uc8fc\uc2dc \uc624\ub0a8\uc74d \uc591\uc9c0\ub9ac 18-3", "jibun": "18-3", "jimok": "\uc804", "area_reg": 4228.0, "area_geom": 4231.1, "incl_ratio": 1.0, "area_incl": 4228.0, "zone": "\uc81c1\uc885\uc77c\ubc18\uc8fc\uac70\uc9c0\uc5ed", "use": "\uc804", "owner": "\uac1c\uc778", "price": 235300.0, "price_year": "2025", "included": true, "free": false, "note": ""}, "geometry": {"type": "MultiPolygon", "coordinates": [[[[127.20445347402858, 37.707732641801165], [127.20451481264205, 37.707707219095774], [127.20474109647871, 37.707698450357434], [127.20476947109564, 37.70781513053139], [127.20489550021425, 37.70781650794394], [127.20479323522291, 37.7075765229357], [127.20496773751432, 37.707617089784726], [127.20496919295209, 37.70744840852423], [127.20501629946013, 37.707439714010896], [127.20496803438104, 37.70737719821341], [127.20494659722186, 37.70727614687157], [127.2050640536082, 37.7072448698857], [127.20520230063259, 37.70718605940622], [127.20543380383738, 37.70715824292339], [127.20545110088891, 37.707060061829715], [127.20544089290811, 37.70695593687945], [127.20545151686365, 37.70690559958221], [127.20524478948676, 37.706936337475135], [127.20513181324128, 37.70698426575878], [127.20506073511741, 37.70696026962091], [127.20496328737188, 37.706988872256886], [127.20491081204104, 37.70698322362902], [127.20479499113235, 37.7069862163362], [127.20471350137188, 37.70699908742657], [127.20451003957155, 37.707092255314706], [127.20446736934771, 37.70708923844902], [127.20463405821403, 37.707379629944214], [127.2044311210723, 37.7075824713116], [127.20436263448384, 37.70766897370688], [127.2044573753677, 37.707691145629546], [127.20444607790068, 37.707731825641176], [127.20445347402858, 37.707732641801165]]]]}}, {"id": "276", "type": "Feature", "properties": {"pnu": "4136026221100180004", "addr": "\uacbd\uae30\ub3c4 \ub0a8\uc591\uc8fc\uc2dc \uc624\ub0a8\uc74d \uc591\uc9c0\ub9ac 18-4", "jibun": "18-4", "jimok": "\ub2f5", "area_reg": 1805.0, "area_geom": 1797.5, "incl_ratio": 1.0, "area_incl": 1805.0, "zone": "\uc81c1\uc885\uc77c\ubc18\uc8fc\uac70\uc9c0\uc5ed", "use": "\uc804", "owner": "\uac1c\uc778", "price": 235300.0, "price_year": "2025", "included": true, "free": false, "note": ""}, "geometry": {"type": "MultiPolygon", "coordinates": [[[[127.20420599815887, 37.70724286114231], [127.2041997608073, 37.70734273487771], [127.20408501916314, 37.707504997708334], [127.20412236729085, 37.707614968454585], [127.20426257479699, 37.70764671174666], [127.20436263448384, 37.70766897370688], [127.2044311210723, 37.7075824713116], [127.20463405821403, 37.707379629944214], [127.20446736934771, 37.70708923844902], [127.20443242282823, 37.70708658668294], [127.20431176144706, 37.70714442000595], [127.20430064849302, 37.70724450034532], [127.20425247479444, 37.70724857445477], [127.20420599815887, 37.70724286114231]]]]}}, {"id": "277", "type": "Feature", "properties": {"pnu": "4136026221100180005", "addr": "\uacbd\uae30\ub3c4 \ub0a8\uc591\uc8fc\uc2dc \uc624\ub0a8\uc74d \uc591\uc9c0\ub9ac 18-5", "jibun": "18-5", "jimok": "\ub300", "area_reg": 1985.0, "area_geom": 1989.7, "incl_ratio": 1.0, "area_incl": 1985.0, "zone": "\ubcf4\uc804\uad00\ub9ac\uc9c0\uc5ed", "use": "\uacf5\uc5c5\uae30\ud0c0", "owner": "\ubc95\uc778", "price": 361400.0, "price_year": "2025", "included": true, "free": false, "note": ""}, "geometry": {"type": "MultiPolygon", "coordinates": [[[[127.20607794267299, 37.70691518200263], [127.2062472513982, 37.707178789980595], [127.20624796892865, 37.70717991494168], [127.20624799106389, 37.70717971669086], [127.20635510518836, 37.70734650660277], [127.20643316516087, 37.70730706185792], [127.20645265540206, 37.707309838999514], [127.20653803484868, 37.70742045527857], [127.20670761365592, 37.70736966120872], [127.20670765178123, 37.70725596831249], [127.20670357418564, 37.70723306385614], [127.20664479909563, 37.70719246049244], [127.2066271066953, 37.70709311477572], [127.20653817087126, 37.70697167513262], [127.20632994124287, 37.7068149176058], [127.20607794267299, 37.70691518200263]]]]}}, {"id": "278", "type": "Feature", "properties": {"pnu": "4136026221100180008", "addr": "\uacbd\uae30\ub3c4 \ub0a8\uc591\uc8fc\uc2dc \uc624\ub0a8\uc74d \uc591\uc9c0\ub9ac 18-8", "jibun": "18-8", "jimok": "\uc784\uc57c", "area_reg": 456.0, "area_geom": 457.9, "incl_ratio": 1.0, "area_incl": 456.0, "zone": "\uc81c1\uc885\uc77c\ubc18\uc8fc\uac70\uc9c0\uc5ed", "use": "\uc790\uc5f0\ub9bc", "owner": "\uac1c\uc778", "price": 89500.0, "price_year": "2025", "included": true, "free": false, "note": ""}, "geometry": {"type": "MultiPolygon", "coordinates": [[[[127.20644211792417, 37.70748197774965], [127.20642445339993, 37.7074544749426], [127.20653803484868, 37.70742045527857], [127.20645265540206, 37.707309838999514], [127.20643316516087, 37.70730706185792], [127.20635510518836, 37.70734650660277], [127.20624799106389, 37.70717971669086], [127.20624409940316, 37.70721611344278], [127.20620668267317, 37.70737504563656], [127.20623355307269, 37.70739345076357], [127.20627250734029, 37.70747191127793], [127.20644211792417, 37.70748197774965]]]]}}, {"id": "279", "type": "Feature", "properties": {"pnu": "4136026221100180009", "addr": "\uacbd\uae30\ub3c4 \ub0a8\uc591\uc8fc\uc2dc \uc624\ub0a8\uc74d \uc591\uc9c0\ub9ac 18-9", "jibun": "18-9", "jimok": "\ub3c4\ub85c", "area_reg": 1067.0, "area_geom": 1073.0, "incl_ratio": 1.0, "area_incl": 1067.0, "zone": "\ubcf4\uc804\uad00\ub9ac\uc9c0\uc5ed", "use": "\ub3c4\ub85c\ub4f1", "owner": "\uac1c\uc778", "price": 170300.0, "price_year": "2025", "included": true, "free": false, "note": ""}, "geometry": {"type": "MultiPolygon", "coordinates": [[[[127.20629567332801, 37.70673326855484], [127.20657858540942, 37.70694624268097], [127.20667624070515, 37.70707958689758], [127.20670765178123, 37.70725596831249], [127.20670761365592, 37.70736966120872], [127.20653803484868, 37.70742045527857], [127.20642445339993, 37.7074544749426], [127.20644211792417, 37.70748197774965], [127.2064575104531, 37.707524521615404], [127.20675901570915, 37.70743420701453], [127.20678116766845, 37.707427564380225], [127.20679695108205, 37.707389732395534], [127.20680102902381, 37.707264725350726], [127.20676005450878, 37.70705421401502], [127.2066652314149, 37.706911648063034], [127.20646538855334, 37.70672017099053], [127.20630710481572, 37.70662631310149], [127.20630457307111, 37.706649994873075], [127.20629567332801, 37.70673326855484]]]]}}, {"id": "280", "type": "Feature", "properties": {"pnu": "4136026221100180010", "addr": "\uacbd\uae30\ub3c4 \ub0a8\uc591\uc8fc\uc2dc \uc624\ub0a8\uc74d \uc591\uc9c0\ub9ac 18-10", "jibun": "18-10", "jimok": "\ub300", "area_reg": 853.0, "area_geom": 854.3, "incl_ratio": 1.0, "area_incl": 853.0, "zone": "\ubcf4\uc804\uad00\ub9ac\uc9c0\uc5ed", "use": "\uacf5\uc5c5\uae30\ud0c0", "owner": "\ubc95\uc778", "price": 361400.0, "price_year": "2025", "included": true, "free": false, "note": ""}, "geometry": {"type": "MultiPolygon", "coordinates": [[[[127.20629567332801, 37.70673326855484], [127.20618438844971, 37.70664947374728], [127.20594682201944, 37.70671101634642], [127.20607794267299, 37.70691518200263], [127.20632994124287, 37.7068149176058], [127.20653817087126, 37.70697167513262], [127.2066271066953, 37.70709311477572], [127.20664479909563, 37.70719246049244], [127.20670357418564, 37.70723306385614], [127.20667624070515, 37.70707958689758], [127.20657858540942, 37.70694624268097], [127.20629567332801, 37.70673326855484]]]]}}, {"id": "281", "type": "Feature", "properties": {"pnu": "4136026221100190001", "addr": "\uacbd\uae30\ub3c4 \ub0a8\uc591\uc8fc\uc2dc \uc624\ub0a8\uc74d \uc591\uc9c0\ub9ac 19-1", "jibun": "19-1", "jimok": "\uacf5\uc7a5\uc6a9\uc9c0", "area_reg": 3255.0, "area_geom": 3251.9, "incl_ratio": 1.0, "area_incl": 3255.0, "zone": "\ub18d\ub9bc\uc9c0\uc5ed", "use": "\uacf5\uc5c5\uc6a9", "owner": "\uac1c\uc778", "price": 326200.0, "price_year": "2025", "included": true, "free": false, "note": ""}, "geometry": {"type": "MultiPolygon", "coordinates": [[[[127.20638796746589, 37.706674257174285], [127.20646538855334, 37.70672017099053], [127.2066652314149, 37.706911648063034], [127.20673004860392, 37.707009100836714], [127.20720006915045, 37.70705086157327], [127.20723514941014, 37.70656026069338], [127.20648555589813, 37.7065241308808], [127.20641430274618, 37.70653130026046], [127.20639585320923, 37.706593426863314], [127.20638796746589, 37.706674257174285]]]]}}, {"id": "282", "type": "Feature", "properties": {"pnu": "4136026221101730008", "addr": "\uacbd\uae30\ub3c4 \ub0a8\uc591\uc8fc\uc2dc \uc624\ub0a8\uc74d \uc591\uc9c0\ub9ac 173-8", "jibun": "173-8", "jimok": "\ub3c4\ub85c", "area_reg": 5.0, "area_geom": 4.7, "incl_ratio": 1.0, "area_incl": 5.0, "zone": "\uc81c2\uc885\uc77c\ubc18\uc8fc\uac70\uc9c0\uc5ed", "use": "\ub3c4\ub85c\ub4f1", "owner": "\ubc95\uc778", "price": 193000.0, "price_year": "2025", "included": true, "free": false, "note": ""}, "geometry": {"type": "MultiPolygon", "coordinates": [[[[127.20110273704515, 37.7032853101654], [127.20108849657781, 37.7032649634216], [127.20106859547694, 37.70326919560193], [127.20108129450098, 37.70328982425617], [127.20110273704515, 37.7032853101654]]]]}}, {"id": "283", "type": "Feature", "properties": {"pnu": "4136026221100190002", "addr": "\uacbd\uae30\ub3c4 \ub0a8\uc591\uc8fc\uc2dc \uc624\ub0a8\uc74d \uc591\uc9c0\ub9ac 19-2", "jibun": "19-2", "jimok": "\uacf5\uc7a5\uc6a9\uc9c0", "area_reg": 3255.0, "area_geom": 3302.2, "incl_ratio": 1.0, "area_incl": 3255.0, "zone": "\ub18d\ub9bc\uc9c0\uc5ed", "use": "\uacf5\uc5c5\uc6a9", "owner": "\uac1c\uc778", "price": 309700.0, "price_year": "2025", "included": true, "free": false, "note": ""}, "geometry": {"type": "MultiPolygon", "coordinates": [[[[127.20720006915045, 37.70705086157327], [127.20735128301877, 37.70706430140773], [127.20745051374237, 37.70705741596357], [127.20747670826658, 37.7070528023205], [127.20778120604265, 37.70696315559972], [127.2078022023462, 37.70695697428716], [127.20788694761565, 37.70675647830931], [127.20790387037847, 37.70656540796093], [127.20637166778322, 37.70649156066516], [127.20635570872206, 37.70665513165795], [127.20638796746589, 37.706674257174285], [127.20639585320923, 37.706593426863314], [127.20641430274618, 37.70653130026046], [127.20648555589813, 37.7065241308808], [127.20723514941014, 37.70656026069338], [127.20720006915045, 37.70705086157327]]]]}}, {"id": "284", "type": "Feature", "properties": {"pnu": "4136026221100190003", "addr": "\uacbd\uae30\ub3c4 \ub0a8\uc591\uc8fc\uc2dc \uc624\ub0a8\uc74d \uc591\uc9c0\ub9ac 19-3", "jibun": "19-3", "jimok": "\uacf5\uc7a5\uc6a9\uc9c0", "area_reg": 169.0, "area_geom": 169.4, "incl_ratio": 1.0, "area_incl": 169.0, "zone": "\ub18d\ub9bc\uc9c0\uc5ed", "use": "\uacf5\uc5c5\uc6a9", "owner": "\ubc95\uc778", "price": 309700.0, "price_year": "2025", "included": true, "free": false, "note": ""}, "geometry": {"type": "MultiPolygon", "coordinates": [[[[127.20745051374237, 37.70705741596357], [127.20735128301877, 37.70706430140773], [127.20720006915045, 37.70705086157327], [127.20673004860392, 37.707009100836714], [127.20674160685127, 37.70702647836552], [127.20691172956637, 37.70704576915892], [127.20703823142901, 37.7070668565843], [127.2072272310856, 37.7070967454132], [127.20745051374237, 37.70705741596357]]]]}}, {"id": "285", "type": "Feature", "properties": {"pnu": "4136026221100210022", "addr": "\uacbd\uae30\ub3c4 \ub0a8\uc591\uc8fc\uc2dc \uc624\ub0a8\uc74d \uc591\uc9c0\ub9ac 21-22", "jibun": "21-22", "jimok": "\uc784\uc57c", "area_reg": 6063.0, "area_geom": 6354.7, "incl_ratio": 1.0, "area_incl": 6063.0, "zone": "\ub18d\ub9bc\uc9c0\uc5ed", "use": "\uc790\uc5f0\ub9bc", "owner": "\uac1c\uc778", "price": 11600.0, "price_year": "2025", "included": true, "free": false, "note": ""}, "geometry": {"type": "MultiPolygon", "coordinates": [[[[127.2078486477498, 37.70656274764423], [127.2079024186448, 37.706565338424525], [127.20790387037847, 37.70656540796093], [127.20788694761565, 37.70675647830931], [127.20802819495631, 37.70671340814201], [127.20848483278584, 37.70671025604664], [127.2086996556117, 37.70666748838104], [127.20918605473865, 37.70653605586442], [127.2092186190739, 37.706278376421835], [127.20900043714899, 37.70621399009875], [127.20887653982324, 37.70620346852078], [127.20799204119999, 37.7061283573829], [127.2078918505332, 37.706119847460045], [127.2078486477498, 37.70656274764423]]]]}}, {"id": "286", "type": "Feature", "properties": {"pnu": "4136026221100210001", "addr": "\uacbd\uae30\ub3c4 \ub0a8\uc591\uc8fc\uc2dc \uc624\ub0a8\uc74d \uc591\uc9c0\ub9ac 21-1", "jibun": "21-1", "jimok": "\uc885\uad50\uc6a9\uc9c0", "area_reg": 7658.0, "area_geom": 7558.1, "incl_ratio": 1.0, "area_incl": 7658.0, "zone": "\ub18d\ub9bc\uc9c0\uc5ed", "use": "\uc8fc\uac70\uae30\ud0c0", "owner": "\uac1c\uc778", "price": 266800.0, "price_year": "2025", "included": true, "free": false, "note": ""}, "geometry": {"type": "MultiPolygon", "coordinates": [[[[127.20646289620153, 37.70511067223656], [127.20681345298951, 37.70571285358939], [127.20630157036578, 37.705904820438874], [127.20629256998187, 37.70599682466287], [127.20627306964417, 37.70602322978885], [127.20630219389362, 37.70601192615397], [127.20635951345108, 37.705989671852784], [127.2063749736693, 37.70599101446367], [127.20637719595784, 37.70597027938324], [127.20647303855125, 37.705923632023634], [127.20689757378811, 37.70595960774281], [127.20690285719401, 37.705905792871725], [127.20800472452011, 37.705999379965014], [127.20801932634416, 37.70585071308382], [127.20801123801462, 37.70582923921668], [127.20765534447528, 37.70569914978563], [127.20759787222829, 37.7056004953884], [127.20742732524322, 37.705451296071075], [127.20739941110357, 37.70544077648189], [127.20717269748968, 37.70532011832825], [127.20687586215213, 37.70512274750921], [127.20678150548471, 37.70499635312506], [127.2064664987633, 37.70510938660398], [127.20646289620153, 37.70511067223656]]]]}}, {"id": "287", "type": "Feature", "properties": {"pnu": "4136026221100210002", "addr": "\uacbd\uae30\ub3c4 \ub0a8\uc591\uc8fc\uc2dc \uc624\ub0a8\uc74d \uc591\uc9c0\ub9ac 21-2", "jibun": "21-2", "jimok": "\ub3c4\ub85c", "area_reg": 508.0, "area_geom": 480.3, "incl_ratio": 1.0, "area_incl": 508.0, "zone": "\ubcf4\uc804\uad00\ub9ac\uc9c0\uc5ed", "use": "\ub3c4\ub85c\ub4f1", "owner": "\uac1c\uc778", "price": 170300.0, "price_year": "2025", "included": true, "free": false, "note": ""}, "geometry": {"type": "MultiPolygon", "coordinates": [[[[127.2063749736693, 37.70599101446367], [127.20635951345108, 37.705989671852784], [127.20630219389362, 37.70601192615397], [127.20630154324884, 37.70601862145868], [127.20626411297071, 37.70606930270455], [127.20624135877173, 37.7061702053134], [127.20624324149186, 37.706203285502625], [127.20625490805284, 37.7062436375171], [127.20626105035669, 37.7062545375462], [127.20627863409888, 37.70628577953133], [127.20624787088563, 37.70663302904312], [127.20630710481572, 37.70662631310149], [127.20632175314536, 37.70648915169206], [127.20635713047551, 37.70615805746134], [127.20636720190261, 37.70606379896035], [127.20636941288012, 37.70604307290963], [127.2063749736693, 37.70599101446367]]]]}}, {"id": "288", "type": "Feature", "properties": {"pnu": "4136026221100210003", "addr": "\uacbd\uae30\ub3c4 \ub0a8\uc591\uc8fc\uc2dc \uc624\ub0a8\uc74d \uc591\uc9c0\ub9ac 21-3", "jibun": "21-3", "jimok": "\ub3c4\ub85c", "area_reg": 49.0, "area_geom": 48.9, "incl_ratio": 1.0, "area_incl": 49.0, "zone": "\ub18d\ub9bc\uc9c0\uc5ed", "use": "\uc8fc\uac70\ub098\uc9c0", "owner": "\uac1c\uc778", "price": 0.0, "price_year": "2025", "included": true, "free": false, "note": ""}, "geometry": {"type": "MultiPolygon", "coordinates": [[[[127.2063749736693, 37.70599101446367], [127.20636941288012, 37.70604307290963], [127.20651321793856, 37.70598183664154], [127.20650179580905, 37.705980865434995], [127.20637719595784, 37.70597027938324], [127.2063749736693, 37.70599101446367]]]]}}, {"id": "289", "type": "Feature", "properties": {"pnu": "4136026221100210004", "addr": "\uacbd\uae30\ub3c4 \ub0a8\uc591\uc8fc\uc2dc \uc624\ub0a8\uc74d \uc591\uc9c0\ub9ac 21-4", "jibun": "21-4", "jimok": "\uc885\uad50\uc6a9\uc9c0", "area_reg": 356.0, "area_geom": 262.1, "incl_ratio": 1.0, "area_incl": 356.0, "zone": "\ub18d\ub9bc\uc9c0\uc5ed", "use": "\uc8fc\uac70\uae30\ud0c0", "owner": "\uac1c\uc778", "price": 266800.0, "price_year": "2025", "included": true, "free": false, "note": ""}, "geometry": {"type": "MultiPolygon", "coordinates": [[[[127.20801123801462, 37.70582923921668], [127.20800449783113, 37.70581137586058], [127.20782746392673, 37.70570749805171], [127.2077057463475, 37.70563609317643], [127.20770388297434, 37.70563479003428], [127.20769865655754, 37.705631177290435], [127.20744827973219, 37.705458836601366], [127.20742732524322, 37.705451296071075], [127.20759787222829, 37.7056004953884], [127.20765534447528, 37.70569914978563], [127.20801123801462, 37.70582923921668]]]]}}, {"id": "290", "type": "Feature", "properties": {"pnu": "4136026221100210007", "addr": "\uacbd\uae30\ub3c4 \ub0a8\uc591\uc8fc\uc2dc \uc624\ub0a8\uc74d \uc591\uc9c0\ub9ac 21-7", "jibun": "21-7", "jimok": "\ub300", "area_reg": 1987.0, "area_geom": 1805.0, "incl_ratio": 1.0, "area_incl": 1987.0, "zone": "\uc790\uc5f0\ub179\uc9c0\uc9c0\uc5ed", "use": "\uacf5\uc5c5\uae30\ud0c0", "owner": "\uac1c\uc778", "price": 588900.0, "price_year": "2025", "included": true, "free": false, "note": ""}, "geometry": {"type": "MultiPolygon", "coordinates": [[[[127.20622603212738, 37.70661329076262], [127.20603324666445, 37.706637122457536], [127.20600170825517, 37.706636618553006], [127.20597199062374, 37.70662191226586], [127.20593700873538, 37.70656915831131], [127.20589303112376, 37.70650704088537], [127.20563900924707, 37.706601271386305], [127.20562151117718, 37.70660533799983], [127.20558490160542, 37.70659992348908], [127.2055547386696, 37.70658407364088], [127.20554907946843, 37.70657563237567], [127.20554428345521, 37.70656354070603], [127.20552876713785, 37.706790016235665], [127.20556559715249, 37.706826171326405], [127.20554012628321, 37.70687139881949], [127.20603187430359, 37.70704564963793], [127.20607850301639, 37.70719334511803], [127.20624409940316, 37.70721611344278], [127.20624796892865, 37.70717991494168], [127.2062472513982, 37.707178789980595], [127.20594682201944, 37.70671101634642], [127.20618438844971, 37.70664947374728], [127.206223495534, 37.7066393420804], [127.20622603212738, 37.70661329076262]], [[127.20581672154893, 37.70681630341004], [127.2056632513928, 37.706748978763045], [127.20576341116492, 37.70656830588288], [127.20583766161171, 37.70653345404063], [127.20592065342005, 37.70654749141141], [127.20592683325079, 37.706613359301834], [127.20581672154893, 37.70681630341004]]]]}}, {"id": "291", "type": "Feature", "properties": {"pnu": "4136026221100210008", "addr": "\uacbd\uae30\ub3c4 \ub0a8\uc591\uc8fc\uc2dc \uc624\ub0a8\uc74d \uc591\uc9c0\ub9ac 21-8", "jibun": "21-8", "jimok": "\ub3c4\ub85c", "area_reg": 85.0, "area_geom": 79.3, "incl_ratio": 1.0, "area_incl": 85.0, "zone": "\ubcf4\uc804\uad00\ub9ac\uc9c0\uc5ed", "use": "\ub3c4\ub85c\ub4f1", "owner": "\uac1c\uc778", "price": 170300.0, "price_year": "2025", "included": true, "free": false, "note": ""}, "geometry": {"type": "MultiPolygon", "coordinates": [[[[127.20622603212738, 37.70661329076262], [127.206223495534, 37.7066393420804], [127.20624787088563, 37.70663302904312], [127.20627863409888, 37.70628577953133], [127.20626105038146, 37.70625454655583], [127.20626105035669, 37.7062545375462], [127.20622603212738, 37.70661329076262]]]]}}, {"id": "292", "type": "Feature", "properties": {"pnu": "4136026221100210009", "addr": "\uacbd\uae30\ub3c4 \ub0a8\uc591\uc8fc\uc2dc \uc624\ub0a8\uc74d \uc591\uc9c0\ub9ac 21-9", "jibun": "21-9", "jimok": "\ub300", "area_reg": 375.0, "area_geom": 391.5, "incl_ratio": 1.0, "area_incl": 375.0, "zone": "\ub18d\ub9bc\uc9c0\uc5ed", "use": "\uc8fc\uac70\uae30\ud0c0", "owner": "\uac1c\uc778", "price": 259100.0, "price_year": "2025", "included": true, "free": false, "note": ""}, "geometry": {"type": "MultiPolygon", "coordinates": [[[[127.20570456172295, 37.70624391602736], [127.2057357646771, 37.706295811671616], [127.20615097659089, 37.70613663904735], [127.20624135877173, 37.7061702053134], [127.20626411297071, 37.70606930270455], [127.20630154324884, 37.70601862145868], [127.20630219389362, 37.70601192615397], [127.20577813738844, 37.706215354129526], [127.20570456172295, 37.70624391602736]]]]}}, {"id": "293", "type": "Feature", "properties": {"pnu": "4136026221100210010", "addr": "\uacbd\uae30\ub3c4 \ub0a8\uc591\uc8fc\uc2dc \uc624\ub0a8\uc74d \uc591\uc9c0\ub9ac 21-10", "jibun": "21-10", "jimok": "\ub300", "area_reg": 5700.0, "area_geom": 5649.5, "incl_ratio": 1.0, "area_incl": 5700.0, "zone": "\ub18d\ub9bc\uc9c0\uc5ed", "use": "\uc8fc\uac70\uae30\ud0c0", "owner": "\uac1c\uc778", "price": 259100.0, "price_year": "2025", "included": true, "free": false, "note": ""}, "geometry": {"type": "MultiPolygon", "coordinates": [[[[127.20587090000548, 37.70539354874021], [127.20577813738844, 37.706215354129526], [127.20627306964417, 37.70602322978885], [127.20629256998187, 37.70599682466287], [127.20630157036578, 37.705904820438874], [127.20681345298951, 37.70571285358939], [127.20646289620153, 37.70511067223656], [127.20643133654687, 37.705056903385184], [127.20619253604963, 37.705443057590806], [127.20611794503483, 37.70545256608619], [127.2058759568974, 37.70539327869671], [127.20587090000548, 37.70539354874021]]]]}}, {"id": "294", "type": "Feature", "properties": {"pnu": "4136026221100210011", "addr": "\uacbd\uae30\ub3c4 \ub0a8\uc591\uc8fc\uc2dc \uc624\ub0a8\uc74d \uc591\uc9c0\ub9ac 21-11", "jibun": "21-11", "jimok": "\uacf5\uc7a5\uc6a9\uc9c0", "area_reg": 4382.0, "area_geom": 4360.9, "incl_ratio": 1.0, "area_incl": 4382.0, "zone": "\ub18d\ub9bc\uc9c0\uc5ed", "use": "\uacf5\uc5c5\uc6a9", "owner": "\uac1c\uc778", "price": 309700.0, "price_year": "2025", "included": true, "free": false, "note": ""}, "geometry": {"type": "MultiPolygon", "coordinates": [[[[127.20689222400019, 37.706014026375776], [127.20651321793856, 37.70598183664154], [127.20636941288012, 37.70604307290963], [127.20636720190261, 37.70606379896035], [127.20635713047551, 37.70615805746134], [127.20637272140466, 37.70613271324335], [127.2063969795355, 37.706108597297565], [127.20643908339459, 37.706083188984366], [127.20649420952617, 37.70605919055629], [127.20702483039393, 37.70608633209541], [127.20704109069403, 37.7060940430516], [127.20706046631283, 37.70611291153955], [127.20703287530371, 37.7065234305447], [127.20738687146242, 37.70654049000762], [127.2078486477498, 37.70656274764423], [127.2078918505332, 37.706119847460045], [127.20789389091219, 37.70609909465101], [127.20689222400019, 37.706014026375776]]]]}}, {"id": "295", "type": "Feature", "properties": {"pnu": "4136026221100210012", "addr": "\uacbd\uae30\ub3c4 \ub0a8\uc591\uc8fc\uc2dc \uc624\ub0a8\uc74d \uc591\uc9c0\ub9ac 21-12", "jibun": "21-12", "jimok": "\uacf5\uc7a5\uc6a9\uc9c0", "area_reg": 2983.0, "area_geom": 2957.1, "incl_ratio": 1.0, "area_incl": 2983.0, "zone": "\ub18d\ub9bc\uc9c0\uc5ed", "use": "\uacf5\uc5c5\uc6a9", "owner": "\ubc95\uc778", "price": 326200.0, "price_year": "2025", "included": true, "free": false, "note": ""}, "geometry": {"type": "MultiPolygon", "coordinates": [[[[127.20632175314536, 37.70648915169206], [127.20637166778322, 37.70649156066516], [127.20703287530371, 37.7065234305447], [127.20706046631283, 37.70611291153955], [127.20704109069403, 37.7060940430516], [127.20702483039393, 37.70608633209541], [127.20649420952617, 37.70605919055629], [127.20643908339459, 37.706083188984366], [127.2063969795355, 37.706108597297565], [127.20637272140466, 37.70613271324335], [127.20635713047551, 37.70615805746134], [127.20632175314536, 37.70648915169206]]]]}}, {"id": "296", "type": "Feature", "properties": {"pnu": "4136026221100210013", "addr": "\uacbd\uae30\ub3c4 \ub0a8\uc591\uc8fc\uc2dc \uc624\ub0a8\uc74d \uc591\uc9c0\ub9ac 21-13", "jibun": "21-13", "jimok": "\uacf5\uc7a5\uc6a9\uc9c0", "area_reg": 85.0, "area_geom": 74.8, "incl_ratio": 1.0, "area_incl": 85.0, "zone": "\ub18d\ub9bc\uc9c0\uc5ed", "use": "\uacf5\uc5c5\uc6a9", "owner": "\uac1c\uc778", "price": 309700.0, "price_year": "2025", "included": true, "free": false, "note": ""}, "geometry": {"type": "MultiPolygon", "coordinates": [[[[127.20630710481572, 37.70662631310149], [127.20635570872206, 37.70665513165795], [127.20637166778322, 37.70649156066516], [127.20632175314536, 37.70648915169206], [127.20630710481572, 37.70662631310149]]]]}}, {"id": "297", "type": "Feature", "properties": {"pnu": "4136026221100210014", "addr": "\uacbd\uae30\ub3c4 \ub0a8\uc591\uc8fc\uc2dc \uc624\ub0a8\uc74d \uc591\uc9c0\ub9ac 21-14", "jibun": "21-14", "jimok": "\ub3c4\ub85c", "area_reg": 255.0, "area_geom": 252.1, "incl_ratio": 1.0, "area_incl": 255.0, "zone": "\ub18d\ub9bc\uc9c0\uc5ed", "use": "\uc8fc\uac70\ub098\uc9c0", "owner": "\uac1c\uc778", "price": 0.0, "price_year": "2025", "included": true, "free": false, "note": ""}, "geometry": {"type": "MultiPolygon", "coordinates": [[[[127.20651321793856, 37.70598183664154], [127.20689222400019, 37.706014026375776], [127.20689757378811, 37.70595960774281], [127.20647303855125, 37.705923632023634], [127.20637719595784, 37.70597027938324], [127.20650179580905, 37.705980865434995], [127.20651321793856, 37.70598183664154]]]]}}, {"id": "298", "type": "Feature", "properties": {"pnu": "4136026221100210015", "addr": "\uacbd\uae30\ub3c4 \ub0a8\uc591\uc8fc\uc2dc \uc624\ub0a8\uc74d \uc591\uc9c0\ub9ac 21-15", "jibun": "21-15", "jimok": "\ub300", "area_reg": 6020.0, "area_geom": 6021.5, "incl_ratio": 1.0, "area_incl": 6020.0, "zone": "\ub18d\ub9bc\uc9c0\uc5ed", "use": "\uc790\uc5f0\ub9bc", "owner": "\uac1c\uc778", "price": 0.0, "price_year": "2025", "included": true, "free": false, "note": ""}, "geometry": {"type": "MultiPolygon", "coordinates": [[[[127.20834642634885, 37.705555478999045], [127.20805283723509, 37.70551186427116], [127.20801932634416, 37.70585071308382], [127.20799946393507, 37.70605296059266], [127.20799204119999, 37.7061283573829], [127.20887653982324, 37.70620346852078], [127.20897515817286, 37.705476864486414], [127.20893632618292, 37.70545513843572], [127.20866579177043, 37.705448361205555], [127.2086182913668, 37.70541269431801], [127.20834642634885, 37.705555478999045]]]]}}, {"id": "299", "type": "Feature", "properties": {"pnu": "4136026221100210016", "addr": "\uacbd\uae30\ub3c4 \ub0a8\uc591\uc8fc\uc2dc \uc624\ub0a8\uc74d \uc591\uc9c0\ub9ac 21-16", "jibun": "21-16", "jimok": "\ub300", "area_reg": 580.0, "area_geom": 583.9, "incl_ratio": 1.0, "area_incl": 580.0, "zone": "\ub18d\ub9bc\uc9c0\uc5ed", "use": "\uc8fc\uac70\ub098\uc9c0", "owner": "\uac1c\uc778", "price": 0.0, "price_year": "2025", "included": true, "free": false, "note": ""}, "geometry": {"type": "MultiPolygon", "coordinates": [[[[127.20689757378811, 37.70595960774281], [127.20799946393507, 37.70605296059266], [127.20800472452011, 37.705999379965014], [127.20690285719401, 37.705905792871725], [127.20689757378811, 37.70595960774281]]]]}}, {"id": "300", "type": "Feature", "properties": {"pnu": "4136026221100210017", "addr": "\uacbd\uae30\ub3c4 \ub0a8\uc591\uc8fc\uc2dc \uc624\ub0a8\uc74d \uc591\uc9c0\ub9ac 21-17", "jibun": "21-17", "jimok": "\ub300", "area_reg": 585.0, "area_geom": 613.5, "incl_ratio": 1.0, "area_incl": 585.0, "zone": "\ub18d\ub9bc\uc9c0\uc5ed", "use": "\uc8fc\uac70\ub098\uc9c0", "owner": "\uac1c\uc778", "price": 0.0, "price_year": "2025", "included": true, "free": false, "note": ""}, "geometry": {"type": "MultiPolygon", "coordinates": [[[[127.20689222400019, 37.706014026375776], [127.20789389091219, 37.70609909465101], [127.2078918505332, 37.706119847460045], [127.20799204119999, 37.7061283573829], [127.20799946393507, 37.70605296059266], [127.20689757378811, 37.70595960774281], [127.20689222400019, 37.706014026375776]]]]}}, {"id": "301", "type": "Feature", "properties": {"pnu": "4136026221100210018", "addr": "\uacbd\uae30\ub3c4 \ub0a8\uc591\uc8fc\uc2dc \uc624\ub0a8\uc74d \uc591\uc9c0\ub9ac 21-18", "jibun": "21-18", "jimok": "\uc784\uc57c", "area_reg": 3406.0, "area_geom": 3402.1, "incl_ratio": 1.0, "area_incl": 3406.0, "zone": "\ub18d\ub9bc\uc9c0\uc5ed", "use": "\uc790\uc5f0\ub9bc", "owner": "\uac1c\uc778", "price": 11700.0, "price_year": "2025", "included": true, "free": false, "note": ""}, "geometry": {"type": "MultiPolygon", "coordinates": [[[[127.20805283723509, 37.70551186427116], [127.2077629128108, 37.70546880100088], [127.2075485735641, 37.70531239863637], [127.20698543057907, 37.70490158577742], [127.20674540374664, 37.704726549666994], [127.20665658709807, 37.704692656706165], [127.20661376574245, 37.70476190734798], [127.20678150548471, 37.70499635312506], [127.20687586215213, 37.70512274750921], [127.20717269748968, 37.70532011832825], [127.20739941110357, 37.70544077648189], [127.20742732524322, 37.705451296071075], [127.20744827973219, 37.705458836601366], [127.20769865655754, 37.705631177290435], [127.20770388297434, 37.70563479003428], [127.2077057463475, 37.70563609317643], [127.20782746392673, 37.70570749805171], [127.20800449783113, 37.70581137586058], [127.20801123801462, 37.70582923921668], [127.20801932634416, 37.70585071308382], [127.20805283723509, 37.70551186427116]]]]}}, {"id": "302", "type": "Feature", "properties": {"pnu": "4136026221100210020", "addr": "\uacbd\uae30\ub3c4 \ub0a8\uc591\uc8fc\uc2dc \uc624\ub0a8\uc74d \uc591\uc9c0\ub9ac 21-20", "jibun": "21-20", "jimok": "\ub300", "area_reg": 19982.0, "area_geom": 20057.3, "incl_ratio": 1.0, "area_incl": 19982.0, "zone": "\ub18d\ub9bc\uc9c0\uc5ed", "use": "\uc790\uc5f0\ub9bc", "owner": "\uac1c\uc778", "price": 0.0, "price_year": "2025", "included": true, "free": false, "note": ""}, "geometry": {"type": "MultiPolygon", "coordinates": [[[[127.20887653982324, 37.70620346852078], [127.20922435530184, 37.70623300270151], [127.20918605473865, 37.70653605586442], [127.209277829426, 37.70651124378955], [127.20990142227421, 37.706834491041725], [127.21064295861899, 37.70637046945378], [127.21115524197747, 37.70617466297646], [127.21100517410285, 37.70611672729153], [127.21086270877895, 37.70605634531123], [127.21060553375182, 37.7059336035548], [127.21055118537518, 37.70590292292247], [127.21052747292454, 37.7058825941213], [127.21050981956988, 37.70585947059319], [127.21050238655656, 37.70584547375108], [127.21049537100919, 37.7058266830315], [127.21047954690393, 37.705760363964565], [127.21040969782656, 37.70541483224305], [127.21011962936917, 37.7053409529862], [127.20898736997944, 37.70538686355697], [127.20897515817286, 37.705476864486414], [127.20887653982324, 37.70620346852078]]]]}}, {"id": "303", "type": "Feature", "properties": {"pnu": "4136026221100330001", "addr": "\uacbd\uae30\ub3c4 \ub0a8\uc591\uc8fc\uc2dc \uc624\ub0a8\uc74d \uc591\uc9c0\ub9ac 33-1", "jibun": "33-1", "jimok": "\ub3c4\ub85c", "area_reg": 210.0, "area_geom": 200.6, "incl_ratio": 1.0, "area_incl": 210.0, "zone": "\uc81c1\uc885\uc77c\ubc18\uc8fc\uac70\uc9c0\uc5ed", "use": "\ub3c4\ub85c\ub4f1", "owner": "\uac1c\uc778", "price": 177800.0, "price_year": "2025", "included": true, "free": false, "note": ""}, "geometry": {"type": "MultiPolygon", "coordinates": [[[[127.20753078554108, 37.70402329174676], [127.20746704754823, 37.703934162402426], [127.20743089018677, 37.70384583177346], [127.20732394666406, 37.70369056579335], [127.20725182975583, 37.70368781755111], [127.20738386027193, 37.70386899663347], [127.207425747708, 37.703950406862496], [127.20747459171842, 37.70402959755928], [127.20753078554108, 37.70402329174676]]]]}}, {"id": "304", "type": "Feature", "properties": {"pnu": "4136026221100330002", "addr": "\uacbd\uae30\ub3c4 \ub0a8\uc591\uc8fc\uc2dc \uc624\ub0a8\uc74d \uc591\uc9c0\ub9ac 33-2", "jibun": "33-2", "jimok": "\ub2f5", "area_reg": 202.0, "area_geom": 205.7, "incl_ratio": 1.0, "area_incl": 202.0, "zone": "\uc81c1\uc885\uc77c\ubc18\uc8fc\uac70\uc9c0\uc5ed", "use": "\uc8fc\uac70\uae30\ud0c0", "owner": "\uac1c\uc778", "price": 371800.0, "price_year": "2025", "included": true, "free": false, "note": ""}, "geometry": {"type": "MultiPolygon", "coordinates": [[[[127.20733331256336, 37.70395690201866], [127.207425747708, 37.703950406862496], [127.20738386027193, 37.70386899663347], [127.20725182975583, 37.70368781755111], [127.2072403858938, 37.70370347828556], [127.20728078620573, 37.703739266245485], [127.20724047275536, 37.703804665624105], [127.20724387925095, 37.70385145585413], [127.20733331256336, 37.70395690201866]]]]}}, {"id": "305", "type": "Feature", "properties": {"pnu": "4136026221100330003", "addr": "\uacbd\uae30\ub3c4 \ub0a8\uc591\uc8fc\uc2dc \uc624\ub0a8\uc74d \uc591\uc9c0\ub9ac 33-3", "jibun": "33-3", "jimok": "\ub300", "area_reg": 331.0, "area_geom": 328.1, "incl_ratio": 1.0, "area_incl": 331.0, "zone": "\uc81c1\uc885\uc77c\ubc18\uc8fc\uac70\uc9c0\uc5ed", "use": "\ub2e8\ub3c5", "owner": "\uac1c\uc778", "price": 462300.0, "price_year": "2025", "included": true, "free": false, "note": ""}, "geometry": {"type": "MultiPolygon", "coordinates": [[[[127.20725763957198, 37.70435799994373], [127.2073144385065, 37.70433667407713], [127.20731628629105, 37.7043364546206], [127.20742554264794, 37.70432312781462], [127.2073907319778, 37.70416005069534], [127.20722609426316, 37.70418230355648], [127.2071820442415, 37.70418825468768], [127.20718558653503, 37.704193906575725], [127.20720476173373, 37.70424711120718], [127.20720407904344, 37.704283214101935], [127.20725763957198, 37.70435799994373]]]]}}, {"id": "306", "type": "Feature", "properties": {"pnu": "4136026221100330004", "addr": "\uacbd\uae30\ub3c4 \ub0a8\uc591\uc8fc\uc2dc \uc624\ub0a8\uc74d \uc591\uc9c0\ub9ac 33-4", "jibun": "33-4", "jimok": "\ub300", "area_reg": 439.0, "area_geom": 436.8, "incl_ratio": 1.0, "area_incl": 439.0, "zone": "\uc81c1\uc885\uc77c\ubc18\uc8fc\uac70\uc9c0\uc5ed", "use": "\uc8fc\uac70\uae30\ud0c0", "owner": "\uac1c\uc778", "price": 373000.0, "price_year": "2025", "included": true, "free": false, "note": ""}, "geometry": {"type": "MultiPolygon", "coordinates": [[[[127.20777141501263, 37.70428092578021], [127.20754071635255, 37.70430907880639], [127.2075486689134, 37.70435535653997], [127.20749094352368, 37.704361502862255], [127.2075016729242, 37.70442366878652], [127.20755056495324, 37.70443812496308], [127.20768867725512, 37.70441924259204], [127.20777231333985, 37.70444962106154], [127.20784296347624, 37.70440976487436], [127.20786209706772, 37.70430458867672], [127.20782313848017, 37.70431049509955], [127.20777141501263, 37.70428092578021]]]]}}, {"id": "307", "type": "Feature", "properties": {"pnu": "4136026221100330005", "addr": "\uacbd\uae30\ub3c4 \ub0a8\uc591\uc8fc\uc2dc \uc624\ub0a8\uc74d \uc591\uc9c0\ub9ac 33-5", "jibun": "33-5", "jimok": "\ub3c4\ub85c", "area_reg": 177.0, "area_geom": 183.0, "incl_ratio": 1.0, "area_incl": 177.0, "zone": "\uc81c1\uc885\uc77c\ubc18\uc8fc\uac70\uc9c0\uc5ed", "use": "\ub3c4\ub85c\ub4f1", "owner": "\uac1c\uc778", "price": 177800.0, "price_year": "2025", "included": true, "free": false, "note": ""}, "geometry": {"type": "MultiPolygon", "coordinates": [[[[127.2071820442415, 37.70418825468768], [127.20722609426316, 37.70418230355648], [127.2071780033541, 37.7041088505982], [127.20718549900957, 37.70409655735981], [127.20753849246323, 37.70405867723427], [127.20753078554108, 37.70402329174676], [127.20747459171842, 37.70402959755928], [127.20710831714084, 37.70407073511658], [127.2071820442415, 37.70418825468768]]]]}}, {"id": "308", "type": "Feature", "properties": {"pnu": "4136026221100330006", "addr": "\uacbd\uae30\ub3c4 \ub0a8\uc591\uc8fc\uc2dc \uc624\ub0a8\uc74d \uc591\uc9c0\ub9ac 33-6", "jibun": "33-6", "jimok": "\ub2f5", "area_reg": 352.0, "area_geom": 349.8, "incl_ratio": 1.0, "area_incl": 352.0, "zone": "\uc81c1\uc885\uc77c\ubc18\uc8fc\uac70\uc9c0\uc5ed", "use": "\uc8fc\uac70\ub098\uc9c0", "owner": "\uac1c\uc778", "price": 371800.0, "price_year": "2025", "included": true, "free": false, "note": ""}, "geometry": {"type": "MultiPolygon", "coordinates": [[[[127.20768508327971, 37.70406739466011], [127.20750825694878, 37.703991788284306], [127.20753078554108, 37.70402329174676], [127.20753849246323, 37.70405867723427], [127.20718549900957, 37.70409655735981], [127.2071780033541, 37.7041088505982], [127.20722609426316, 37.70418230355648], [127.2073907319778, 37.70416005069534], [127.20768508327971, 37.70406739466011]]]]}}, {"id": "309", "type": "Feature", "properties": {"pnu": "4136026221100330007", "addr": "\uacbd\uae30\ub3c4 \ub0a8\uc591\uc8fc\uc2dc \uc624\ub0a8\uc74d \uc591\uc9c0\ub9ac 33-7", "jibun": "33-7", "jimok": "\ub2f5", "area_reg": 554.0, "area_geom": 562.2, "incl_ratio": 1.0, "area_incl": 554.0, "zone": "\uc81c1\uc885\uc77c\ubc18\uc8fc\uac70\uc9c0\uc5ed", "use": "\uc8fc\uac70\ub098\uc9c0", "owner": "\uac1c\uc778", "price": 371800.0, "price_year": "2025", "included": true, "free": false, "note": ""}, "geometry": {"type": "MultiPolygon", "coordinates": [[[[127.20742554264794, 37.70432312781462], [127.20754071635255, 37.70430907880639], [127.20765740901741, 37.70429483782762], [127.2076940380216, 37.704266681674824], [127.20779561246589, 37.704157541222465], [127.20779592661388, 37.70413177304765], [127.20778408346312, 37.70410972009855], [127.2073907319778, 37.70416005069534], [127.20742554264794, 37.70432312781462]]]]}}, {"id": "310", "type": "Feature", "properties": {"pnu": "4136026221100330008", "addr": "\uacbd\uae30\ub3c4 \ub0a8\uc591\uc8fc\uc2dc \uc624\ub0a8\uc74d \uc591\uc9c0\ub9ac 33-8", "jibun": "33-8", "jimok": "\ub2f5", "area_reg": 93.0, "area_geom": 95.0, "incl_ratio": 1.0, "area_incl": 93.0, "zone": "\uc81c1\uc885\uc77c\ubc18\uc8fc\uac70\uc9c0\uc5ed", "use": "\uc8fc\uac70\ub098\uc9c0", "owner": "\uac1c\uc778", "price": 312000.0, "price_year": "2025", "included": true, "free": false, "note": ""}, "geometry": {"type": "MultiPolygon", "coordinates": [[[[127.20731628629105, 37.7043364546206], [127.20748361839868, 37.704390337555346], [127.20749074371452, 37.704420435389856], [127.2075016729242, 37.70442366878652], [127.20749094352368, 37.704361502862255], [127.2075486689134, 37.70435535653997], [127.20754071635255, 37.70430907880639], [127.20742554264794, 37.70432312781462], [127.20731628629105, 37.7043364546206]]]]}}, {"id": "311", "type": "Feature", "properties": {"pnu": "4136026221100330009", "addr": "\uacbd\uae30\ub3c4 \ub0a8\uc591\uc8fc\uc2dc \uc624\ub0a8\uc74d \uc591\uc9c0\ub9ac 33-9", "jibun": "33-9", "jimok": "\ub3c4\ub85c", "area_reg": 140.0, "area_geom": 139.1, "incl_ratio": 1.0, "area_incl": 140.0, "zone": "\uc81c1\uc885\uc77c\ubc18\uc8fc\uac70\uc9c0\uc5ed", "use": "\ub3c4\ub85c\ub4f1", "owner": "\uac1c\uc778", "price": 177800.0, "price_year": "2025", "included": true, "free": false, "note": ""}, "geometry": {"type": "MultiPolygon", "coordinates": [[[[127.20778408346312, 37.70410972009855], [127.20784080763981, 37.704102458186746], [127.20782832767944, 37.70408385705568], [127.20763021896103, 37.70400098126147], [127.20746704754823, 37.703934162402426], [127.20750825694878, 37.703991788284306], [127.20778408346312, 37.70410972009855]]]]}}, {"id": "312", "type": "Feature", "properties": {"pnu": "4136026221100330010", "addr": "\uacbd\uae30\ub3c4 \ub0a8\uc591\uc8fc\uc2dc \uc624\ub0a8\uc74d \uc591\uc9c0\ub9ac 33-10", "jibun": "33-10", "jimok": "\ub2f5", "area_reg": 211.0, "area_geom": 217.3, "incl_ratio": 1.0, "area_incl": 211.0, "zone": "\uc81c1\uc885\uc77c\ubc18\uc8fc\uac70\uc9c0\uc5ed", "use": "\uc8fc\uac70\ub098\uc9c0", "owner": "\uac1c\uc778", "price": 371800.0, "price_year": "2025", "included": true, "free": false, "note": ""}, "geometry": {"type": "MultiPolygon", "coordinates": [[[[127.20732394666406, 37.70369056579335], [127.20743089018677, 37.70384583177346], [127.20746704754823, 37.703934162402426], [127.20763021896103, 37.70400098126147], [127.20762884437217, 37.70394684462022], [127.20757382797214, 37.70392375891265], [127.20747531573836, 37.703930607165866], [127.20743396528822, 37.70382606822004], [127.2074938085082, 37.70370434231014], [127.2074283867024, 37.70366229135437], [127.20732394666406, 37.70369056579335]]]]}}, {"id": "313", "type": "Feature", "properties": {"pnu": "4136026221100330011", "addr": "\uacbd\uae30\ub3c4 \ub0a8\uc591\uc8fc\uc2dc \uc624\ub0a8\uc74d \uc591\uc9c0\ub9ac 33-11", "jibun": "33-11", "jimok": "\ub3c4\ub85c", "area_reg": 107.0, "area_geom": 108.4, "incl_ratio": 1.0, "area_incl": 107.0, "zone": "\uc81c1\uc885\uc77c\ubc18\uc8fc\uac70\uc9c0\uc5ed", "use": "\ub3c4\ub85c\ub4f1", "owner": "\uac1c\uc778", "price": 177800.0, "price_year": "2025", "included": true, "free": false, "note": ""}, "geometry": {"type": "MultiPolygon", "coordinates": [[[[127.20777141501263, 37.70428092578021], [127.2077510959073, 37.70426931182837], [127.20786495918624, 37.70413848159389], [127.20784080763981, 37.704102458186746], [127.20778408346312, 37.70410972009855], [127.20779592661388, 37.70413177304765], [127.20779561246589, 37.704157541222465], [127.2076940380216, 37.704266681674824], [127.20765740901741, 37.70429483782762], [127.20777141501263, 37.70428092578021]]]]}}, {"id": "314", "type": "Feature", "properties": {"pnu": "4136026221100330012", "addr": "\uacbd\uae30\ub3c4 \ub0a8\uc591\uc8fc\uc2dc \uc624\ub0a8\uc74d \uc591\uc9c0\ub9ac 33-12", "jibun": "33-12", "jimok": "\ub2f5", "area_reg": 107.0, "area_geom": 105.9, "incl_ratio": 1.0, "area_incl": 107.0, "zone": "\uc81c1\uc885\uc77c\ubc18\uc8fc\uac70\uc9c0\uc5ed", "use": "\uc8fc\uac70\ub098\uc9c0", "owner": "\uac1c\uc778", "price": 371800.0, "price_year": "2025", "included": true, "free": false, "note": ""}, "geometry": {"type": "MultiPolygon", "coordinates": [[[[127.20778408346312, 37.70410972009855], [127.20768508327971, 37.70406739466011], [127.2073907319778, 37.70416005069534], [127.20778408346312, 37.70410972009855]]]]}}, {"id": "315", "type": "Feature", "properties": {"pnu": "4136026221100350001", "addr": "\uacbd\uae30\ub3c4 \ub0a8\uc591\uc8fc\uc2dc \uc624\ub0a8\uc74d \uc591\uc9c0\ub9ac 35-1", "jibun": "35-1", "jimok": "\ub2f5", "area_reg": 148.7, "area_geom": 148.7, "incl_ratio": 0.0314, "area_incl": 4.7, "zone": "\uc81c1\uc885\uc77c\ubc18\uc8fc\uac70\uc9c0\uc5ed", "use": null, "owner": null, "price": 315100.0, "price_year": "2025", "included": false, "free": false, "note": ""}, "geometry": {"type": "MultiPolygon", "coordinates": [[[[127.20639554254171, 37.703468751862054], [127.20649096491252, 37.70336126296416], [127.20646503007842, 37.70334030652159], [127.20643576479527, 37.70334942109819], [127.2063735267806, 37.70331843689406], [127.20630553315063, 37.70343350024107], [127.20633025457248, 37.703466802060696], [127.20636994616582, 37.703451290559215], [127.20639554254171, 37.703468751862054]]]]}}, {"id": "316", "type": "Feature", "properties": {"pnu": "4136026221100360002", "addr": "\uacbd\uae30\ub3c4 \ub0a8\uc591\uc8fc\uc2dc \uc624\ub0a8\uc74d \uc591\uc9c0\ub9ac 36-2", "jibun": "36-2", "jimok": "\ub300", "area_reg": 710.0, "area_geom": 714.3, "incl_ratio": 0.0824, "area_incl": 58.5, "zone": "\uc81c1\uc885\uc77c\ubc18\uc8fc\uac70\uc9c0\uc5ed", "use": "\ub2e8\ub3c5", "owner": "\uac1c\uc778", "price": 509500.0, "price_year": "2025", "included": true, "free": false, "note": ""}, "geometry": {"type": "MultiPolygon", "coordinates": [[[[127.20623807981391, 37.70306886124409], [127.20593602422203, 37.703448106325155], [127.20612512900564, 37.70347436587481], [127.20635600092794, 37.70318435853758], [127.20636417177967, 37.70314544062855], [127.20627889309412, 37.70309430574433], [127.20623807981391, 37.70306886124409]]]]}}, {"id": "317", "type": "Feature", "properties": {"pnu": "4136026221100360003", "addr": "\uacbd\uae30\ub3c4 \ub0a8\uc591\uc8fc\uc2dc \uc624\ub0a8\uc74d \uc591\uc9c0\ub9ac 36-3", "jibun": "36-3", "jimok": "\ub2f5", "area_reg": 414.0, "area_geom": 416.3, "incl_ratio": 0.4046, "area_incl": 167.5, "zone": "\uc81c1\uc885\uc77c\ubc18\uc8fc\uac70\uc9c0\uc5ed", "use": "\uc8fc\uac70\ub098\uc9c0", "owner": "\uac1c\uc778", "price": 375300.0, "price_year": "2025", "included": true, "free": false, "note": ""}, "geometry": {"type": "MultiPolygon", "coordinates": [[[[127.20635600092794, 37.70318435853758], [127.20612512900564, 37.70347436587481], [127.20621268217609, 37.70348652112752], [127.20629468739159, 37.703542977439774], [127.20644888261434, 37.70350515731317], [127.20639555400534, 37.70346879689044], [127.20636994616582, 37.703451290559215], [127.20633025457248, 37.703466802060696], [127.20630553315063, 37.70343350024107], [127.2063735267806, 37.70331843689406], [127.20632809050198, 37.70329435190609], [127.20638455546107, 37.70323427651321], [127.20635600092794, 37.70318435853758]]]]}}, {"id": "318", "type": "Feature", "properties": {"pnu": "4136026221100360004", "addr": "\uacbd\uae30\ub3c4 \ub0a8\uc591\uc8fc\uc2dc \uc624\ub0a8\uc74d \uc591\uc9c0\ub9ac 36-4", "jibun": "36-4", "jimok": "\ub2f5", "area_reg": 937.7, "area_geom": 937.7, "incl_ratio": 0.0051, "area_incl": 4.8, "zone": "\uc81c1\uc885\uc77c\ubc18\uc8fc\uac70\uc9c0\uc5ed", "use": null, "owner": null, "price": 375300.0, "price_year": "2025", "included": false, "free": false, "note": ""}, "geometry": {"type": "MultiPolygon", "coordinates": [[[[127.20623807981391, 37.70306886124409], [127.20619725497431, 37.703043326652995], [127.20620996761672, 37.70300654516982], [127.20614041353538, 37.70297056416762], [127.20602627666413, 37.70294034554538], [127.20598751464178, 37.702992839979935], [127.20598151347741, 37.70308275779385], [127.20587724391179, 37.70319782072279], [127.20579490247859, 37.703221073169075], [127.20581360323548, 37.703254736904555], [127.2058380408578, 37.70323845014713], [127.20584689018116, 37.70330615142485], [127.20592051870692, 37.70337225384094], [127.20592513396717, 37.70344659356028], [127.20593602422203, 37.703448106325155], [127.20623807981391, 37.70306886124409]]]]}}, {"id": "319", "type": "Feature", "properties": {"pnu": "4136026221100420009", "addr": "\uacbd\uae30\ub3c4 \ub0a8\uc591\uc8fc\uc2dc \uc624\ub0a8\uc74d \uc591\uc9c0\ub9ac 42-9", "jibun": "42-9", "jimok": "\uad6c\uac70", "area_reg": 953.1, "area_geom": 953.1, "incl_ratio": 0.0112, "area_incl": 10.7, "zone": "\uc81c1\uc885\uc77c\ubc18\uc8fc\uac70\uc9c0\uc5ed", "use": null, "owner": null, "price": 126500.0, "price_year": "2025", "included": false, "free": false, "note": ""}, "geometry": {"type": "MultiPolygon", "coordinates": [[[[127.2059000974929, 37.7034554213742], [127.20592134797022, 37.70345538454178], [127.20592513396717, 37.70344659356028], [127.20592051870692, 37.70337225384094], [127.20584689018116, 37.70330615142485], [127.2058380408578, 37.70323845014713], [127.20581360323548, 37.703254736904555], [127.20579490247859, 37.703221073169075], [127.20572352682525, 37.70314111892236], [127.20565716863874, 37.70311268219763], [127.20548178611291, 37.702945784378], [127.20550834164666, 37.7028830402106], [127.20539562277771, 37.70269968130516], [127.2054977957135, 37.70263883355448], [127.20557419276429, 37.70256938104434], [127.2056477676217, 37.7025252865582], [127.20562732732675, 37.70245263198535], [127.20557225341784, 37.702395524951214], [127.2055091821996, 37.70232903464717], [127.2055064870193, 37.702326219285034], [127.20547817034605, 37.70229655439759], [127.20546842438952, 37.702286336277005], [127.20535471873306, 37.7021729210303], [127.2053373451512, 37.7021558146813], [127.20526155422044, 37.702057190738955], [127.20518690406206, 37.70196098837516], [127.2051006423222, 37.70183984023212], [127.20512696500079, 37.70176246484777], [127.20510195657518, 37.70172332499858], [127.20504562481666, 37.70171179976875], [127.20504028410474, 37.70174089217923], [127.20506456466956, 37.70185391253568], [127.20510826358493, 37.702018560769126], [127.20521140468385, 37.702046573893554], [127.2053154359195, 37.70218432308027], [127.20538523922067, 37.702270316780705], [127.20539691788024, 37.70228236052827], [127.20544282498632, 37.702329635936934], [127.20558027916717, 37.70248143621123], [127.20558330245231, 37.702521208637464], [127.20555139089589, 37.70255768991827], [127.2054727200582, 37.70260430685354], [127.20534238256258, 37.70267035679299], [127.2053426081398, 37.702707187900465], [127.20546430595782, 37.70288157572456], [127.20547237780609, 37.70298019953732], [127.20560998705946, 37.703097105073056], [127.20572551477125, 37.70319613747957], [127.2058247188886, 37.70330533392139], [127.2059000974929, 37.7034554213742]]]]}}, {"id": "320", "type": "Feature", "properties": {"pnu": "4136026221101190001", "addr": "\uacbd\uae30\ub3c4 \ub0a8\uc591\uc8fc\uc2dc \uc624\ub0a8\uc74d \uc591\uc9c0\ub9ac 119-1", "jibun": "119-1", "jimok": "\ub3c4\ub85c", "area_reg": 1593.0, "area_geom": 1585.2, "incl_ratio": 0.0599, "area_incl": 95.4, "zone": "\uc81c2\uc885\uc77c\ubc18\uc8fc\uac70\uc9c0\uc5ed", "use": "\ub3c4\ub85c\ub4f1", "owner": "\uad6d\uc720\uc9c0", "price": 173500.0, "price_year": "2025", "included": true, "free": false, "note": ""}, "geometry": {"type": "MultiPolygon", "coordinates": [[[[127.20246817979334, 37.70144521830578], [127.20244086960867, 37.70142657879657], [127.20233165332716, 37.70144091000095], [127.20235230944806, 37.701426729651786], [127.20232866146418, 37.70142894125205], [127.20228042431742, 37.7014417720573], [127.20216507772527, 37.70146192477712], [127.20215927468116, 37.70146293472333], [127.20208539390237, 37.70147382695023], [127.20210355628699, 37.701409467056514], [127.20213160728308, 37.70132853958416], [127.20211059480528, 37.70132830503824], [127.20206423612359, 37.701461762954175], [127.20199116694388, 37.70155508315827], [127.2019745545626, 37.70157186937288], [127.20188964122057, 37.70165468635784], [127.20182295254108, 37.70173839131212], [127.20182074038473, 37.70175067524123], [127.20180798165057, 37.7018216299938], [127.20176884568994, 37.70191305444553], [127.20171026590754, 37.70196781553365], [127.20165591123929, 37.70204202128477], [127.20151398515544, 37.70213443092398], [127.20144957597807, 37.702176326958565], [127.2012231881322, 37.702326207898096], [127.20109989342505, 37.70241075608525], [127.20093303566783, 37.70251364040315], [127.20083885264255, 37.70256144272746], [127.20081035993424, 37.70257549189888], [127.20077168694917, 37.702603243942406], [127.20063351404097, 37.702700619507524], [127.20055758097563, 37.70275029182866], [127.20047984561668, 37.7028002644603], [127.20030624896454, 37.70291534932882], [127.20026229706517, 37.70297072471702], [127.20026086179904, 37.702972547087676], [127.2002174152833, 37.70300911844234], [127.2001316517855, 37.7030848990317], [127.19985007060474, 37.70309940098896], [127.19967568420569, 37.70303344610734], [127.19953774181701, 37.702949752818405], [127.19950207120384, 37.702891493167485], [127.19943163813737, 37.70283073310788], [127.1994231015508, 37.70258413495064], [127.19941741993986, 37.7024858400543], [127.19941229604363, 37.70241391550384], [127.1993940552659, 37.70255213632266], [127.19939561724269, 37.70259371329541], [127.1994070034497, 37.702756300579935], [127.19940386465635, 37.702816877807706], [127.19939966038734, 37.70295014677781], [127.19939651540389, 37.703102253170435], [127.19939089056803, 37.70322583012137], [127.19932255444797, 37.703408075076936], [127.1992162379808, 37.70348659236873], [127.199214825844, 37.70350567719895], [127.19927341663421, 37.70346672028915], [127.19957661408367, 37.70326517886967], [127.19977824312525, 37.70314966053854], [127.19983695565662, 37.70312682142743], [127.20015462601104, 37.703106195214716], [127.2001582786878, 37.70311093715377], [127.20022401010749, 37.7030710307367], [127.20034856597694, 37.7029526590748], [127.20048012380683, 37.70284919546659], [127.20054149875833, 37.70281290909589], [127.2005333394711, 37.70279789474947], [127.20064312513271, 37.702724235623386], [127.20096255935616, 37.70252042880808], [127.20096501910167, 37.70253277689539], [127.20121764906396, 37.70238760912104], [127.20124616935695, 37.702371217291905], [127.20130475117742, 37.70232964658036], [127.20147928524844, 37.70220580125162], [127.20153112923003, 37.702159295546565], [127.20152957660692, 37.70214696395112], [127.20158295049235, 37.70211279886661], [127.20159302534867, 37.70210636689369], [127.20168173156165, 37.70205058168943], [127.20170665140976, 37.70201523952787], [127.20173741144293, 37.70197160756464], [127.20174423229184, 37.70196534327736], [127.20177918486614, 37.70193323655356], [127.2017974981371, 37.70191639342065], [127.20183317068363, 37.70182738042289], [127.20185920573836, 37.70176406132782], [127.2018681445733, 37.70174424290077], [127.20186956492125, 37.701741114134386], [127.20191695151341, 37.70166074850317], [127.20199645714054, 37.70158258967867], [127.20207456370105, 37.70149026097749], [127.20214959868179, 37.70148267334045], [127.20229663988437, 37.70147129614848], [127.20234636310776, 37.70145868804745], [127.20246817979334, 37.70144521830578]], [[127.199372483051, 37.703382466945946], [127.19941554387091, 37.703209102857954], [127.19942941976186, 37.70308396239635], [127.19943272123496, 37.7029694170215], [127.19943667872514, 37.7028713041674], [127.19948439053506, 37.70290771321323], [127.19952831346589, 37.7029691394238], [127.19959019967762, 37.70301824626759], [127.19966143255435, 37.703051336214344], [127.19982691265223, 37.70310700805091], [127.19975816200464, 37.70312889098884], [127.19959115367749, 37.70322336763797], [127.199372483051, 37.703382466945946]]]]}}, {"id": "321", "type": "Feature", "properties": {"pnu": "4136026221101730012", "addr": "\uacbd\uae30\ub3c4 \ub0a8\uc591\uc8fc\uc2dc \uc624\ub0a8\uc74d \uc591\uc9c0\ub9ac 173-12", "jibun": "173-12", "jimok": "\ub300", "area_reg": 7.0, "area_geom": 6.6, "incl_ratio": 1.0, "area_incl": 7.0, "zone": "\uc81c1\uc885\uc77c\ubc18\uc8fc\uac70\uc9c0\uc5ed", "use": "\ub2e8\ub3c5", "owner": "\ubc95\uc778", "price": 495100.0, "price_year": "2025", "included": true, "free": false, "note": ""}, "geometry": {"type": "MultiPolygon", "coordinates": [[[[127.20108849657781, 37.7032649634216], [127.20110273704515, 37.7032853101654], [127.20113725817917, 37.70327804400497], [127.20111135564765, 37.70326010456482], [127.20108849657781, 37.7032649634216]]]]}}, {"id": "322", "type": "Feature", "properties": {"pnu": "4136026221101720004", "addr": "\uacbd\uae30\ub3c4 \ub0a8\uc591\uc8fc\uc2dc \uc624\ub0a8\uc74d \uc591\uc9c0\ub9ac 172-4", "jibun": "172-4", "jimok": "\ub2f5", "area_reg": 259.0, "area_geom": 258.3, "incl_ratio": 0.9314, "area_incl": 241.2, "zone": "\uc81c2\uc885\uc77c\ubc18\uc8fc\uac70\uc9c0\uc5ed", "use": "\uc8fc\uac70\ub098\uc9c0", "owner": "\ubc95\uc778", "price": 417900.0, "price_year": "2025", "included": true, "free": false, "note": ""}, "geometry": {"type": "MultiPolygon", "coordinates": [[[[127.20074280989475, 37.70323214912422], [127.20065995617732, 37.70334428817235], [127.20081160534528, 37.70320589585123], [127.20086245272374, 37.70315945519873], [127.20094688666111, 37.70315482562676], [127.20093394043568, 37.70312232264133], [127.20074378301473, 37.70303645762735], [127.20070281094303, 37.70301028169446], [127.20068605053237, 37.70305673679074], [127.20066295400694, 37.703091508043485], [127.20079782586821, 37.70315862742383], [127.20074280989475, 37.70323214912422]]]]}}, {"id": "323", "type": "Feature", "properties": {"pnu": "4136026221101730009", "addr": "\uacbd\uae30\ub3c4 \ub0a8\uc591\uc8fc\uc2dc \uc624\ub0a8\uc74d \uc591\uc9c0\ub9ac 173-9", "jibun": "173-9", "jimok": "\uacf5\uc7a5\uc6a9\uc9c0", "area_reg": 28.0, "area_geom": 28.0, "incl_ratio": 1.0, "area_incl": 28.0, "zone": "\uc81c2\uc885\uc77c\ubc18\uc8fc\uac70\uc9c0\uc5ed", "use": "\uacf5\uc5c5\uc6a9", "owner": "\ubc95\uc778", "price": 504500.0, "price_year": "2025", "included": true, "free": false, "note": ""}, "geometry": {"type": "MultiPolygon", "coordinates": [[[[127.20111135564765, 37.70326010456482], [127.2009989411129, 37.70318226209954], [127.20102400218887, 37.703233205378595], [127.20106859547694, 37.70326919560193], [127.20108849657781, 37.7032649634216], [127.20111135564765, 37.70326010456482]]]]}}, {"id": "324", "type": "Feature", "properties": {"pnu": "4136026221101730001", "addr": "\uacbd\uae30\ub3c4 \ub0a8\uc591\uc8fc\uc2dc \uc624\ub0a8\uc74d \uc591\uc9c0\ub9ac 173-1", "jibun": "173-1", "jimok": "\uad6c\uac70", "area_reg": 34.0, "area_geom": 31.6, "incl_ratio": 1.0, "area_incl": 34.0, "zone": "\uc81c1\uc885\uc77c\ubc18\uc8fc\uac70\uc9c0\uc5ed", "use": "\ud558\ucc9c\ub4f1", "owner": "\ubc95\uc778", "price": 77600.0, "price_year": "2025", "included": true, "free": false, "note": ""}, "geometry": {"type": "MultiPolygon", "coordinates": [[[[127.20146886938466, 37.70339827472683], [127.20149393928024, 37.70343546914581], [127.20154122392513, 37.70343055977282], [127.20152283384013, 37.70335988314329], [127.20151227778918, 37.70337720860558], [127.20146199283073, 37.70338807844019], [127.20146886938466, 37.70339827472683]]]]}}, {"id": "325", "type": "Feature", "properties": {"pnu": "4136026221102010001", "addr": "\uacbd\uae30\ub3c4 \ub0a8\uc591\uc8fc\uc2dc \uc624\ub0a8\uc74d \uc591\uc9c0\ub9ac 201-1", "jibun": "201-1", "jimok": "\ub300", "area_reg": 180.0, "area_geom": 192.6, "incl_ratio": 1.0, "area_incl": 180.0, "zone": "\uc81c1\uc885\uc77c\ubc18\uc8fc\uac70\uc9c0\uc5ed", "use": "\uc5f0\ub9bd", "owner": "\uac1c\uc778", "price": 544500.0, "price_year": "2025", "included": true, "free": false, "note": ""}, "geometry": {"type": "MultiPolygon", "coordinates": [[[[127.20056805018281, 37.70704297125924], [127.20058946505885, 37.70696833515897], [127.20057816428539, 37.70690252068044], [127.20048210019107, 37.70687664489952], [127.20043786597935, 37.70704785793975], [127.20043996743085, 37.70705765690024], [127.20056805018281, 37.70704297125924]]]]}}, {"id": "326", "type": "Feature", "properties": {"pnu": "4136026221101810001", "addr": "\uacbd\uae30\ub3c4 \ub0a8\uc591\uc8fc\uc2dc \uc624\ub0a8\uc74d \uc591\uc9c0\ub9ac 181-1", "jibun": "181-1", "jimok": "\uc804", "area_reg": 236.0, "area_geom": 235.9, "incl_ratio": 1.0, "area_incl": 236.0, "zone": "\uc81c2\uc885\uc77c\ubc18\uc8fc\uac70\uc9c0\uc5ed", "use": "\uc804", "owner": "\ubc95\uc778", "price": 196100.0, "price_year": "2025", "included": true, "free": false, "note": ""}, "geometry": {"type": "MultiPolygon", "coordinates": [[[[127.20196346996721, 37.70381433908933], [127.20160774911884, 37.70356801542885], [127.20166144320156, 37.70371162840071], [127.20178908914167, 37.70374755844692], [127.20182775778491, 37.703802397641184], [127.20199838032632, 37.703858904592465], [127.20196346996721, 37.70381433908933]]]]}}, {"id": "327", "type": "Feature", "properties": {"pnu": "4136026221101730002", "addr": "\uacbd\uae30\ub3c4 \ub0a8\uc591\uc8fc\uc2dc \uc624\ub0a8\uc74d \uc591\uc9c0\ub9ac 173-2", "jibun": "173-2", "jimok": "\ub3c4\ub85c", "area_reg": 18.0, "area_geom": 17.7, "incl_ratio": 1.0, "area_incl": 18.0, "zone": "\uc81c1\uc885\uc77c\ubc18\uc8fc\uac70\uc9c0\uc5ed", "use": "\ub3c4\ub85c\ub4f1", "owner": "\ubc95\uc778", "price": 191600.0, "price_year": "2025", "included": true, "free": false, "note": ""}, "geometry": {"type": "MultiPolygon", "coordinates": [[[[127.20093394043568, 37.70312232264133], [127.20094688666111, 37.70315482562676], [127.2009584287258, 37.703154193449784], [127.2009989411129, 37.70318226209954], [127.20096258088884, 37.70310832724924], [127.20093394043568, 37.70312232264133]]]]}}, {"id": "328", "type": "Feature", "properties": {"pnu": "4136026221101680001", "addr": "\uacbd\uae30\ub3c4 \ub0a8\uc591\uc8fc\uc2dc \uc624\ub0a8\uc74d \uc591\uc9c0\ub9ac 168-1", "jibun": "168-1", "jimok": "\uc804", "area_reg": 1597.0, "area_geom": 1617.4, "incl_ratio": 0.5701, "area_incl": 910.4, "zone": "\uc81c2\uc885\uc77c\ubc18\uc8fc\uac70\uc9c0\uc5ed", "use": "\uc8fc\uac70\ub098\uc9c0", "owner": "\uac1c\uc778", "price": 509600.0, "price_year": "2025", "included": true, "free": false, "note": ""}, "geometry": {"type": "MultiPolygon", "coordinates": [[[[127.20051408562583, 37.7032860256753], [127.20056249667392, 37.7032698166783], [127.20061410932524, 37.70317024486667], [127.20062284854666, 37.70315192247905], [127.20066295400694, 37.703091508043485], [127.20068605053237, 37.70305673679074], [127.20070281094303, 37.70301028169446], [127.20074212962288, 37.70295676996073], [127.20076284322533, 37.70290024438401], [127.20066636537229, 37.702857674524886], [127.20062033958847, 37.70281589335223], [127.20057233290876, 37.702805099733546], [127.20054149875833, 37.70281290909589], [127.20048012380683, 37.70284919546659], [127.20034856597694, 37.7029526590748], [127.20022401010749, 37.7030710307367], [127.2001582786878, 37.70311093715377], [127.20023501873867, 37.70321040967369], [127.20038223526846, 37.7032547863588], [127.20047031968173, 37.703300686163544], [127.20051408562583, 37.7032860256753]]]]}}, {"id": "329", "type": "Feature", "properties": {"pnu": "4136026221101730013", "addr": "\uacbd\uae30\ub3c4 \ub0a8\uc591\uc8fc\uc2dc \uc624\ub0a8\uc74d \uc591\uc9c0\ub9ac 173-13", "jibun": "173-13", "jimok": "\uc804", "area_reg": 228.0, "area_geom": 225.2, "incl_ratio": 1.0, "area_incl": 228.0, "zone": "\uc81c2\uc885\uc77c\ubc18\uc8fc\uac70\uc9c0\uc5ed", "use": "\uc8fc\uac70\ub098\uc9c0", "owner": "\ubc95\uc778", "price": 509600.0, "price_year": "2025", "included": true, "free": false, "note": ""}, "geometry": {"type": "MultiPolygon", "coordinates": [[[[127.20110273704515, 37.7032853101654], [127.20108129450098, 37.70328982425617], [127.20111497251595, 37.703344509960914], [127.20112842832495, 37.70336402013093], [127.20113171115658, 37.70342110879759], [127.20115312696609, 37.70344466884728], [127.20125108594222, 37.703430276716226], [127.20138123688325, 37.70341115393378], [127.20133979268527, 37.7033824563194], [127.20121487496247, 37.70333179937704], [127.20113725817917, 37.70327804400497], [127.20110273704515, 37.7032853101654]]]]}}, {"id": "330", "type": "Feature", "properties": {"pnu": "4136026221101710001", "addr": "\uacbd\uae30\ub3c4 \ub0a8\uc591\uc8fc\uc2dc \uc624\ub0a8\uc74d \uc591\uc9c0\ub9ac 171-1", "jibun": "171-1", "jimok": "\ub2f5", "area_reg": 3088.0, "area_geom": 3044.8, "incl_ratio": 0.538, "area_incl": 1661.3, "zone": "\uc81c2\uc885\uc77c\ubc18\uc8fc\uac70\uc9c0\uc5ed", "use": "\uc8fc\uac70\ub098\uc9c0", "owner": "\uac1c\uc778", "price": 484600.0, "price_year": "2025", "included": true, "free": false, "note": ""}, "geometry": {"type": "MultiPolygon", "coordinates": [[[[127.19927500675577, 37.70357440109488], [127.19939375551458, 37.70356561568849], [127.19948248034845, 37.703549672839735], [127.19961867309335, 37.70352519012072], [127.19973397108673, 37.70352365393636], [127.19985805725162, 37.70353485152919], [127.20002243672675, 37.70358981317332], [127.20017565980633, 37.70356890500703], [127.20021378904083, 37.70354958712178], [127.20026989923211, 37.70354159109316], [127.20032233520251, 37.70352929461413], [127.20040779989213, 37.703468884877594], [127.20044158506674, 37.70344500634672], [127.20053029674298, 37.70338610466656], [127.20044359832205, 37.70331999389877], [127.20037069146485, 37.70328873621081], [127.20023485658207, 37.70325586368998], [127.20012809477961, 37.7031330166168], [127.20012504481434, 37.70313316590814], [127.20005021492354, 37.70318859321569], [127.19988015477638, 37.70323136896245], [127.19954080561004, 37.70331715267623], [127.19941528896342, 37.70341607323293], [127.19934584660179, 37.70345091298375], [127.19932209771734, 37.70346663864257], [127.19927791566148, 37.703495534651154], [127.19927500675577, 37.70357440109488]]]]}}, {"id": "331", "type": "Feature", "properties": {"pnu": "4136026221101850010", "addr": "\uacbd\uae30\ub3c4 \ub0a8\uc591\uc8fc\uc2dc \uc624\ub0a8\uc74d \uc591\uc9c0\ub9ac 185-10", "jibun": "185-10", "jimok": "\ub3c4\ub85c", "area_reg": 87.0, "area_geom": 88.2, "incl_ratio": 1.0, "area_incl": 87.0, "zone": "\uc81c2\uc885\uc77c\ubc18\uc8fc\uac70\uc9c0\uc5ed", "use": "\ub3c4\ub85c\ub4f1", "owner": "\ubc95\uc778", "price": 168100.0, "price_year": "2025", "included": true, "free": false, "note": ""}, "geometry": {"type": "MultiPolygon", "coordinates": [[[[127.20080464113023, 37.70437859604941], [127.20096058471114, 37.704407559743466], [127.2009805009745, 37.70436655012498], [127.20090217012459, 37.704309029778685], [127.20080464113023, 37.70437859604941]]]]}}, {"id": "332", "type": "Feature", "properties": {"pnu": "4136026221101710002", "addr": "\uacbd\uae30\ub3c4 \ub0a8\uc591\uc8fc\uc2dc \uc624\ub0a8\uc74d \uc591\uc9c0\ub9ac 171-2", "jibun": "171-2", "jimok": "\ub3c4\ub85c", "area_reg": 215.0, "area_geom": 221.9, "incl_ratio": 0.2371, "area_incl": 51.0, "zone": "\uc81c2\uc885\uc77c\ubc18\uc8fc\uac70\uc9c0\uc5ed", "use": "\ub3c4\ub85c\ub4f1", "owner": "\uad6d\uc720\uc9c0", "price": 168100.0, "price_year": "2025", "included": true, "free": false, "note": ""}, "geometry": {"type": "MultiPolygon", "coordinates": [[[[127.19954080561004, 37.70331715267623], [127.19988015477638, 37.70323136896245], [127.20005021492354, 37.70318859321569], [127.20012504481434, 37.70313316590814], [127.20006420447649, 37.70313623253747], [127.19996897715875, 37.70317138635657], [127.19983298235172, 37.7031847512253], [127.19974901781448, 37.70320387575652], [127.1996832320101, 37.70324479108182], [127.19954080561004, 37.70331715267623]]]]}}, {"id": "333", "type": "Feature", "properties": {"pnu": "4136026221101710003", "addr": "\uacbd\uae30\ub3c4 \ub0a8\uc591\uc8fc\uc2dc \uc624\ub0a8\uc74d \uc591\uc9c0\ub9ac 171-3", "jibun": "171-3", "jimok": "\ub2f5", "area_reg": 63.0, "area_geom": 70.6, "incl_ratio": 0.1792, "area_incl": 11.3, "zone": "\uc81c2\uc885\uc77c\ubc18\uc8fc\uac70\uc9c0\uc5ed", "use": "\uc8fc\uac70\ub098\uc9c0", "owner": "\uac1c\uc778", "price": 498800.0, "price_year": "2025", "included": true, "free": false, "note": ""}, "geometry": {"type": "MultiPolygon", "coordinates": [[[[127.19974901781448, 37.70320387575652], [127.19983298235172, 37.7031847512253], [127.19996897715875, 37.70317138635657], [127.20006420447649, 37.70313623253747], [127.19987188734427, 37.70314594424631], [127.19982061115896, 37.70315934676376], [127.19974901781448, 37.70320387575652]]]]}}, {"id": "334", "type": "Feature", "properties": {"pnu": "4136026221101820001", "addr": "\uacbd\uae30\ub3c4 \ub0a8\uc591\uc8fc\uc2dc \uc624\ub0a8\uc74d \uc591\uc9c0\ub9ac 182-1", "jibun": "182-1", "jimok": "\ub2f5", "area_reg": 377.0, "area_geom": 384.0, "incl_ratio": 1.0, "area_incl": 377.0, "zone": "\uc81c2\uc885\uc77c\ubc18\uc8fc\uac70\uc9c0\uc5ed", "use": "\uc8fc\uac70\uae30\ud0c0", "owner": "\ubc95\uc778", "price": 418800.0, "price_year": "2025", "included": true, "free": false, "note": ""}, "geometry": {"type": "MultiPolygon", "coordinates": [[[[127.20050952823718, 37.70348159707568], [127.20055448644986, 37.703573527862154], [127.20066609875866, 37.70358458348358], [127.20079227160615, 37.703599993090336], [127.20084005786931, 37.70362990549053], [127.20089942508021, 37.70353817687736], [127.20073201801273, 37.70350040299436], [127.20067060786779, 37.70346436896961], [127.20058728922089, 37.70341550610221], [127.20058387126907, 37.7034137459784], [127.20050952823718, 37.70348159707568]]]]}}, {"id": "335", "type": "Feature", "properties": {"pnu": "4136026221101710004", "addr": "\uacbd\uae30\ub3c4 \ub0a8\uc591\uc8fc\uc2dc \uc624\ub0a8\uc74d \uc591\uc9c0\ub9ac 171-4", "jibun": "171-4", "jimok": "\uad6c\uac70", "area_reg": 435.0, "area_geom": 439.3, "incl_ratio": 0.5005, "area_incl": 217.7, "zone": "\uc81c2\uc885\uc77c\ubc18\uc8fc\uac70\uc9c0\uc5ed", "use": "\ud558\ucc9c\ub4f1", "owner": "\uad6d\uc720\uc9c0", "price": 168100.0, "price_year": "2025", "included": true, "free": false, "note": ""}, "geometry": {"type": "MultiPolygon", "coordinates": [[[[127.20060457234234, 37.703394844800705], [127.2005662833389, 37.70337554767375], [127.20047031968173, 37.703300686163544], [127.20038223526846, 37.7032547863588], [127.20023501873867, 37.70321040967369], [127.2001582786878, 37.70311093715377], [127.20015462601104, 37.703106195214716], [127.19983695565662, 37.70312682142743], [127.19977824312525, 37.70314966053854], [127.19957661408367, 37.70326517886967], [127.19927341663421, 37.70346672028915], [127.19932209771734, 37.70346663864257], [127.19934584660179, 37.70345091298375], [127.19941528896342, 37.70341607323293], [127.19954080561004, 37.70331715267623], [127.1996832320101, 37.70324479108182], [127.19974901781448, 37.70320387575652], [127.19982061115896, 37.70315934676376], [127.19987188734427, 37.70314594424631], [127.20006420447649, 37.70313623253747], [127.20012504481434, 37.70313316590814], [127.20012809477961, 37.7031330166168], [127.20023485658207, 37.70325586368998], [127.20037069146485, 37.70328873621081], [127.20044359832205, 37.70331999389877], [127.20053029674298, 37.70338610466656], [127.20058387126907, 37.7034137459784], [127.20060457234234, 37.703394844800705]]]]}}, {"id": "336", "type": "Feature", "properties": {"pnu": "4136026221101710005", "addr": "\uacbd\uae30\ub3c4 \ub0a8\uc591\uc8fc\uc2dc \uc624\ub0a8\uc74d \uc591\uc9c0\ub9ac 171-5", "jibun": "171-5", "jimok": "\uad6c\uac70", "area_reg": 8.0, "area_geom": 8.7, "incl_ratio": 1.0, "area_incl": 8.0, "zone": "\uc81c2\uc885\uc77c\ubc18\uc8fc\uac70\uc9c0\uc5ed", "use": "\ud558\ucc9c\ub4f1", "owner": "\ubc95\uc778", "price": 168100.0, "price_year": "2025", "included": true, "free": false, "note": ""}, "geometry": {"type": "MultiPolygon", "coordinates": [[[[127.20058819248021, 37.70340980146177], [127.20068113904505, 37.70343343002649], [127.20060457234234, 37.703394844800705], [127.20058819248021, 37.70340980146177]]]]}}, {"id": "337", "type": "Feature", "properties": {"pnu": "4136026221101710006", "addr": "\uacbd\uae30\ub3c4 \ub0a8\uc591\uc8fc\uc2dc \uc624\ub0a8\uc74d \uc591\uc9c0\ub9ac 171-6", "jibun": "171-6", "jimok": "\uad6c\uac70", "area_reg": 31.0, "area_geom": 29.6, "incl_ratio": 1.0, "area_incl": 31.0, "zone": "\uc81c2\uc885\uc77c\ubc18\uc8fc\uac70\uc9c0\uc5ed", "use": "\ud558\ucc9c\ub4f1", "owner": "\uad6d\uc720\uc9c0", "price": 168100.0, "price_year": "2025", "included": true, "free": false, "note": ""}, "geometry": {"type": "MultiPolygon", "coordinates": [[[[127.20077788086856, 37.70346418775662], [127.2007710007748, 37.703461109068094], [127.20073882244446, 37.703462496864184], [127.20068113904505, 37.70343343002649], [127.20058819248021, 37.70340980146177], [127.20058387126907, 37.7034137459784], [127.20058728922089, 37.70341550610221], [127.20067060786779, 37.70346436896961], [127.20073601491536, 37.703464258491096], [127.20077788086856, 37.70346418775662]]]]}}, {"id": "338", "type": "Feature", "properties": {"pnu": "4136026221101710007", "addr": "\uacbd\uae30\ub3c4 \ub0a8\uc591\uc8fc\uc2dc \uc624\ub0a8\uc74d \uc591\uc9c0\ub9ac 171-7", "jibun": "171-7", "jimok": "\uad6c\uac70", "area_reg": 33.0, "area_geom": 34.2, "incl_ratio": 1.0, "area_incl": 33.0, "zone": "\uc81c2\uc885\uc77c\ubc18\uc8fc\uac70\uc9c0\uc5ed", "use": "\ud558\ucc9c\ub4f1", "owner": "\ubc95\uc778", "price": 168100.0, "price_year": "2025", "included": true, "free": false, "note": ""}, "geometry": {"type": "MultiPolygon", "coordinates": [[[[127.20115064886897, 37.703463557292295], [127.20118022265076, 37.70346350722357], [127.20115312696609, 37.70344466884728], [127.2007710007748, 37.703461109068094], [127.20077788086856, 37.70346418775662], [127.20101211248303, 37.70346379173714], [127.20103425049406, 37.70346065496053], [127.2010952864485, 37.70345433501188], [127.20114922683949, 37.7034533968018], [127.20115064886897, 37.703463557292295]]]]}}, {"id": "339", "type": "Feature", "properties": {"pnu": "4136026221101710008", "addr": "\uacbd\uae30\ub3c4 \ub0a8\uc591\uc8fc\uc2dc \uc624\ub0a8\uc74d \uc591\uc9c0\ub9ac 171-8", "jibun": "171-8", "jimok": "\uad6c\uac70", "area_reg": 9.0, "area_geom": 9.3, "incl_ratio": 1.0, "area_incl": 9.0, "zone": "\uc81c2\uc885\uc77c\ubc18\uc8fc\uac70\uc9c0\uc5ed", "use": "\ud558\ucc9c\ub4f1", "owner": "\uad6d\uc720\uc9c0", "price": 168100.0, "price_year": "2025", "included": true, "free": false, "note": ""}, "geometry": {"type": "MultiPolygon", "coordinates": [[[[127.20101211248303, 37.70346379173714], [127.20115064886897, 37.703463557292295], [127.20114922683949, 37.7034533968018], [127.2010952864485, 37.70345433501188], [127.20103425049406, 37.70346065496053], [127.20101211248303, 37.70346379173714]]]]}}, {"id": "340", "type": "Feature", "properties": {"pnu": "4136026221101720001", "addr": "\uacbd\uae30\ub3c4 \ub0a8\uc591\uc8fc\uc2dc \uc624\ub0a8\uc74d \uc591\uc9c0\ub9ac 172-1", "jibun": "172-1", "jimok": "\uc7a1\uc885\uc9c0", "area_reg": 197.0, "area_geom": 197.6, "incl_ratio": 1.0, "area_incl": 197.0, "zone": "\uc81c2\uc885\uc77c\ubc18\uc8fc\uac70\uc9c0\uc5ed", "use": "\uacf5\uc5c5\uc6a9", "owner": "\ubc95\uc778", "price": 525400.0, "price_year": "2025", "included": true, "free": false, "note": ""}, "geometry": {"type": "MultiPolygon", "coordinates": [[[[127.20074280989475, 37.70323214912422], [127.20061410932524, 37.70317024486667], [127.20056249667392, 37.7032698166783], [127.20051408562583, 37.7032860256753], [127.20065180976071, 37.70335531173535], [127.20074280989475, 37.70323214912422]]]]}}, {"id": "341", "type": "Feature", "properties": {"pnu": "4136026221101720002", "addr": "\uacbd\uae30\ub3c4 \ub0a8\uc591\uc8fc\uc2dc \uc624\ub0a8\uc74d \uc591\uc9c0\ub9ac 172-2", "jibun": "172-2", "jimok": "\ub2f5", "area_reg": 77.0, "area_geom": 76.6, "incl_ratio": 1.0, "area_incl": 77.0, "zone": "\uc81c2\uc885\uc77c\ubc18\uc8fc\uac70\uc9c0\uc5ed", "use": "\uc8fc\uac70\ub098\uc9c0", "owner": "\ubc95\uc778", "price": 418800.0, "price_year": "2025", "included": true, "free": false, "note": ""}, "geometry": {"type": "MultiPolygon", "coordinates": [[[[127.20047031968173, 37.703300686163544], [127.2005662833389, 37.70337554767375], [127.20060457234234, 37.703394844800705], [127.20064927760227, 37.703354036639354], [127.20051408562583, 37.7032860256753], [127.20047031968173, 37.703300686163544]]]]}}, {"id": "342", "type": "Feature", "properties": {"pnu": "4136026221101720003", "addr": "\uacbd\uae30\ub3c4 \ub0a8\uc591\uc8fc\uc2dc \uc624\ub0a8\uc74d \uc591\uc9c0\ub9ac 172-3", "jibun": "172-3", "jimok": "\ub2f5", "area_reg": 984.0, "area_geom": 982.4, "incl_ratio": 1.0, "area_incl": 984.0, "zone": "\uc81c2\uc885\uc77c\ubc18\uc8fc\uac70\uc9c0\uc5ed", "use": "\uc8fc\uac70\ub098\uc9c0", "owner": "\ubc95\uc778", "price": 418800.0, "price_year": "2025", "included": true, "free": false, "note": ""}, "geometry": {"type": "MultiPolygon", "coordinates": [[[[127.20060457234234, 37.703394844800705], [127.20073882244446, 37.703462496864184], [127.20115312696609, 37.70344466884728], [127.20113171115658, 37.70342110879759], [127.20112842832495, 37.70336402013093], [127.20111497251595, 37.703344509960914], [127.20106859547694, 37.70326919560193], [127.2009989569293, 37.703285494774775], [127.20094688666111, 37.70315482562676], [127.20086245272374, 37.70315945519873], [127.20081160534528, 37.70320589585123], [127.20065995617732, 37.70334428817235], [127.20065180976071, 37.70335531173535], [127.20064927760227, 37.703354036639354], [127.20060457234234, 37.703394844800705]]]]}}, {"id": "343", "type": "Feature", "properties": {"pnu": "4136026221101730003", "addr": "\uacbd\uae30\ub3c4 \ub0a8\uc591\uc8fc\uc2dc \uc624\ub0a8\uc74d \uc591\uc9c0\ub9ac 173-3", "jibun": "173-3", "jimok": "\ub300", "area_reg": 106.0, "area_geom": 108.7, "incl_ratio": 1.0, "area_incl": 106.0, "zone": "\uc81c1\uc885\uc77c\ubc18\uc8fc\uac70\uc9c0\uc5ed", "use": "\ub2e8\ub3c5", "owner": "\ubc95\uc778", "price": 562400.0, "price_year": "2025", "included": true, "free": false, "note": ""}, "geometry": {"type": "MultiPolygon", "coordinates": [[[[127.20138123688325, 37.70341115393378], [127.20160774911884, 37.70356801542885], [127.2015453214984, 37.70344468898081], [127.20154122392513, 37.70343055977282], [127.20149393928024, 37.70343546914581], [127.20146886938466, 37.70339827472683], [127.20140029137806, 37.70340835567191], [127.20138123688325, 37.70341115393378]]]]}}, {"id": "344", "type": "Feature", "properties": {"pnu": "4136026221101730004", "addr": "\uacbd\uae30\ub3c4 \ub0a8\uc591\uc8fc\uc2dc \uc624\ub0a8\uc74d \uc591\uc9c0\ub9ac 173-4", "jibun": "173-4", "jimok": "\ub300", "area_reg": 366.0, "area_geom": 362.3, "incl_ratio": 1.0, "area_incl": 366.0, "zone": "\uc81c1\uc885\uc77c\ubc18\uc8fc\uac70\uc9c0\uc5ed", "use": "\ub2e8\ub3c5", "owner": "\ubc95\uc778", "price": 495100.0, "price_year": "2025", "included": true, "free": false, "note": ""}, "geometry": {"type": "MultiPolygon", "coordinates": [[[[127.20111135564765, 37.70326010456482], [127.20113725817917, 37.70327804400497], [127.20134405618569, 37.70323451946462], [127.20140029137806, 37.70340835567191], [127.20146886938466, 37.70339827472683], [127.20146199283073, 37.70338807844019], [127.20151227778918, 37.70337720860558], [127.20152283384013, 37.70335988314329], [127.20151705787377, 37.7032359650472], [127.20154037613808, 37.70316990269776], [127.20134501208054, 37.70321042600994], [127.20111135564765, 37.70326010456482]]]]}}, {"id": "345", "type": "Feature", "properties": {"pnu": "4136026221101730005", "addr": "\uacbd\uae30\ub3c4 \ub0a8\uc591\uc8fc\uc2dc \uc624\ub0a8\uc74d \uc591\uc9c0\ub9ac 173-5", "jibun": "173-5", "jimok": "\uc804", "area_reg": 656.0, "area_geom": 656.5, "incl_ratio": 0.2956, "area_incl": 193.9, "zone": "\uc81c1\uc885\uc77c\ubc18\uc8fc\uac70\uc9c0\uc5ed", "use": "\uc8fc\uac70\ub098\uc9c0", "owner": "\ubc95\uc778", "price": 373200.0, "price_year": "2025", "included": true, "free": false, "note": ""}, "geometry": {"type": "MultiPolygon", "coordinates": [[[[127.20154037613808, 37.70316990269776], [127.20156953119837, 37.70309003664939], [127.2015995095395, 37.70298741979983], [127.20163788423451, 37.70285718308816], [127.20149114050767, 37.70289593030799], [127.2013893837948, 37.70300334482543], [127.20130024503355, 37.70303789476219], [127.20128915874893, 37.70303933707006], [127.20134501208054, 37.70321042600994], [127.20154037613808, 37.70316990269776]]]]}}, {"id": "346", "type": "Feature", "properties": {"pnu": "4136026221101730007", "addr": "\uacbd\uae30\ub3c4 \ub0a8\uc591\uc8fc\uc2dc \uc624\ub0a8\uc74d \uc591\uc9c0\ub9ac 173-7", "jibun": "173-7", "jimok": "\uc804", "area_reg": 212.0, "area_geom": 210.0, "incl_ratio": 1.0, "area_incl": 212.0, "zone": "\uc81c1\uc885\uc77c\ubc18\uc8fc\uac70\uc9c0\uc5ed", "use": "\uc8fc\uac70\ub098\uc9c0", "owner": "\ubc95\uc778", "price": 412200.0, "price_year": "2025", "included": true, "free": false, "note": ""}, "geometry": {"type": "MultiPolygon", "coordinates": [[[[127.20113725817917, 37.70327804400497], [127.20121487496247, 37.70333179937704], [127.20133979268527, 37.7033824563194], [127.20138123688325, 37.70341115393378], [127.20140029137806, 37.70340835567191], [127.20134405618569, 37.70323451946462], [127.20113725817917, 37.70327804400497]]]]}}, {"id": "347", "type": "Feature", "properties": {"pnu": "4136026221101730010", "addr": "\uacbd\uae30\ub3c4 \ub0a8\uc591\uc8fc\uc2dc \uc624\ub0a8\uc74d \uc591\uc9c0\ub9ac 173-10", "jibun": "173-10", "jimok": "\ub3c4\ub85c", "area_reg": 57.0, "area_geom": 56.5, "incl_ratio": 1.0, "area_incl": 57.0, "zone": "\uc81c2\uc885\uc77c\ubc18\uc8fc\uac70\uc9c0\uc5ed", "use": "\ub3c4\ub85c\ub4f1", "owner": "\ubc95\uc778", "price": 168100.0, "price_year": "2025", "included": true, "free": false, "note": ""}, "geometry": {"type": "MultiPolygon", "coordinates": [[[[127.20094688666111, 37.70315482562676], [127.2009989569293, 37.703285494774775], [127.20106859547694, 37.70326919560193], [127.20102400218887, 37.703233205378595], [127.2009989411129, 37.70318226209954], [127.2009584287258, 37.703154193449784], [127.20094688666111, 37.70315482562676]]]]}}, {"id": "348", "type": "Feature", "properties": {"pnu": "4136026221101730011", "addr": "\uacbd\uae30\ub3c4 \ub0a8\uc591\uc8fc\uc2dc \uc624\ub0a8\uc74d \uc591\uc9c0\ub9ac 173-11", "jibun": "173-11", "jimok": "\ub300", "area_reg": 588.0, "area_geom": 608.8, "incl_ratio": 1.0, "area_incl": 588.0, "zone": "\uc81c1\uc885\uc77c\ubc18\uc8fc\uac70\uc9c0\uc5ed", "use": "\ub2e8\ub3c5", "owner": "\ubc95\uc778", "price": 562400.0, "price_year": "2025", "included": true, "free": false, "note": ""}, "geometry": {"type": "MultiPolygon", "coordinates": [[[[127.20125108594222, 37.703430276716226], [127.20118657721076, 37.70343975600705], [127.20119750255478, 37.70347552388203], [127.20134012726942, 37.703574694891856], [127.20147028374672, 37.7036208740244], [127.20154443708971, 37.70371059260438], [127.20166144320156, 37.70371162840071], [127.20160774911884, 37.70356801542885], [127.20138123688325, 37.70341115393378], [127.20125108594222, 37.703430276716226]]]]}}, {"id": "349", "type": "Feature", "properties": {"pnu": "4136026221101740001", "addr": "\uacbd\uae30\ub3c4 \ub0a8\uc591\uc8fc\uc2dc \uc624\ub0a8\uc74d \uc591\uc9c0\ub9ac 174-1", "jibun": "174-1", "jimok": "\uc804", "area_reg": 169.0, "area_geom": 162.9, "incl_ratio": 0.3099, "area_incl": 52.4, "zone": "\uc81c1\uc885\uc77c\ubc18\uc8fc\uac70\uc9c0\uc5ed", "use": "\uc804", "owner": "\ubc95\uc778", "price": 316200.0, "price_year": "2025", "included": true, "free": false, "note": ""}, "geometry": {"type": "MultiPolygon", "coordinates": [[[[127.2015608265766, 37.703323698967814], [127.2017068144883, 37.702839136865336], [127.201824225613, 37.70273412809119], [127.20183912792666, 37.702713840047046], [127.2017855876724, 37.702707353930954], [127.20169030191005, 37.702829911972856], [127.20160848918037, 37.70309239415237], [127.20152797327745, 37.703352396407645], [127.2015608265766, 37.703323698967814]]]]}}, {"id": "350", "type": "Feature", "properties": {"pnu": "4136026221101850011", "addr": "\uacbd\uae30\ub3c4 \ub0a8\uc591\uc8fc\uc2dc \uc624\ub0a8\uc74d \uc591\uc9c0\ub9ac 185-11", "jibun": "185-11", "jimok": "\uccb4\uc721\uc6a9\uc9c0", "area_reg": 547.0, "area_geom": 551.0, "incl_ratio": 1.0, "area_incl": 547.0, "zone": "\uc81c1\uc885\uc77c\ubc18\uc8fc\uac70\uc9c0\uc5ed", "use": "\uc8fc\uac70\ub098\uc9c0", "owner": "\uae30\ud0c0\ub2e8\uccb4", "price": 361800.0, "price_year": "2025", "included": true, "free": false, "note": ""}, "geometry": {"type": "MultiPolygon", "coordinates": [[[[127.20036339070292, 37.704698886519466], [127.20044442059498, 37.704705543139966], [127.20074724993928, 37.70461998972887], [127.20088412201626, 37.70456489859005], [127.20090567372992, 37.70452056165588], [127.2007658574607, 37.704513626288595], [127.20068159430218, 37.70450213716212], [127.20059580378786, 37.7044792353151], [127.20036339070292, 37.704698886519466]]]]}}, {"id": "351", "type": "Feature", "properties": {"pnu": "4136026221101740002", "addr": "\uacbd\uae30\ub3c4 \ub0a8\uc591\uc8fc\uc2dc \uc624\ub0a8\uc74d \uc591\uc9c0\ub9ac 174-2", "jibun": "174-2", "jimok": "\uc804", "area_reg": 883.0, "area_geom": 898.0, "incl_ratio": 0.1714, "area_incl": 151.3, "zone": "\uc81c1\uc885\uc77c\ubc18\uc8fc\uac70\uc9c0\uc5ed", "use": "\uc804", "owner": "\ubc95\uc778", "price": 316200.0, "price_year": "2025", "included": true, "free": false, "note": ""}, "geometry": {"type": "MultiPolygon", "coordinates": [[[[127.20152797327745, 37.703352396407645], [127.20160848918037, 37.70309239415237], [127.20169030191005, 37.702829911972856], [127.2017855876724, 37.702707353930954], [127.2017396474041, 37.70270178288224], [127.20163790049676, 37.7027240292638], [127.20166296298123, 37.70275852076519], [127.20142005369127, 37.70286680547013], [127.20131602866097, 37.70296564657191], [127.2010886192938, 37.703023107856005], [127.20082796261035, 37.70305123538195], [127.20077040795968, 37.702993905058506], [127.20074212962288, 37.70295676996073], [127.20070281094303, 37.70301028169446], [127.20074378301473, 37.70303645762735], [127.20093394043568, 37.70312232264133], [127.20096258088884, 37.70310832724924], [127.20099164029227, 37.7030941059], [127.20115008135828, 37.70305742073265], [127.20128915874893, 37.70303933707006], [127.20130024503355, 37.70303789476219], [127.2013893837948, 37.70300334482543], [127.20149114050767, 37.70289593030799], [127.20163788423451, 37.70285718308816], [127.2015995095395, 37.70298741979983], [127.20156953119837, 37.70309003664939], [127.20154037613808, 37.70316990269776], [127.20151705787377, 37.7032359650472], [127.20152283384013, 37.70335988314329], [127.20152797327745, 37.703352396407645]]]]}}, {"id": "352", "type": "Feature", "properties": {"pnu": "4136026221101760001", "addr": "\uacbd\uae30\ub3c4 \ub0a8\uc591\uc8fc\uc2dc \uc624\ub0a8\uc74d \uc591\uc9c0\ub9ac 176-1", "jibun": "176-1", "jimok": "\ub2f5", "area_reg": 8.0, "area_geom": 7.7, "incl_ratio": 1.0, "area_incl": 8.0, "zone": "\uc81c2\uc885\uc77c\ubc18\uc8fc\uac70\uc9c0\uc5ed", "use": "\ub2f5", "owner": "\ubc95\uc778", "price": 150800.0, "price_year": "2025", "included": true, "free": false, "note": ""}, "geometry": {"type": "MultiPolygon", "coordinates": [[[[127.20204020175863, 37.703867482759286], [127.20196346996721, 37.70381433908933], [127.20199838032632, 37.703858904592465], [127.20204020175863, 37.703867482759286]]]]}}, {"id": "353", "type": "Feature", "properties": {"pnu": "4136026221101850001", "addr": "\uacbd\uae30\ub3c4 \ub0a8\uc591\uc8fc\uc2dc \uc624\ub0a8\uc74d \uc591\uc9c0\ub9ac 185-1", "jibun": "185-1", "jimok": "\uccb4\uc721\uc6a9\uc9c0", "area_reg": 1100.0, "area_geom": 1101.6, "incl_ratio": 1.0, "area_incl": 1100.0, "zone": "\uc81c2\uc885\uc77c\ubc18\uc8fc\uac70\uc9c0\uc5ed", "use": "\uc8fc\uac70\ub098\uc9c0", "owner": "\ubc95\uc778", "price": 389300.0, "price_year": "2025", "included": true, "free": false, "note": ""}, "geometry": {"type": "MultiPolygon", "coordinates": [[[[127.2002131932302, 37.70460088935439], [127.20036339070292, 37.704698886519466], [127.20059580378786, 37.7044792353151], [127.20068159430218, 37.70450213716212], [127.2007658574607, 37.704513626288595], [127.20090567372992, 37.70452056165588], [127.20093691288801, 37.70445626995869], [127.20033046966957, 37.704345970590914], [127.20029369538314, 37.70441845223064], [127.20024492649443, 37.70445808683346], [127.20021552438627, 37.704522600494094], [127.2002131932302, 37.70460088935439]]]]}}, {"id": "354", "type": "Feature", "properties": {"pnu": "4136026221101850002", "addr": "\uacbd\uae30\ub3c4 \ub0a8\uc591\uc8fc\uc2dc \uc624\ub0a8\uc74d \uc591\uc9c0\ub9ac 185-2", "jibun": "185-2", "jimok": "\uccb4\uc721\uc6a9\uc9c0", "area_reg": 1727.0, "area_geom": 1738.9, "incl_ratio": 0.9884, "area_incl": 1707.0, "zone": "\uc81c2\uc885\uc77c\ubc18\uc8fc\uac70\uc9c0\uc5ed", "use": "\uc8fc\uac70\ub098\uc9c0", "owner": "\ubc95\uc778", "price": 389300.0, "price_year": "2025", "included": true, "free": false, "note": ""}, "geometry": {"type": "MultiPolygon", "coordinates": [[[[127.2002131932302, 37.70460088935439], [127.20021552438627, 37.704522600494094], [127.20024492649443, 37.70445808683346], [127.20029369538314, 37.70441845223064], [127.20033046966957, 37.704345970590914], [127.20016414826075, 37.70431615861776], [127.20003045447204, 37.70429166124634], [127.19998414337498, 37.70427491816191], [127.19995505650877, 37.70425781271884], [127.19991951195135, 37.70434932057588], [127.19974117947159, 37.70431436567823], [127.19976689322213, 37.70444875558812], [127.19976412301911, 37.70458377900616], [127.19981122952868, 37.70469898740746], [127.1999068553887, 37.70475729925898], [127.19999394814768, 37.70470716711547], [127.19999103034402, 37.70465908747388], [127.20010409498549, 37.70465712222111], [127.2002131932302, 37.70460088935439]]]]}}, {"id": "355", "type": "Feature", "properties": {"pnu": "4136026221101850003", "addr": "\uacbd\uae30\ub3c4 \ub0a8\uc591\uc8fc\uc2dc \uc624\ub0a8\uc74d \uc591\uc9c0\ub9ac 185-3", "jibun": "185-3", "jimok": "\uad6c\uac70", "area_reg": 585.0, "area_geom": 556.3, "incl_ratio": 0.1589, "area_incl": 93.0, "zone": "\uc81c2\uc885\uc77c\ubc18\uc8fc\uac70\uc9c0\uc5ed", "use": "\ud558\ucc9c\ub4f1", "owner": "\uad6d\uc720\uc9c0", "price": 168100.0, "price_year": "2025", "included": true, "free": false, "note": ""}, "geometry": {"type": "MultiPolygon", "coordinates": [[[[127.19993600870666, 37.70404625289851], [127.19993542612015, 37.70398934886309], [127.19981303619139, 37.70387023979558], [127.19971455136856, 37.70388337026321], [127.19957103752081, 37.703884160970816], [127.19946325892901, 37.70382663505784], [127.19935583732384, 37.703749764704625], [127.1993031163231, 37.70370184966735], [127.19927500675577, 37.70357440109488], [127.19927791566148, 37.703495534651154], [127.19932209771734, 37.70346663864257], [127.19927341663421, 37.70346672028915], [127.19923172930491, 37.703606629143366], [127.19923211973442, 37.703753630119266], [127.19930764130648, 37.703757494753894], [127.19933509126133, 37.70379029793381], [127.19944201343566, 37.7038755030798], [127.19953189960471, 37.70392513055592], [127.19969364125105, 37.703968708872374], [127.199744249204, 37.703938360363026], [127.19977655003264, 37.70391901637856], [127.19987876648673, 37.70399981430358], [127.19987191336261, 37.7041047433269], [127.19993600870666, 37.70404625289851]]]]}}, {"id": "356", "type": "Feature", "properties": {"pnu": "4136026221101850004", "addr": "\uacbd\uae30\ub3c4 \ub0a8\uc591\uc8fc\uc2dc \uc624\ub0a8\uc74d \uc591\uc9c0\ub9ac 185-4", "jibun": "185-4", "jimok": "\uc804", "area_reg": 253.0, "area_geom": 248.2, "incl_ratio": 0.1273, "area_incl": 32.2, "zone": "\uc81c2\uc885\uc77c\ubc18\uc8fc\uac70\uc9c0\uc5ed", "use": "\ub2e8\ub3c5", "owner": "\ubc95\uc778", "price": 500200.0, "price_year": "2025", "included": true, "free": false, "note": ""}, "geometry": {"type": "MultiPolygon", "coordinates": [[[[127.19987020523924, 37.70410631388093], [127.199744249204, 37.703938360363026], [127.19969364125105, 37.703968708872374], [127.19972966541047, 37.70401469670203], [127.19972891824939, 37.7040918296611], [127.19970405376229, 37.704148578253935], [127.1997243897233, 37.70423940649856], [127.19987020523924, 37.70410631388093]]]]}}, {"id": "357", "type": "Feature", "properties": {"pnu": "4136026221101850005", "addr": "\uacbd\uae30\ub3c4 \ub0a8\uc591\uc8fc\uc2dc \uc624\ub0a8\uc74d \uc591\uc9c0\ub9ac 185-5", "jibun": "185-5", "jimok": "\uc804", "area_reg": 93.0, "area_geom": 96.0, "incl_ratio": 0.4594, "area_incl": 42.7, "zone": "\uc81c2\uc885\uc77c\ubc18\uc8fc\uac70\uc9c0\uc5ed", "use": "\ub2e8\ub3c5", "owner": "\ubc95\uc778", "price": 519800.0, "price_year": "2025", "included": true, "free": false, "note": ""}, "geometry": {"type": "MultiPolygon", "coordinates": [[[[127.19987168468688, 37.704108293517734], [127.19987876648673, 37.70399981430358], [127.19977655003264, 37.70391901637856], [127.199744249204, 37.703938360363026], [127.19987168468688, 37.704108293517734]]]]}}, {"id": "358", "type": "Feature", "properties": {"pnu": "4136026221101850006", "addr": "\uacbd\uae30\ub3c4 \ub0a8\uc591\uc8fc\uc2dc \uc624\ub0a8\uc74d \uc591\uc9c0\ub9ac 185-6", "jibun": "185-6", "jimok": "\uc804", "area_reg": 523.0, "area_geom": 515.4, "incl_ratio": 1.0, "area_incl": 523.0, "zone": "\uc81c2\uc885\uc77c\ubc18\uc8fc\uac70\uc9c0\uc5ed", "use": "\uc8fc\uac70\uae30\ud0c0", "owner": "\ubc95\uc778", "price": 494300.0, "price_year": "2025", "included": true, "free": false, "note": ""}, "geometry": {"type": "MultiPolygon", "coordinates": [[[[127.20090217012459, 37.704309029778685], [127.20083042950746, 37.70425637246724], [127.20059928557, 37.7042249948546], [127.20045375120455, 37.70422526748796], [127.20041495833416, 37.70421276444876], [127.20038939582888, 37.70424999943804], [127.20036437872258, 37.70427916084656], [127.20035573792282, 37.70429619466441], [127.20049983400781, 37.70432202556368], [127.20080464113023, 37.70437859604941], [127.20090217012459, 37.704309029778685]]]]}}, {"id": "359", "type": "Feature", "properties": {"pnu": "4136026221101850007", "addr": "\uacbd\uae30\ub3c4 \ub0a8\uc591\uc8fc\uc2dc \uc624\ub0a8\uc74d \uc591\uc9c0\ub9ac 185-7", "jibun": "185-7", "jimok": "\uc804", "area_reg": 318.0, "area_geom": 313.9, "incl_ratio": 1.0, "area_incl": 318.0, "zone": "\uc81c2\uc885\uc77c\ubc18\uc8fc\uac70\uc9c0\uc5ed", "use": "\uc8fc\uac70\uae30\ud0c0", "owner": "\ubc95\uc778", "price": 494300.0, "price_year": "2025", "included": true, "free": false, "note": ""}, "geometry": {"type": "MultiPolygon", "coordinates": [[[[127.20035573792282, 37.70429619466441], [127.20036437872258, 37.70427916084656], [127.20038939582888, 37.70424999943804], [127.20041495833416, 37.70421276444876], [127.20038914941875, 37.7042044560218], [127.20004686842641, 37.70417031854015], [127.19999031931114, 37.70416699005814], [127.19997669177295, 37.70420210561984], [127.20000455794052, 37.70422071772564], [127.20004178105725, 37.70423992672972], [127.20035573792282, 37.70429619466441]]]]}}, {"id": "360", "type": "Feature", "properties": {"pnu": "4136026221101850008", "addr": "\uacbd\uae30\ub3c4 \ub0a8\uc591\uc8fc\uc2dc \uc624\ub0a8\uc74d \uc591\uc9c0\ub9ac 185-8", "jibun": "185-8", "jimok": "\ub3c4\ub85c", "area_reg": 328.0, "area_geom": 320.6, "incl_ratio": 1.0, "area_incl": 328.0, "zone": "\uc81c2\uc885\uc77c\ubc18\uc8fc\uac70\uc9c0\uc5ed", "use": "\ub3c4\ub85c\ub4f1", "owner": "\ubc95\uc778", "price": 168100.0, "price_year": "2025", "included": true, "free": false, "note": ""}, "geometry": {"type": "MultiPolygon", "coordinates": [[[[127.20096058471114, 37.704407559743466], [127.20080464113023, 37.70437859604941], [127.20049983400781, 37.70432202556368], [127.20035573792282, 37.70429619466441], [127.20033046966957, 37.704345970590914], [127.20093691288801, 37.70445626995869], [127.20096058471114, 37.704407559743466]]]]}}, {"id": "361", "type": "Feature", "properties": {"pnu": "4136026221102400006", "addr": "\uacbd\uae30\ub3c4 \ub0a8\uc591\uc8fc\uc2dc \uc624\ub0a8\uc74d \uc591\uc9c0\ub9ac 240-6", "jibun": "240-6", "jimok": "\ub2f5", "area_reg": 1415.0, "area_geom": 1457.5, "incl_ratio": 1.0, "area_incl": 1415.0, "zone": "\uc81c1\uc885\uc77c\ubc18\uc8fc\uac70\uc9c0\uc5ed", "use": "\uc8fc\uac70\ub098\uc9c0", "owner": "\uac1c\uc778", "price": 778600.0, "price_year": "2025", "included": true, "free": false, "note": ""}, "geometry": {"type": "MultiPolygon", "coordinates": [[[[127.20001476536024, 37.709728141038674], [127.2002569251985, 37.7096995419512], [127.20027685677425, 37.70961263729454], [127.20026497817531, 37.70950885711639], [127.20022220118486, 37.70937285643198], [127.20011250188901, 37.709185198992984], [127.19991433888349, 37.708981743231625], [127.20001476536024, 37.709728141038674]]]]}}, {"id": "362", "type": "Feature", "properties": {"pnu": "4136026221101850009", "addr": "\uacbd\uae30\ub3c4 \ub0a8\uc591\uc8fc\uc2dc \uc624\ub0a8\uc74d \uc591\uc9c0\ub9ac 185-9", "jibun": "185-9", "jimok": "\ub3c4\ub85c", "area_reg": 216.0, "area_geom": 206.3, "incl_ratio": 1.0, "area_incl": 216.0, "zone": "\uc81c2\uc885\uc77c\ubc18\uc8fc\uac70\uc9c0\uc5ed", "use": "\ub3c4\ub85c\ub4f1", "owner": "\ubc95\uc778", "price": 168100.0, "price_year": "2025", "included": true, "free": false, "note": ""}, "geometry": {"type": "MultiPolygon", "coordinates": [[[[127.20035573792282, 37.70429619466441], [127.20004178105725, 37.70423992672972], [127.20000455794052, 37.70422071772564], [127.19997669177295, 37.70420210561984], [127.19995505650877, 37.70425781271884], [127.19998414337498, 37.70427491816191], [127.20003045447204, 37.70429166124634], [127.20016414826075, 37.70431615861776], [127.20033046966957, 37.704345970590914], [127.20035573792282, 37.70429619466441]]]]}}, {"id": "363", "type": "Feature", "properties": {"pnu": "4136026221101850012", "addr": "\uacbd\uae30\ub3c4 \ub0a8\uc591\uc8fc\uc2dc \uc624\ub0a8\uc74d \uc591\uc9c0\ub9ac 185-12", "jibun": "185-12", "jimok": "\uc804", "area_reg": 388.0, "area_geom": 381.6, "incl_ratio": 0.8257, "area_incl": 320.4, "zone": "\uc81c2\uc885\uc77c\ubc18\uc8fc\uac70\uc9c0\uc5ed", "use": "\ub2e8\ub3c5", "owner": "\ubc95\uc778", "price": 575100.0, "price_year": "2025", "included": true, "free": false, "note": ""}, "geometry": {"type": "MultiPolygon", "coordinates": [[[[127.1997243897233, 37.70423940649856], [127.19974117947159, 37.70431436567823], [127.19991951195135, 37.70434932057588], [127.19995505650877, 37.70425781271884], [127.19997669177295, 37.70420210561984], [127.19999031931114, 37.70416699005814], [127.1999353240104, 37.704163758040856], [127.19987168468688, 37.704108293517734], [127.19987020523924, 37.70410631388093], [127.1997243897233, 37.70423940649856]]]]}}, {"id": "364", "type": "Feature", "properties": {"pnu": "4136026221101930006", "addr": "\uacbd\uae30\ub3c4 \ub0a8\uc591\uc8fc\uc2dc \uc624\ub0a8\uc74d \uc591\uc9c0\ub9ac 193-6", "jibun": "193-6", "jimok": "\ub3c4\ub85c", "area_reg": 4.0, "area_geom": 5.6, "incl_ratio": 1.0, "area_incl": 4.0, "zone": "\uc81c2\uc885\uc77c\ubc18\uc8fc\uac70\uc9c0\uc5ed", "use": "\ub3c4\ub85c\ub4f1", "owner": "\uad70\uc720\uc9c0", "price": 350400.0, "price_year": "2025", "included": true, "free": false, "note": ""}, "geometry": {"type": "MultiPolygon", "coordinates": [[[[127.20111359833253, 37.70598697329043], [127.20100931388012, 37.705944245768855], [127.20108554149294, 37.7059864171293], [127.20111359833253, 37.70598697329043]]]]}}, {"id": "365", "type": "Feature", "properties": {"pnu": "4136026221101850013", "addr": "\uacbd\uae30\ub3c4 \ub0a8\uc591\uc8fc\uc2dc \uc624\ub0a8\uc74d \uc591\uc9c0\ub9ac 185-13", "jibun": "185-13", "jimok": "\uad6c\uac70", "area_reg": 503.0, "area_geom": 481.9, "incl_ratio": 1.0, "area_incl": 503.0, "zone": "\uc81c2\uc885\uc77c\ubc18\uc8fc\uac70\uc9c0\uc5ed", "use": "\ud558\ucc9c\ub4f1", "owner": "\ubc95\uc778", "price": 168100.0, "price_year": "2025", "included": true, "free": false, "note": ""}, "geometry": {"type": "MultiPolygon", "coordinates": [[[[127.19987191336261, 37.7041047433269], [127.19987168468688, 37.704108293517734], [127.1999353240104, 37.704163758040856], [127.19999031931114, 37.70416699005814], [127.20004686842641, 37.70417031854015], [127.20038914941875, 37.7042044560218], [127.20041495833416, 37.70421276444876], [127.20045375120455, 37.70422526748796], [127.20059928557, 37.7042249948546], [127.20083042950746, 37.70425637246724], [127.20090217012459, 37.704309029778685], [127.2009805009745, 37.70436655012498], [127.20102584064428, 37.7044015300124], [127.20097286233073, 37.70431740634105], [127.20094882020669, 37.70429560758759], [127.2008669180345, 37.70422138033746], [127.20059995654844, 37.704183315034165], [127.20045856447585, 37.70418477896495], [127.20041573075407, 37.70416232706839], [127.20023138383675, 37.7041511505387], [127.20017918967123, 37.70414799500183], [127.19998387321172, 37.70412679980296], [127.199936452734, 37.704089462482706], [127.19993600870666, 37.70404625289851], [127.19987191336261, 37.7041047433269]]]]}}, {"id": "366", "type": "Feature", "properties": {"pnu": "4136026221101950002", "addr": "\uacbd\uae30\ub3c4 \ub0a8\uc591\uc8fc\uc2dc \uc624\ub0a8\uc74d \uc591\uc9c0\ub9ac 195-2", "jibun": "195-2", "jimok": "\ub2f5", "area_reg": 114.0, "area_geom": 95.9, "incl_ratio": 0.9174, "area_incl": 104.6, "zone": "\uc81c1\uc885\uc77c\ubc18\uc8fc\uac70\uc9c0\uc5ed", "use": "\uc8fc\uac70\ub098\uc9c0", "owner": "\uac1c\uc778", "price": 302100.0, "price_year": "2025", "included": true, "free": false, "note": ""}, "geometry": {"type": "MultiPolygon", "coordinates": [[[[127.19983236291415, 37.70605097724876], [127.19983208884973, 37.706033237694264], [127.19947784293429, 37.70576721912305], [127.19948244480726, 37.70578771737891], [127.19953165062581, 37.7058223309554], [127.19958929570646, 37.705913177628894], [127.19965618528656, 37.705928165442906], [127.19967465300745, 37.70593897302917], [127.1997229461681, 37.70596720922086], [127.19977725342446, 37.7060181666471], [127.19983236291415, 37.70605097724876]]]]}}, {"id": "367", "type": "Feature", "properties": {"pnu": "4136026221101860001", "addr": "\uacbd\uae30\ub3c4 \ub0a8\uc591\uc8fc\uc2dc \uc624\ub0a8\uc74d \uc591\uc9c0\ub9ac 186-1", "jibun": "186-1", "jimok": "\uc804", "area_reg": 3236.0, "area_geom": 3291.6, "incl_ratio": 1.0, "area_incl": 3236.0, "zone": "\uc81c2\uc885\uc77c\ubc18\uc8fc\uac70\uc9c0\uc5ed", "use": "\uc804", "owner": "\ubc95\uc778", "price": 256900.0, "price_year": "2025", "included": true, "free": false, "note": ""}, "geometry": {"type": "MultiPolygon", "coordinates": [[[[127.20254614194505, 37.70543166221854], [127.20269234021346, 37.70537406642351], [127.20274922904058, 37.705343273453195], [127.20281141709341, 37.705305389818406], [127.20289312924596, 37.7052663015556], [127.20293083228857, 37.70521514339287], [127.20296835555129, 37.70521070961262], [127.20299688470479, 37.705201525078614], [127.20293419307954, 37.70517896387464], [127.20294425185605, 37.70509523795773], [127.20293926024891, 37.70501905180217], [127.20290165262428, 37.70486651944423], [127.20282712118036, 37.70477639694943], [127.20265940778592, 37.7046560257836], [127.20258468621817, 37.704608681318135], [127.20254925016812, 37.70471403761988], [127.20258600183033, 37.704734697176995], [127.20256429302002, 37.70488006899808], [127.2024953940998, 37.70495654330124], [127.20248010848174, 37.70500716759472], [127.2024945868486, 37.70503136088237], [127.20247405465037, 37.70505819960795], [127.20240321288067, 37.70508716923698], [127.20221901589176, 37.70504002900692], [127.20217748778445, 37.705018521546755], [127.20216464306277, 37.705040824288595], [127.2021344203855, 37.7050864555716], [127.20218958772148, 37.705123769807265], [127.20227228127686, 37.705137377795715], [127.20223427494926, 37.70517294054659], [127.20229117233093, 37.705317682954224], [127.20237081107128, 37.70537161429391], [127.20247936805137, 37.705371366275415], [127.20251264905349, 37.70542107890472], [127.20254614194505, 37.70543166221854]]]]}}, {"id": "368", "type": "Feature", "properties": {"pnu": "4136026221101860002", "addr": "\uacbd\uae30\ub3c4 \ub0a8\uc591\uc8fc\uc2dc \uc624\ub0a8\uc74d \uc591\uc9c0\ub9ac 186-2", "jibun": "186-2", "jimok": "\ub2f5", "area_reg": 2860.0, "area_geom": 2845.3, "incl_ratio": 1.0, "area_incl": 2860.0, "zone": "\uc81c2\uc885\uc77c\ubc18\uc8fc\uac70\uc9c0\uc5ed", "use": "\ub2f5", "owner": "\ubc95\uc778", "price": 291300.0, "price_year": "2025", "included": true, "free": false, "note": ""}, "geometry": {"type": "MultiPolygon", "coordinates": [[[[127.20173779393828, 37.70476576414505], [127.20174528589884, 37.704789681078864], [127.20190526316657, 37.704850656998985], [127.20203524790847, 37.70499630241963], [127.20216464306277, 37.705040824288595], [127.20217748778445, 37.705018521546755], [127.20221901589176, 37.70504002900692], [127.20240321288067, 37.70508716923698], [127.20247405465037, 37.70505819960795], [127.2024945868486, 37.70503136088237], [127.20248010848174, 37.70500716759472], [127.2024953940998, 37.70495654330124], [127.20256429302002, 37.70488006899808], [127.20258600183033, 37.704734697176995], [127.20254925016812, 37.70471403761988], [127.20258468621817, 37.704608681318135], [127.20250798342485, 37.704638102478384], [127.20238979123184, 37.70463511444822], [127.20232238055138, 37.70452341037555], [127.20219094099892, 37.704498425095515], [127.20201103805142, 37.704651390771154], [127.20192028913709, 37.70469924216333], [127.20184539502847, 37.704701396590195], [127.20173779393828, 37.70476576414505]]]]}}, {"id": "369", "type": "Feature", "properties": {"pnu": "4136026221101860003", "addr": "\uacbd\uae30\ub3c4 \ub0a8\uc591\uc8fc\uc2dc \uc624\ub0a8\uc74d \uc591\uc9c0\ub9ac 186-3", "jibun": "186-3", "jimok": "\ub300", "area_reg": 6339.0, "area_geom": 6489.5, "incl_ratio": 1.0, "area_incl": 6339.0, "zone": "\uc81c2\uc885\uc77c\ubc18\uc8fc\uac70\uc9c0\uc5ed", "use": "\uc8fc\uac70\uae30\ud0c0", "owner": "\ubc95\uc778", "price": 575100.0, "price_year": "2025", "included": true, "free": false, "note": ""}, "geometry": {"type": "MultiPolygon", "coordinates": [[[[127.20173779393828, 37.70476576414505], [127.20184539502847, 37.704701396590195], [127.20192028913709, 37.70469924216333], [127.20201103805142, 37.704651390771154], [127.20219094099892, 37.704498425095515], [127.20232238055138, 37.70452341037555], [127.20238979123184, 37.70463511444822], [127.20250798342485, 37.704638102478384], [127.20258468621817, 37.704608681318135], [127.20260128693798, 37.70457478570262], [127.2026660909953, 37.70449384952697], [127.20269834600435, 37.70445354835493], [127.20258239279472, 37.70435995556135], [127.20250842815676, 37.70427783246773], [127.20236988360611, 37.70419574726162], [127.20227120183453, 37.7040937908029], [127.20230309261885, 37.704082402355446], [127.20228332541545, 37.70405224463982], [127.20222568076808, 37.70403373781755], [127.20220391185285, 37.70401398965272], [127.20218138203403, 37.7039685742566], [127.20204193267779, 37.70393753893503], [127.20199228607565, 37.70388238511845], [127.20188338228832, 37.70388779581082], [127.20167515033619, 37.704178792064155], [127.20135871588573, 37.70449659489786], [127.20130639094066, 37.70449552131345], [127.20110603235015, 37.704362121206564], [127.20106269731066, 37.70437697038612], [127.20102584064428, 37.7044015300124], [127.20115670367746, 37.70446968284762], [127.20130567363006, 37.70458316849631], [127.20143841971237, 37.70464711932457], [127.2015188327485, 37.70468585063954], [127.20173779393828, 37.70476576414505]]]]}}, {"id": "370", "type": "Feature", "properties": {"pnu": "4136026221101860004", "addr": "\uacbd\uae30\ub3c4 \ub0a8\uc591\uc8fc\uc2dc \uc624\ub0a8\uc74d \uc591\uc9c0\ub9ac 186-4", "jibun": "186-4", "jimok": "\uccb4\uc721\uc6a9\uc9c0", "area_reg": 775.0, "area_geom": 774.1, "incl_ratio": 1.0, "area_incl": 775.0, "zone": "\uc81c2\uc885\uc77c\ubc18\uc8fc\uac70\uc9c0\uc5ed", "use": "\uc8fc\uac70\uae30\ud0c0", "owner": "\ubc95\uc778", "price": 477900.0, "price_year": "2025", "included": true, "free": false, "note": ""}, "geometry": {"type": "MultiPolygon", "coordinates": [[[[127.20188338228832, 37.70388779581082], [127.20179415933438, 37.703861855399595], [127.20178491599992, 37.70386132150834], [127.20170466176104, 37.70388979315659], [127.20172642624652, 37.70393325484782], [127.20177120742262, 37.70400086838888], [127.20168614012152, 37.7041329682986], [127.20157677251291, 37.70423176462125], [127.20153261210673, 37.70425167880271], [127.20138838001279, 37.704293529961184], [127.20128926293341, 37.70429934697119], [127.20110603235015, 37.704362121206564], [127.20130639094066, 37.70449552131345], [127.20135871588573, 37.70449659489786], [127.20167515033619, 37.704178792064155], [127.20188338228832, 37.70388779581082]]]]}}, {"id": "371", "type": "Feature", "properties": {"pnu": "4136026221101860005", "addr": "\uacbd\uae30\ub3c4 \ub0a8\uc591\uc8fc\uc2dc \uc624\ub0a8\uc74d \uc591\uc9c0\ub9ac 186-5", "jibun": "186-5", "jimok": "\uccb4\uc721\uc6a9\uc9c0", "area_reg": 3206.0, "area_geom": 3099.0, "incl_ratio": 1.0, "area_incl": 3206.0, "zone": "\uc81c2\uc885\uc77c\ubc18\uc8fc\uac70\uc9c0\uc5ed", "use": "\uc8fc\uac70\uae30\ud0c0", "owner": "\ubc95\uc778", "price": 477900.0, "price_year": "2025", "included": true, "free": false, "note": ""}, "geometry": {"type": "MultiPolygon", "coordinates": [[[[127.20110603235015, 37.704362121206564], [127.20128926293341, 37.70429934697119], [127.20138838001279, 37.704293529961184], [127.20153261210673, 37.70425167880271], [127.20157677251291, 37.70423176462125], [127.20168614012152, 37.7041329682986], [127.20177120742262, 37.70400086838888], [127.20172642624652, 37.70393325484782], [127.20170466176104, 37.70388979315659], [127.20178491599992, 37.70386132150834], [127.20161274078602, 37.70385148692425], [127.2015652077565, 37.70376406574561], [127.20146126407725, 37.70366560426461], [127.20132127556711, 37.703589691881305], [127.20128983119734, 37.7038096619646], [127.2012670099226, 37.70384134255126], [127.20125185340484, 37.70395298890741], [127.20115731312852, 37.70410919631354], [127.20110742674719, 37.70411666867957], [127.2010593120306, 37.70409552334586], [127.2008669180345, 37.70422138033746], [127.20094882020669, 37.70429560758759], [127.20098028761261, 37.70428692311195], [127.20110603235015, 37.704362121206564]]]]}}, {"id": "372", "type": "Feature", "properties": {"pnu": "4136026221101860006", "addr": "\uacbd\uae30\ub3c4 \ub0a8\uc591\uc8fc\uc2dc \uc624\ub0a8\uc74d \uc591\uc9c0\ub9ac 186-6", "jibun": "186-6", "jimok": "\uccb4\uc721\uc6a9\uc9c0", "area_reg": 3226.0, "area_geom": 3351.8, "incl_ratio": 1.0, "area_incl": 3226.0, "zone": "\uc81c2\uc885\uc77c\ubc18\uc8fc\uac70\uc9c0\uc5ed", "use": "\uc8fc\uac70\uae30\ud0c0", "owner": "\ubc95\uc778", "price": 477900.0, "price_year": "2025", "included": true, "free": false, "note": ""}, "geometry": {"type": "MultiPolygon", "coordinates": [[[[127.2008669180345, 37.70422138033746], [127.2010593120306, 37.70409552334586], [127.20110742674719, 37.70411666867957], [127.20115731312852, 37.70410919631354], [127.20125185340484, 37.70395298890741], [127.2012670099226, 37.70384134255126], [127.20128983119734, 37.7038096619646], [127.20132127556711, 37.703589691881305], [127.20117918641401, 37.70351262965053], [127.20104661767617, 37.70350131265599], [127.20098732125602, 37.70350935048229], [127.20089942508021, 37.70353817687736], [127.20084005786931, 37.70362990549053], [127.20079907207771, 37.70373005407294], [127.20070955870438, 37.70396406005996], [127.20062831962541, 37.704069682361016], [127.20041573075407, 37.70416232706839], [127.20045856447585, 37.70418477896495], [127.20059995654844, 37.704183315034165], [127.2008669180345, 37.70422138033746]]]]}}, {"id": "373", "type": "Feature", "properties": {"pnu": "4136026221101860007", "addr": "\uacbd\uae30\ub3c4 \ub0a8\uc591\uc8fc\uc2dc \uc624\ub0a8\uc74d \uc591\uc9c0\ub9ac 186-7", "jibun": "186-7", "jimok": "\uccb4\uc721\uc6a9\uc9c0", "area_reg": 77.0, "area_geom": 78.1, "incl_ratio": 1.0, "area_incl": 77.0, "zone": "\uc81c2\uc885\uc77c\ubc18\uc8fc\uac70\uc9c0\uc5ed", "use": "\uc8fc\uac70\uae30\ud0c0", "owner": "\ubc95\uc778", "price": 415600.0, "price_year": "2025", "included": true, "free": false, "note": ""}, "geometry": {"type": "MultiPolygon", "coordinates": [[[[127.20040779989213, 37.703468884877594], [127.20038830767987, 37.703592251003094], [127.20050952823718, 37.70348159707568], [127.2005065978852, 37.70347559257642], [127.20044158506674, 37.70344500634672], [127.20040779989213, 37.703468884877594]]]]}}, {"id": "374", "type": "Feature", "properties": {"pnu": "4136026221101860009", "addr": "\uacbd\uae30\ub3c4 \ub0a8\uc591\uc8fc\uc2dc \uc624\ub0a8\uc74d \uc591\uc9c0\ub9ac 186-9", "jibun": "186-9", "jimok": "\ub3c4\ub85c", "area_reg": 70.0, "area_geom": 66.6, "incl_ratio": 1.0, "area_incl": 70.0, "zone": "\uc81c2\uc885\uc77c\ubc18\uc8fc\uac70\uc9c0\uc5ed", "use": "\ub3c4\ub85c\ub4f1", "owner": "\ubc95\uc778", "price": 168100.0, "price_year": "2025", "included": true, "free": false, "note": ""}, "geometry": {"type": "MultiPolygon", "coordinates": [[[[127.20102584064428, 37.7044015300124], [127.20106269731066, 37.70437697038612], [127.20110603235015, 37.704362121206564], [127.20098028761261, 37.70428692311195], [127.20094882020669, 37.70429560758759], [127.20097286233073, 37.70431740634105], [127.20102584064428, 37.7044015300124]]]]}}, {"id": "375", "type": "Feature", "properties": {"pnu": "4136026221101860010", "addr": "\uacbd\uae30\ub3c4 \ub0a8\uc591\uc8fc\uc2dc \uc624\ub0a8\uc74d \uc591\uc9c0\ub9ac 186-10", "jibun": "186-10", "jimok": "\ub2f5", "area_reg": 1263.0, "area_geom": 1246.6, "incl_ratio": 0.974, "area_incl": 1230.2, "zone": "\uc81c2\uc885\uc77c\ubc18\uc8fc\uac70\uc9c0\uc5ed", "use": "\uc8fc\uac70\uae30\ud0c0", "owner": "\ubc95\uc778", "price": 432600.0, "price_year": "2025", "included": true, "free": false, "note": ""}, "geometry": {"type": "MultiPolygon", "coordinates": [[[[127.20002243672675, 37.70358981317332], [127.20002223350181, 37.70359014687288], [127.1999562552988, 37.70369933788314], [127.199841060146, 37.7038034220726], [127.19981303619139, 37.70387023979558], [127.19993542612015, 37.70398934886309], [127.19993600870666, 37.70404625289851], [127.2000377284149, 37.703953408333795], [127.20010140847344, 37.70385411376014], [127.20038830767987, 37.703592251003094], [127.20040779989213, 37.703468884877594], [127.20032233520251, 37.70352929461413], [127.20026989923211, 37.70354159109316], [127.20021378904083, 37.70354958712178], [127.20017565980633, 37.70356890500703], [127.20002243672675, 37.70358981317332]]]]}}, {"id": "376", "type": "Feature", "properties": {"pnu": "4136026221101860011", "addr": "\uacbd\uae30\ub3c4 \ub0a8\uc591\uc8fc\uc2dc \uc624\ub0a8\uc74d \uc591\uc9c0\ub9ac 186-11", "jibun": "186-11", "jimok": "\uccb4\uc721\uc6a9\uc9c0", "area_reg": 2302.0, "area_geom": 2297.8, "incl_ratio": 1.0, "area_incl": 2302.0, "zone": "\uc81c2\uc885\uc77c\ubc18\uc8fc\uac70\uc9c0\uc5ed", "use": "\uc8fc\uac70\uae30\ud0c0", "owner": "\ubc95\uc778", "price": 494300.0, "price_year": "2025", "included": true, "free": false, "note": ""}, "geometry": {"type": "MultiPolygon", "coordinates": [[[[127.20023138383675, 37.7041511505387], [127.20041573075407, 37.70416232706839], [127.20062831962541, 37.704069682361016], [127.20070955870438, 37.70396406005996], [127.20079907207771, 37.70373005407294], [127.20084005786931, 37.70362990549053], [127.20079227160615, 37.703599993090336], [127.20066609875866, 37.70358458348358], [127.20055448644986, 37.703573527862154], [127.20050952823718, 37.70348159707568], [127.20038830767987, 37.703592251003094], [127.20035288019302, 37.703816426058616], [127.20023138383675, 37.7041511505387]]]]}}, {"id": "377", "type": "Feature", "properties": {"pnu": "4136026221101860012", "addr": "\uacbd\uae30\ub3c4 \ub0a8\uc591\uc8fc\uc2dc \uc624\ub0a8\uc74d \uc591\uc9c0\ub9ac 186-12", "jibun": "186-12", "jimok": "\ub2f5", "area_reg": 1122.0, "area_geom": 1105.2, "incl_ratio": 1.0, "area_incl": 1122.0, "zone": "\uc81c2\uc885\uc77c\ubc18\uc8fc\uac70\uc9c0\uc5ed", "use": "\uc8fc\uac70\uae30\ud0c0", "owner": "\ubc95\uc778", "price": 494300.0, "price_year": "2025", "included": true, "free": false, "note": ""}, "geometry": {"type": "MultiPolygon", "coordinates": [[[[127.19993600870666, 37.70404625289851], [127.199936452734, 37.704089462482706], [127.19998387321172, 37.70412679980296], [127.20017918967123, 37.70414799500183], [127.20023138383675, 37.7041511505387], [127.20035288019302, 37.703816426058616], [127.20038830767987, 37.703592251003094], [127.20010140847344, 37.70385411376014], [127.2000377284149, 37.703953408333795], [127.19993600870666, 37.70404625289851]]]]}}, {"id": "378", "type": "Feature", "properties": {"pnu": "4136026221101880001", "addr": "\uacbd\uae30\ub3c4 \ub0a8\uc591\uc8fc\uc2dc \uc624\ub0a8\uc74d \uc591\uc9c0\ub9ac 188-1", "jibun": "188-1", "jimok": "\ub2f5", "area_reg": 1964.0, "area_geom": 1984.9, "incl_ratio": 1.0, "area_incl": 1964.0, "zone": "\uc81c2\uc885\uc77c\ubc18\uc8fc\uac70\uc9c0\uc5ed", "use": "\uc804", "owner": "\ubc95\uc778", "price": 256900.0, "price_year": "2025", "included": true, "free": false, "note": ""}, "geometry": {"type": "MultiPolygon", "coordinates": [[[[127.2033724213424, 37.70600121974301], [127.20347799218302, 37.705953296810904], [127.20359746115396, 37.70588695224824], [127.20361016070903, 37.70585305417389], [127.20362845028104, 37.70578969394769], [127.20363467404593, 37.705768105151286], [127.20361615195519, 37.705737468022946], [127.20362343800622, 37.70565605328106], [127.20359731223223, 37.70561488788149], [127.20358767378039, 37.7055942092148], [127.20356613839992, 37.70554799954307], [127.20358613527333, 37.705420136254894], [127.20360924115741, 37.70542246619908], [127.20366118841281, 37.70537607653059], [127.20371796862331, 37.705313794525026], [127.20357291684392, 37.705275391721045], [127.20356953772227, 37.70531723836281], [127.2035352596931, 37.70534330797325], [127.20350235418685, 37.705423856623874], [127.20343168056876, 37.70543536586411], [127.20336394494653, 37.70545141090062], [127.20339646323234, 37.70549562869336], [127.20339165605995, 37.70560052735738], [127.2032462996448, 37.70570510794068], [127.20318489924787, 37.70571983563581], [127.20312396055543, 37.70575431167863], [127.20301889189643, 37.70579921520199], [127.20311640001809, 37.70587275654932], [127.20320955396463, 37.70590452748226], [127.2032686131997, 37.70598408984137], [127.2033724213424, 37.70600121974301]]]]}}, {"id": "379", "type": "Feature", "properties": {"pnu": "4136026221101880002", "addr": "\uacbd\uae30\ub3c4 \ub0a8\uc591\uc8fc\uc2dc \uc624\ub0a8\uc74d \uc591\uc9c0\ub9ac 188-2", "jibun": "188-2", "jimok": "\ub2f5", "area_reg": 1954.0, "area_geom": 1957.8, "incl_ratio": 1.0, "area_incl": 1954.0, "zone": "\uc81c2\uc885\uc77c\ubc18\uc8fc\uac70\uc9c0\uc5ed", "use": "\uc804", "owner": "\ubc95\uc778", "price": 244700.0, "price_year": "2025", "included": true, "free": false, "note": ""}, "geometry": {"type": "MultiPolygon", "coordinates": [[[[127.20277000422267, 37.705657972375626], [127.20276393544574, 37.70566986647108], [127.20285450052447, 37.70571312941751], [127.20300621053792, 37.705789659605024], [127.20301889189643, 37.70579921520199], [127.20312396055543, 37.70575431167863], [127.20318489924787, 37.70571983563581], [127.2032462996448, 37.70570510794068], [127.20339165605995, 37.70560052735738], [127.20339646323234, 37.70549562869336], [127.20336394494653, 37.70545141090062], [127.20343168056876, 37.70543536586411], [127.20350235418685, 37.705423856623874], [127.2035352596931, 37.70534330797325], [127.20356953772227, 37.70531723836281], [127.20357291684392, 37.705275391721045], [127.20346179605683, 37.70524596732293], [127.20343614679292, 37.705254966844954], [127.20334527237183, 37.705243914399006], [127.20326523450397, 37.70520192219685], [127.20319325744921, 37.70513408546408], [127.20312012782799, 37.70510958711378], [127.20315584767945, 37.70514690711373], [127.20315793580345, 37.705180978070814], [127.20315014221325, 37.70527614239715], [127.20311435165137, 37.70533416271924], [127.20320251638813, 37.705378880059534], [127.20319582974915, 37.70541382193933], [127.20308505098475, 37.705498161551866], [127.20302356100144, 37.70557609206534], [127.20290336522672, 37.70564624837645], [127.20279226854986, 37.70566359244103], [127.20277000422267, 37.705657972375626]]]]}}, {"id": "380", "type": "Feature", "properties": {"pnu": "4136026221101880003", "addr": "\uacbd\uae30\ub3c4 \ub0a8\uc591\uc8fc\uc2dc \uc624\ub0a8\uc74d \uc591\uc9c0\ub9ac 188-3", "jibun": "188-3", "jimok": "\ub2f5", "area_reg": 1795.0, "area_geom": 1800.1, "incl_ratio": 1.0, "area_incl": 1795.0, "zone": "\uc81c2\uc885\uc77c\ubc18\uc8fc\uac70\uc9c0\uc5ed", "use": "\uc804", "owner": "\ubc95\uc778", "price": 244700.0, "price_year": "2025", "included": true, "free": false, "note": ""}, "geometry": {"type": "MultiPolygon", "coordinates": [[[[127.20254614194505, 37.70543166221854], [127.202585623974, 37.70548062546332], [127.20277000422267, 37.705657972375626], [127.20279226854986, 37.70566359244103], [127.20290336522672, 37.70564624837645], [127.20302356100144, 37.70557609206534], [127.20308505098475, 37.705498161551866], [127.20319582974915, 37.70541382193933], [127.20320251638813, 37.705378880059534], [127.20311435165137, 37.70533416271924], [127.20315014221325, 37.70527614239715], [127.20315793580345, 37.705180978070814], [127.20315584767945, 37.70514690711373], [127.20312012782799, 37.70510958711378], [127.2030251822754, 37.705119362701105], [127.20303284080437, 37.7051920755758], [127.20299688470479, 37.705201525078614], [127.20296835555129, 37.70521070961262], [127.20293083228857, 37.70521514339287], [127.20289312924596, 37.7052663015556], [127.20281141709341, 37.705305389818406], [127.20274922904058, 37.705343273453195], [127.20269234021346, 37.70537406642351], [127.20254614194505, 37.70543166221854]]]]}}, {"id": "381", "type": "Feature", "properties": {"pnu": "4136026221101890001", "addr": "\uacbd\uae30\ub3c4 \ub0a8\uc591\uc8fc\uc2dc \uc624\ub0a8\uc74d \uc591\uc9c0\ub9ac 189-1", "jibun": "189-1", "jimok": "\uad6c\uac70", "area_reg": 1386.0, "area_geom": 1367.0, "incl_ratio": 1.0, "area_incl": 1386.0, "zone": "\uc81c1\uc885\uc77c\ubc18\uc8fc\uac70\uc9c0\uc5ed", "use": "\ud558\ucc9c\ub4f1", "owner": "\uad6d\uc720\uc9c0", "price": 121300.0, "price_year": "2025", "included": true, "free": false, "note": ""}, "geometry": {"type": "MultiPolygon", "coordinates": [[[[127.2052808319773, 37.70518523041993], [127.20517375637662, 37.705196290048335], [127.2049059596299, 37.7052073836334], [127.20478763021066, 37.705183576925045], [127.2046374105258, 37.70505915111218], [127.20387331423748, 37.70501737157993], [127.2037075474352, 37.7049924198656], [127.20332918593864, 37.70484839089578], [127.20317212140354, 37.704716082458255], [127.202879078301, 37.70458691619772], [127.2033965127721, 37.70494523760121], [127.20356332730952, 37.70498862171939], [127.20364505606693, 37.705018564909146], [127.20368862335165, 37.705039176399794], [127.20375383538149, 37.705183822759714], [127.20375731330913, 37.70519507886776], [127.20383394552417, 37.70524814043874], [127.20380311588033, 37.7051994330585], [127.20378467453008, 37.705156749902066], [127.20378317484595, 37.70507642236127], [127.20391950075464, 37.705079558063794], [127.20402114272072, 37.70507199564289], [127.2040421972918, 37.705053967197344], [127.20426485955356, 37.70508825374515], [127.20442042505792, 37.7051355661806], [127.20457248180588, 37.70514366541046], [127.2046155733739, 37.70511864345861], [127.2046751950751, 37.705187915124704], [127.20481454473303, 37.70526423003428], [127.2048374781402, 37.70524078340397], [127.20490606883249, 37.70524735028764], [127.20502617619506, 37.705237034233996], [127.20522507156376, 37.705225987343425], [127.2052808319773, 37.70518523041993]]]]}}, {"id": "382", "type": "Feature", "properties": {"pnu": "4136026221101890002", "addr": "\uacbd\uae30\ub3c4 \ub0a8\uc591\uc8fc\uc2dc \uc624\ub0a8\uc74d \uc591\uc9c0\ub9ac 189-2", "jibun": "189-2", "jimok": "\uc804", "area_reg": 2242.0, "area_geom": 2253.2, "incl_ratio": 1.0, "area_incl": 2242.0, "zone": "\uc81c2\uc885\uc77c\ubc18\uc8fc\uac70\uc9c0\uc5ed", "use": "\uc804", "owner": "\ubc95\uc778", "price": 164600.0, "price_year": "2025", "included": true, "free": false, "note": ""}, "geometry": {"type": "MultiPolygon", "coordinates": [[[[127.20375731330913, 37.70519507886776], [127.2033965127721, 37.70494523760121], [127.20331284457596, 37.70492347832748], [127.20321824702727, 37.70489418759479], [127.2032356130743, 37.70484568592601], [127.20309642737375, 37.70480809237585], [127.20302733621858, 37.70473373661998], [127.20298995947876, 37.70470004129189], [127.20290278523015, 37.704643852798874], [127.20283487751182, 37.704646356309176], [127.20287837017766, 37.704677275278385], [127.20292239652628, 37.704737781039945], [127.20296000916305, 37.704745510149216], [127.20296611035322, 37.70475820334582], [127.2029838997516, 37.70484931466384], [127.20300762562164, 37.70487967271558], [127.20300822544353, 37.70495045156931], [127.20303709338513, 37.705024560739965], [127.2031163135542, 37.705078780602925], [127.20312012782799, 37.70510958711378], [127.20319325744921, 37.70513408546408], [127.20326523450397, 37.70520192219685], [127.20334527237183, 37.705243914399006], [127.20343614679292, 37.705254966844954], [127.20346179605683, 37.70524596732293], [127.20357291684392, 37.705275391721045], [127.20371796862331, 37.705313794525026], [127.20366118841281, 37.70537607653059], [127.20360924115741, 37.70542246619908], [127.20358613527333, 37.705420136254894], [127.20356613839992, 37.70554799954307], [127.20358767378039, 37.7055942092148], [127.20360549052675, 37.705573906953425], [127.20366429391257, 37.70552579369991], [127.20370931179798, 37.70547498313773], [127.20376423319908, 37.705396342759414], [127.20378640656465, 37.70528919791493], [127.20375731330913, 37.70519507886776]]]]}}, {"id": "383", "type": "Feature", "properties": {"pnu": "4136026221101890003", "addr": "\uacbd\uae30\ub3c4 \ub0a8\uc591\uc8fc\uc2dc \uc624\ub0a8\uc74d \uc591\uc9c0\ub9ac 189-3", "jibun": "189-3", "jimok": "\uad6c\uac70", "area_reg": 21.0, "area_geom": 20.4, "incl_ratio": 1.0, "area_incl": 21.0, "zone": "\uc81c2\uc885\uc77c\ubc18\uc8fc\uac70\uc9c0\uc5ed", "use": "\ud558\ucc9c\ub4f1", "owner": "\uad6d\uc720\uc9c0", "price": 168100.0, "price_year": "2025", "included": true, "free": false, "note": ""}, "geometry": {"type": "MultiPolygon", "coordinates": [[[[127.2038112455594, 37.70523242149021], [127.2037922834841, 37.70521929090713], [127.20380892408542, 37.70526281504923], [127.20381582264082, 37.70533516878778], [127.20382072845773, 37.705350242539005], [127.20384061103849, 37.70536825477236], [127.20385906864472, 37.705375169548965], [127.20386596746197, 37.70536416592859], [127.20384899977189, 37.70535886132545], [127.20382792733704, 37.70533281451996], [127.203819637242, 37.70526167046356], [127.20381623763146, 37.70524585533614], [127.2038112455594, 37.70523242149021]]]]}}, {"id": "384", "type": "Feature", "properties": {"pnu": "4136026221101890004", "addr": "\uacbd\uae30\ub3c4 \ub0a8\uc591\uc8fc\uc2dc \uc624\ub0a8\uc74d \uc591\uc9c0\ub9ac 189-4", "jibun": "189-4", "jimok": "\uad6c\uac70", "area_reg": 19.0, "area_geom": 19.0, "incl_ratio": 1.0, "area_incl": 19.0, "zone": "\uc81c2\uc885\uc77c\ubc18\uc8fc\uac70\uc9c0\uc5ed", "use": "\ud558\ucc9c\ub4f1", "owner": "\ubc95\uc778", "price": 168100.0, "price_year": "2025", "included": true, "free": false, "note": ""}, "geometry": {"type": "MultiPolygon", "coordinates": [[[[127.20101211248303, 37.70346379173714], [127.20077788086856, 37.70346418775662], [127.20079661380224, 37.70347257112524], [127.20092509081313, 37.70347616503077], [127.20101211248303, 37.70346379173714]]]]}}, {"id": "385", "type": "Feature", "properties": {"pnu": "4136026221101890005", "addr": "\uacbd\uae30\ub3c4 \ub0a8\uc591\uc8fc\uc2dc \uc624\ub0a8\uc74d \uc591\uc9c0\ub9ac 189-5", "jibun": "189-5", "jimok": "\uad6c\uac70", "area_reg": 53.0, "area_geom": 52.2, "incl_ratio": 1.0, "area_incl": 53.0, "zone": "\uc81c1\uc885\uc77c\ubc18\uc8fc\uac70\uc9c0\uc5ed", "use": "\ud558\ucc9c\ub4f1", "owner": "\uad6d\uc720\uc9c0", "price": 141700.0, "price_year": "2025", "included": true, "free": false, "note": ""}, "geometry": {"type": "MultiPolygon", "coordinates": [[[[127.202879078301, 37.70458691619772], [127.2027299325733, 37.704417681066865], [127.2025074440189, 37.70423673207728], [127.202879078301, 37.70458691619772]]]]}}, {"id": "386", "type": "Feature", "properties": {"pnu": "4136026221101890006", "addr": "\uacbd\uae30\ub3c4 \ub0a8\uc591\uc8fc\uc2dc \uc624\ub0a8\uc74d \uc591\uc9c0\ub9ac 189-6", "jibun": "189-6", "jimok": "\uad6c\uac70", "area_reg": 94.0, "area_geom": 92.9, "incl_ratio": 1.0, "area_incl": 94.0, "zone": "\uc81c1\uc885\uc77c\ubc18\uc8fc\uac70\uc9c0\uc5ed", "use": "\ud558\ucc9c\ub4f1", "owner": "\uad6d\uc720\uc9c0", "price": 141700.0, "price_year": "2025", "included": true, "free": false, "note": ""}, "geometry": {"type": "MultiPolygon", "coordinates": [[[[127.2023261962952, 37.70398319368618], [127.20223697297156, 37.70395301006141], [127.20204732707127, 37.70386894822725], [127.20204021312261, 37.70386749174962], [127.20232322640427, 37.704063483825095], [127.2022877108127, 37.70403007340967], [127.2023261962952, 37.70398319368618]]]]}}, {"id": "387", "type": "Feature", "properties": {"pnu": "4136026221101890007", "addr": "\uacbd\uae30\ub3c4 \ub0a8\uc591\uc8fc\uc2dc \uc624\ub0a8\uc74d \uc591\uc9c0\ub9ac 189-7", "jibun": "189-7", "jimok": "\uad6c\uac70", "area_reg": 186.0, "area_geom": 184.3, "incl_ratio": 1.0, "area_incl": 186.0, "zone": "\uc81c2\uc885\uc77c\ubc18\uc8fc\uac70\uc9c0\uc5ed", "use": "\ud558\ucc9c\ub4f1", "owner": "\ubc95\uc778", "price": 168100.0, "price_year": "2025", "included": true, "free": false, "note": ""}, "geometry": {"type": "MultiPolygon", "coordinates": [[[[127.20385906864472, 37.705375169548965], [127.20384061103849, 37.70536825477236], [127.20382072845773, 37.705350242539005], [127.20381582264082, 37.70533516878778], [127.20380892408542, 37.70526281504923], [127.2037922834841, 37.70521929090713], [127.20375731330913, 37.70519507886776], [127.20378640656465, 37.70528919791493], [127.20376423319908, 37.705396342759414], [127.20382588645772, 37.705391344758894], [127.20400108989595, 37.705458292135035], [127.20415005377895, 37.70545891920327], [127.20412759811187, 37.70542051357838], [127.2038884116598, 37.705394237690065], [127.20385788309511, 37.705377063611365], [127.20385906864472, 37.705375169548965]]]]}}, {"id": "388", "type": "Feature", "properties": {"pnu": "4136026221102220008", "addr": "\uacbd\uae30\ub3c4 \ub0a8\uc591\uc8fc\uc2dc \uc624\ub0a8\uc74d \uc591\uc9c0\ub9ac 222-8", "jibun": "222-8", "jimok": "\ub3c4\ub85c", "area_reg": 195.0, "area_geom": 197.9, "incl_ratio": 1.0, "area_incl": 195.0, "zone": "\uc81c1\uc885\uc77c\ubc18\uc8fc\uac70\uc9c0\uc5ed", "use": "\ub3c4\ub85c\ub4f1", "owner": "\uac1c\uc778", "price": 77600.0, "price_year": "2025", "included": true, "free": false, "note": ""}, "geometry": {"type": "MultiPolygon", "coordinates": [[[[127.20192286942573, 37.70815109846758], [127.20178789042122, 37.70810691019394], [127.20181084153698, 37.70808936545485], [127.20203032554831, 37.7079217192079], [127.2019994231256, 37.70789649066097], [127.20199097863463, 37.70788958560313], [127.20174732772446, 37.70807811214565], [127.2016790284809, 37.70805006392052], [127.20172125521519, 37.708094626061744], [127.20180819084501, 37.7081494643488], [127.20192286942573, 37.70815109846758]]]]}}, {"id": "389", "type": "Feature", "properties": {"pnu": "4136026221102010002", "addr": "\uacbd\uae30\ub3c4 \ub0a8\uc591\uc8fc\uc2dc \uc624\ub0a8\uc74d \uc591\uc9c0\ub9ac 201-2", "jibun": "201-2", "jimok": "\ub300", "area_reg": 549.0, "area_geom": 536.0, "incl_ratio": 1.0, "area_incl": 549.0, "zone": "\uc81c1\uc885\uc77c\ubc18\uc8fc\uac70\uc9c0\uc5ed", "use": "\ub2e4\uc138\ub300", "owner": "\uac1c\uc778", "price": 544500.0, "price_year": "2025", "included": true, "free": false, "note": ""}, "geometry": {"type": "MultiPolygon", "coordinates": [[[[127.20027512690535, 37.70665041009288], [127.2002126971006, 37.70654340850604], [127.20004329572726, 37.706602166492694], [127.20002540618647, 37.70671043862131], [127.20007170131761, 37.70678014046723], [127.20013127888957, 37.706808456591965], [127.20015395019458, 37.70685179088934], [127.2002215048716, 37.70689041859632], [127.20027512690535, 37.70665041009288]]]]}}, {"id": "390", "type": "Feature", "properties": {"pnu": "4136026221101930001", "addr": "\uacbd\uae30\ub3c4 \ub0a8\uc591\uc8fc\uc2dc \uc624\ub0a8\uc74d \uc591\uc9c0\ub9ac 193-1", "jibun": "193-1", "jimok": "\ub300", "area_reg": 31014.0, "area_geom": 31168.7, "incl_ratio": 1.0, "area_incl": 31014.0, "zone": "\uc81c2\uc885\uc77c\ubc18\uc8fc\uac70\uc9c0\uc5ed", "use": "\uc544\ud30c\ud2b8", "owner": "\uac1c\uc778", "price": 1062000.0, "price_year": "2025", "included": true, "free": false, "note": ""}, "geometry": {"type": "MultiPolygon", "coordinates": [[[[127.2042216796666, 37.7069422811004], [127.20433004777931, 37.706925985503965], [127.20438427322063, 37.70664177273924], [127.20398538744516, 37.70662272714355], [127.20377056740388, 37.70642541492342], [127.20367770124119, 37.706449828160686], [127.20360617446188, 37.70641058757344], [127.20357368194848, 37.70639276809499], [127.20338267585112, 37.70633687496904], [127.20321465816397, 37.706281608929544], [127.20308474425323, 37.7060591123521], [127.20300124160039, 37.705922983993254], [127.20296187739098, 37.70582136825362], [127.20289710039208, 37.70577009681734], [127.20273541301574, 37.705677420188735], [127.20262171893485, 37.70559386035941], [127.2024908897901, 37.70545968633628], [127.20251264905349, 37.70542107890472], [127.20247936805137, 37.705371366275415], [127.20237081107128, 37.70537161429391], [127.20229117233093, 37.705317682954224], [127.20223427494926, 37.70517294054659], [127.20227228127686, 37.705137377795715], [127.20218958772148, 37.705123769807265], [127.2021344203855, 37.7050864555716], [127.20216464306277, 37.705040824288595], [127.20203524790847, 37.70499630241963], [127.20190526316657, 37.704850656998985], [127.20174528589884, 37.704789681078864], [127.20173779393828, 37.70476576414505], [127.2015188327485, 37.70468585063954], [127.20143841971237, 37.70464711932457], [127.20176450081806, 37.70548713116502], [127.20142506594469, 37.70538778096011], [127.20128380379118, 37.70537934404807], [127.20144737727067, 37.70599360657699], [127.20147246323145, 37.70609133684209], [127.20166187410528, 37.706760910507846], [127.20169827533277, 37.7067479649114], [127.20173245585148, 37.70669359667547], [127.20183413490238, 37.7066862703271], [127.20189956031128, 37.706742478528945], [127.20189157808007, 37.70680613630259], [127.20219848864637, 37.706915261906126], [127.20243200007893, 37.70696753472664], [127.20246509077934, 37.707022112893256], [127.20255245848115, 37.70702725264658], [127.20264001769203, 37.70698994752147], [127.20280007123455, 37.7069429143182], [127.20301939902741, 37.70693326880246], [127.20322039563956, 37.70697187391196], [127.20353240374719, 37.70697770062904], [127.20366598004509, 37.706969263922886], [127.2037729511868, 37.706985514108496], [127.20396858347438, 37.70696123974795], [127.20400117899105, 37.706958435837414], [127.20407149145731, 37.706959567424185], [127.20416772119181, 37.70693749060843], [127.2042216796666, 37.7069422811004]]]]}}, {"id": "391", "type": "Feature", "properties": {"pnu": "4136026221101930002", "addr": "\uacbd\uae30\ub3c4 \ub0a8\uc591\uc8fc\uc2dc \uc624\ub0a8\uc74d \uc591\uc9c0\ub9ac 193-2", "jibun": "193-2", "jimok": "\ub3c4\ub85c", "area_reg": 2615.0, "area_geom": 2668.3, "incl_ratio": 0.7807, "area_incl": 2041.5, "zone": "\uc81c1\uc885\uc77c\ubc18\uc8fc\uac70\uc9c0\uc5ed", "use": "\ub3c4\ub85c\ub4f1", "owner": "\uad70\uc720\uc9c0", "price": 193000.0, "price_year": "2025", "included": true, "free": false, "note": ""}, "geometry": {"type": "MultiPolygon", "coordinates": [[[[127.20147246323145, 37.70609133684209], [127.20144737727067, 37.70599360657699], [127.20111359833253, 37.70598697329043], [127.20108554149294, 37.7059864171293], [127.20100931388012, 37.705944245768855], [127.20094702128337, 37.705909790088434], [127.20093366556311, 37.705902397726724], [127.20092613219089, 37.70589259894906], [127.20088130735328, 37.70583422909181], [127.20066860842779, 37.70565862087154], [127.20041279358684, 37.705579785651175], [127.20026362035912, 37.70557303665698], [127.20005863044715, 37.70559986135269], [127.19971212685175, 37.70568578371733], [127.1996045642637, 37.705672098587165], [127.19953624827478, 37.7056494098806], [127.19945196280534, 37.70562141422279], [127.1994024533012, 37.70558767505814], [127.19923690353889, 37.70555469810118], [127.19902195138734, 37.70564787581132], [127.19882163905068, 37.70565562608607], [127.1988623369224, 37.70578338701261], [127.19886809834392, 37.705775088485346], [127.19892705705414, 37.705724463637694], [127.19911490619651, 37.70572500493443], [127.1992170458359, 37.7056438549331], [127.19928912952413, 37.70559508190752], [127.1995805679891, 37.705791138455325], [127.19962769498558, 37.705764733071035], [127.19967434107699, 37.70581327981931], [127.19982629551268, 37.70576136299933], [127.20000749622452, 37.70571815414637], [127.20013250613526, 37.705666165156515], [127.20025764365347, 37.70569176699285], [127.20026599885193, 37.70569511351352], [127.20030967050947, 37.70571254566569], [127.20036859294675, 37.70570815772317], [127.20048399660892, 37.70571519781827], [127.20057689205653, 37.70580769636236], [127.20072687975029, 37.70584316637193], [127.20093181253009, 37.70599380383445], [127.20111393097609, 37.70606873536677], [127.20120278983057, 37.70607641432173], [127.20147246323145, 37.70609133684209]]]]}}, {"id": "392", "type": "Feature", "properties": {"pnu": "4136026221101930004", "addr": "\uacbd\uae30\ub3c4 \ub0a8\uc591\uc8fc\uc2dc \uc624\ub0a8\uc74d \uc591\uc9c0\ub9ac 193-4", "jibun": "193-4", "jimok": "\ub300", "area_reg": 7233.0, "area_geom": 7383.3, "incl_ratio": 1.0, "area_incl": 7233.0, "zone": "\uc81c2\uc885\uc77c\ubc18\uc8fc\uac70\uc9c0\uc5ed", "use": "\uc544\ud30c\ud2b8", "owner": "\uac1c\uc778", "price": 1104000.0, "price_year": "2025", "included": true, "free": false, "note": ""}, "geometry": {"type": "MultiPolygon", "coordinates": [[[[127.20144737727067, 37.70599360657699], [127.20128380379118, 37.70537934404807], [127.20056047289548, 37.705311976654315], [127.19965077442409, 37.70522459231193], [127.19953624827478, 37.7056494098806], [127.1996045642637, 37.705672098587165], [127.19971212685175, 37.70568578371733], [127.20005863044715, 37.70559986135269], [127.20026362035912, 37.70557303665698], [127.20041279358684, 37.705579785651175], [127.20066860842779, 37.70565862087154], [127.20088130735328, 37.70583422909181], [127.20092613219089, 37.70589259894906], [127.20094702128337, 37.705909790088434], [127.20100931388012, 37.705944245768855], [127.20111359833253, 37.70598697329043], [127.20144737727067, 37.70599360657699]]]]}}, {"id": "393", "type": "Feature", "properties": {"pnu": "4136026221101930005", "addr": "\uacbd\uae30\ub3c4 \ub0a8\uc591\uc8fc\uc2dc \uc624\ub0a8\uc74d \uc591\uc9c0\ub9ac 193-5", "jibun": "193-5", "jimok": "\ub3c4\ub85c", "area_reg": 1.0, "area_geom": 0.4, "incl_ratio": 1.0, "area_incl": 1.0, "zone": "\uc81c2\uc885\uc77c\ubc18\uc8fc\uac70\uc9c0\uc5ed", "use": "\ub3c4\ub85c\ub4f1", "owner": "\uad70\uc720\uc9c0", "price": 350400.0, "price_year": "2025", "included": true, "free": false, "note": ""}, "geometry": {"type": "MultiPolygon", "coordinates": [[[[127.20094702128337, 37.705909790088434], [127.20092613219089, 37.70589259894906], [127.20093366556311, 37.705902397726724], [127.20094702128337, 37.705909790088434]]]]}}, {"id": "394", "type": "Feature", "properties": {"pnu": "4136026221101930008", "addr": "\uacbd\uae30\ub3c4 \ub0a8\uc591\uc8fc\uc2dc \uc624\ub0a8\uc74d \uc591\uc9c0\ub9ac 193-8", "jibun": "193-8", "jimok": "\ub300", "area_reg": 1639.8, "area_geom": 1639.8, "incl_ratio": 0.0131, "area_incl": 21.5, "zone": "\uc81c1\uc885\uc77c\ubc18\uc8fc\uac70\uc9c0\uc5ed", "use": null, "owner": null, "price": 660100.0, "price_year": "2025", "included": false, "free": false, "note": ""}, "geometry": {"type": "MultiPolygon", "coordinates": [[[[127.19896134775466, 37.70549301117713], [127.19914530627574, 37.70550193792256], [127.19913796241282, 37.705597587752166], [127.19923690353889, 37.70555469810118], [127.1994024533012, 37.70558767505814], [127.19945196280534, 37.70562141422279], [127.19953624827478, 37.7056494098806], [127.19965077442409, 37.70522459231193], [127.19905263315066, 37.70535565921938], [127.19897510386151, 37.70531372296893], [127.19896134775466, 37.70549301117713]]]]}}, {"id": "395", "type": "Feature", "properties": {"pnu": "4136026221102330001", "addr": "\uacbd\uae30\ub3c4 \ub0a8\uc591\uc8fc\uc2dc \uc624\ub0a8\uc74d \uc591\uc9c0\ub9ac 233-1", "jibun": "233-1", "jimok": "\uc804", "area_reg": 121.0, "area_geom": 123.4, "incl_ratio": 1.0, "area_incl": 121.0, "zone": "\uc81c1\uc885\uc77c\ubc18\uc8fc\uac70\uc9c0\uc5ed", "use": "\uc804", "owner": "\uac1c\uc778", "price": 235300.0, "price_year": "2025", "included": true, "free": false, "note": ""}, "geometry": {"type": "MultiPolygon", "coordinates": [[[[127.20412667576477, 37.70802708965751], [127.20424501402967, 37.70810252231282], [127.20430705083584, 37.708208351149096], [127.20434545015455, 37.70820443798456], [127.20431185071308, 37.708126165844966], [127.20426385679687, 37.70805073846634], [127.20422159663408, 37.70800694311503], [127.20412667576477, 37.70802708965751]]]]}}, {"id": "396", "type": "Feature", "properties": {"pnu": "4136026221101950001", "addr": "\uacbd\uae30\ub3c4 \ub0a8\uc591\uc8fc\uc2dc \uc624\ub0a8\uc74d \uc591\uc9c0\ub9ac 195-1", "jibun": "195-1", "jimok": "\uad6c\uac70", "area_reg": 148.0, "area_geom": 158.0, "incl_ratio": 0.9679, "area_incl": 143.2, "zone": "\uc81c1\uc885\uc77c\ubc18\uc8fc\uac70\uc9c0\uc5ed", "use": "\ud558\ucc9c\ub4f1", "owner": "\ubc95\uc778", "price": 77600.0, "price_year": "2025", "included": true, "free": false, "note": ""}, "geometry": {"type": "MultiPolygon", "coordinates": [[[[127.19982484030373, 37.705968551534085], [127.19958797602699, 37.70579652279757], [127.19950952049867, 37.70578608622206], [127.19947514954704, 37.70575651116132], [127.19947784293429, 37.70576721912305], [127.19983208884973, 37.706033237694264], [127.1998317070705, 37.7060091194834], [127.19982484030373, 37.705968551534085]]]]}}, {"id": "397", "type": "Feature", "properties": {"pnu": "4136026221101950003", "addr": "\uacbd\uae30\ub3c4 \ub0a8\uc591\uc8fc\uc2dc \uc624\ub0a8\uc74d \uc591\uc9c0\ub9ac 195-3", "jibun": "195-3", "jimok": "\ub300", "area_reg": 597.0, "area_geom": 590.6, "incl_ratio": 1.0, "area_incl": 597.0, "zone": "\uc81c1\uc885\uc77c\ubc18\uc8fc\uac70\uc9c0\uc5ed", "use": "\uc0c1\uc5c5\uc6a9", "owner": "\uac1c\uc778", "price": 760300.0, "price_year": "2025", "included": true, "free": false, "note": ""}, "geometry": {"type": "MultiPolygon", "coordinates": [[[[127.19965234850837, 37.705790396204165], [127.19961701921832, 37.70578850046388], [127.19959774736463, 37.705803624014194], [127.19982484030373, 37.705968551534085], [127.19982122233857, 37.70594708760441], [127.19986121482148, 37.705920072458625], [127.19986854997094, 37.70591511381877], [127.19997202894513, 37.70587716222233], [127.19998370335546, 37.70590048659743], [127.20002839026124, 37.70590738485473], [127.20009321768605, 37.70586773231898], [127.20000749622452, 37.70571815414637], [127.19982629551268, 37.70576136299933], [127.19967434107699, 37.70581327981931], [127.19965234850837, 37.705790396204165]]]]}}, {"id": "398", "type": "Feature", "properties": {"pnu": "4136026221101950004", "addr": "\uacbd\uae30\ub3c4 \ub0a8\uc591\uc8fc\uc2dc \uc624\ub0a8\uc74d \uc591\uc9c0\ub9ac 195-4", "jibun": "195-4", "jimok": "\ub2f5", "area_reg": 331.0, "area_geom": 339.5, "incl_ratio": 1.0, "area_incl": 331.0, "zone": "\uc81c1\uc885\uc77c\ubc18\uc8fc\uac70\uc9c0\uc5ed", "use": "\uc8fc\uac70\ub098\uc9c0", "owner": "\uac1c\uc778", "price": 517300.0, "price_year": "2025", "included": true, "free": false, "note": ""}, "geometry": {"type": "MultiPolygon", "coordinates": [[[[127.2002409870848, 37.70582841751408], [127.20026599885193, 37.70569511351352], [127.20025764365347, 37.70569176699285], [127.20013250613526, 37.705666165156515], [127.20000749622452, 37.70571815414637], [127.20009321768605, 37.70586773231898], [127.20011726467902, 37.70585300608057], [127.20014333528452, 37.70586993636565], [127.20019285324224, 37.7058259218576], [127.2002409870848, 37.70582841751408]]]]}}, {"id": "399", "type": "Feature", "properties": {"pnu": "4136026221101950005", "addr": "\uacbd\uae30\ub3c4 \ub0a8\uc591\uc8fc\uc2dc \uc624\ub0a8\uc74d \uc591\uc9c0\ub9ac 195-5", "jibun": "195-5", "jimok": "\ub3c4\ub85c", "area_reg": 10.0, "area_geom": 10.8, "incl_ratio": 1.0, "area_incl": 10.0, "zone": "\uc81c1\uc885\uc77c\ubc18\uc8fc\uac70\uc9c0\uc5ed", "use": "\ub3c4\ub85c\ub4f1", "owner": "\uac1c\uc778", "price": 233100.0, "price_year": "2025", "included": true, "free": false, "note": ""}, "geometry": {"type": "MultiPolygon", "coordinates": [[[[127.19965234850837, 37.705790396204165], [127.19962769498558, 37.705764733071035], [127.1995805679891, 37.705791138455325], [127.19958797602699, 37.70579652279757], [127.19959774736463, 37.705803624014194], [127.19961701921832, 37.70578850046388], [127.19965234850837, 37.705790396204165]]]]}}, {"id": "400", "type": "Feature", "properties": {"pnu": "4136026221101950006", "addr": "\uacbd\uae30\ub3c4 \ub0a8\uc591\uc8fc\uc2dc \uc624\ub0a8\uc74d \uc591\uc9c0\ub9ac 195-6", "jibun": "195-6", "jimok": "\uc784\uc57c", "area_reg": 4062.0, "area_geom": 4061.8, "incl_ratio": 1.0, "area_incl": 4062.0, "zone": "\uc81c1\uc885\uc77c\ubc18\uc8fc\uac70\uc9c0\uc5ed", "use": "\uc790\uc5f0\ub9bc", "owner": "\uac1c\uc778", "price": 0.0, "price_year": "2025", "included": true, "free": false, "note": ""}, "geometry": {"type": "MultiPolygon", "coordinates": [[[[127.20061778392014, 37.70652829177848], [127.20045715684905, 37.705957837142], [127.20043731655112, 37.705887505186766], [127.20054186737113, 37.70586884095924], [127.20049839777607, 37.705867661975034], [127.20045554790175, 37.705839534043456], [127.2002409870848, 37.70582841751408], [127.20019285324224, 37.7058259218576], [127.20014333528452, 37.70586993636565], [127.20011726467902, 37.70585300608057], [127.20009321768605, 37.70586773231898], [127.20002839026124, 37.70590738485473], [127.19998370335546, 37.70590048659743], [127.19997202894513, 37.70587716222233], [127.19986854997094, 37.70591511381877], [127.19986121482148, 37.705920072458625], [127.19982122233857, 37.70594708760441], [127.19982484030373, 37.705968551534085], [127.19994089346052, 37.706057452814974], [127.20015106618428, 37.70632350552863], [127.20027417251603, 37.70651807786692], [127.20030249126802, 37.706586908956545], [127.20030249129206, 37.70658691796618], [127.20030249131611, 37.706586926975774], [127.20030263965197, 37.70658726909268], [127.20035200211865, 37.70661225974396], [127.2003455250619, 37.706649786874394], [127.20034096852814, 37.70670580759058], [127.20040322051999, 37.70678433889266], [127.20042170307437, 37.70685998882987], [127.20049028246376, 37.70684494413329], [127.20057663280117, 37.70682598623783], [127.20062768343199, 37.70683759458342], [127.20068171230221, 37.70675013670794], [127.20062660843406, 37.70655866645016], [127.20061370505545, 37.7065423537294], [127.20061778392014, 37.70652829177848]]]]}}, {"id": "401", "type": "Feature", "properties": {"pnu": "4136026221101950007", "addr": "\uacbd\uae30\ub3c4 \ub0a8\uc591\uc8fc\uc2dc \uc624\ub0a8\uc74d \uc591\uc9c0\ub9ac 195-7", "jibun": "195-7", "jimok": "\uc784\uc57c", "area_reg": 6644.0, "area_geom": 6652.3, "incl_ratio": 1.0, "area_incl": 6644.0, "zone": "\uc81c1\uc885\uc77c\ubc18\uc8fc\uac70\uc9c0\uc5ed", "use": "\uc790\uc5f0\ub9bc", "owner": "\ubc95\uc778", "price": 0.0, "price_year": "2025", "included": true, "free": false, "note": ""}, "geometry": {"type": "MultiPolygon", "coordinates": [[[[127.20061778392014, 37.70652829177848], [127.20062660845818, 37.706558675459746], [127.20072959684893, 37.70668891629611], [127.20068259302427, 37.70674871169474], [127.20062768343199, 37.70683759458342], [127.20063423829231, 37.70686735141889], [127.20068726081855, 37.706891173502385], [127.2008588045712, 37.70690823623639], [127.20100760393669, 37.706926796764314], [127.20116572444188, 37.70691131185334], [127.20124545997376, 37.70697139736835], [127.20139954207751, 37.70697653307621], [127.20146444070062, 37.70701819181583], [127.20151816711684, 37.70695776304088], [127.20153744816284, 37.70692921477708], [127.2016072374943, 37.70689185046145], [127.20167729436598, 37.70684857531596], [127.20164527039185, 37.70682355579675], [127.20165183630799, 37.70676448635841], [127.20166187410528, 37.706760910507846], [127.20147246323145, 37.70609133684209], [127.20120278983057, 37.70607641432173], [127.20111393097609, 37.70606873536677], [127.20105138944461, 37.70604300151198], [127.20098052698573, 37.706191762718824], [127.20096013541058, 37.70633912311852], [127.20062450334275, 37.706505116606166], [127.20061778392014, 37.70652829177848]]]]}}, {"id": "402", "type": "Feature", "properties": {"pnu": "4136026221101970002", "addr": "\uacbd\uae30\ub3c4 \ub0a8\uc591\uc8fc\uc2dc \uc624\ub0a8\uc74d \uc591\uc9c0\ub9ac 197-2", "jibun": "197-2", "jimok": "\uacf5\uc7a5\uc6a9\uc9c0", "area_reg": 1618.0, "area_geom": 1626.2, "incl_ratio": 0.0801, "area_incl": 129.6, "zone": "\uc81c1\uc885\uc77c\ubc18\uc8fc\uac70\uc9c0\uc5ed", "use": "\uacf5\uc5c5\uc6a9", "owner": "\uac1c\uc778", "price": 549700.0, "price_year": "2025", "included": true, "free": false, "note": ""}, "geometry": {"type": "MultiPolygon", "coordinates": [[[[127.19907217820591, 37.70607584952756], [127.19921632478272, 37.70617079498085], [127.1992387198709, 37.70623849203583], [127.19926114732276, 37.706267132168], [127.19926656357798, 37.706274042501974], [127.19967465300745, 37.70593897302917], [127.19965618528656, 37.705928165442906], [127.19958929570646, 37.705913177628894], [127.19956811571434, 37.70594423345374], [127.19950359502438, 37.70597143383899], [127.1993981995157, 37.70591139019479], [127.1993288584146, 37.70583159086902], [127.19931927409328, 37.705826579557], [127.19920881693946, 37.70595277385763], [127.19901804785718, 37.7057366635194], [127.19893376044995, 37.70573783175769], [127.19889301131445, 37.70579177772404], [127.19892999049041, 37.70587274868597], [127.19899786445342, 37.705998103532], [127.19907217820591, 37.70607584952756]]]]}}, {"id": "403", "type": "Feature", "properties": {"pnu": "4136026221101970003", "addr": "\uacbd\uae30\ub3c4 \ub0a8\uc591\uc8fc\uc2dc \uc624\ub0a8\uc74d \uc591\uc9c0\ub9ac 197-3", "jibun": "197-3", "jimok": "\ub2f5", "area_reg": 177.0, "area_geom": 179.2, "incl_ratio": 1.0, "area_incl": 177.0, "zone": "\uc81c1\uc885\uc77c\ubc18\uc8fc\uac70\uc9c0\uc5ed", "use": "\uc8fc\uac70\ub098\uc9c0", "owner": "\uac1c\uc778", "price": 373200.0, "price_year": "2025", "included": true, "free": false, "note": ""}, "geometry": {"type": "MultiPolygon", "coordinates": [[[[127.1995676033357, 37.706229011563885], [127.19959729219849, 37.70626327047193], [127.19965176468108, 37.706291045828245], [127.1996866115193, 37.70626923796073], [127.1997215090186, 37.706219617186285], [127.19975222416205, 37.70615378604905], [127.19974791571612, 37.70607743644628], [127.1995676033357, 37.706229011563885]]]]}}, {"id": "404", "type": "Feature", "properties": {"pnu": "4136026221101980001", "addr": "\uacbd\uae30\ub3c4 \ub0a8\uc591\uc8fc\uc2dc \uc624\ub0a8\uc74d \uc591\uc9c0\ub9ac 198-1", "jibun": "198-1", "jimok": "\uad6c\uac70", "area_reg": 31.0, "area_geom": 41.3, "incl_ratio": 1.0, "area_incl": 31.0, "zone": "\uc81c1\uc885\uc77c\ubc18\uc8fc\uac70\uc9c0\uc5ed", "use": "\ud558\ucc9c\ub4f1", "owner": "\ubc95\uc778", "price": 162900.0, "price_year": "2025", "included": true, "free": false, "note": ""}, "geometry": {"type": "MultiPolygon", "coordinates": [[[[127.20003842779661, 37.706260888889936], [127.20003917130826, 37.706242030426054], [127.19999977487845, 37.706160901713474], [127.19994802790987, 37.70610907515589], [127.19991398710152, 37.70610137511743], [127.20003842779661, 37.706260888889936]]]]}}, {"id": "405", "type": "Feature", "properties": {"pnu": "4136026221101990001", "addr": "\uacbd\uae30\ub3c4 \ub0a8\uc591\uc8fc\uc2dc \uc624\ub0a8\uc74d \uc591\uc9c0\ub9ac 199-1", "jibun": "199-1", "jimok": "\ub2f5", "area_reg": 1012.0, "area_geom": 1016.4, "incl_ratio": 1.0, "area_incl": 1012.0, "zone": "\uc81c1\uc885\uc77c\ubc18\uc8fc\uac70\uc9c0\uc5ed", "use": "\uc8fc\uac70\ub098\uc9c0", "owner": "\uac1c\uc778", "price": 387500.0, "price_year": "2025", "included": true, "free": false, "note": ""}, "geometry": {"type": "MultiPolygon", "coordinates": [[[[127.19947796254124, 37.706660724643115], [127.19971158852317, 37.70669740694875], [127.1998382891742, 37.70669619385927], [127.19998418994209, 37.70668692071684], [127.20001529797267, 37.70650478319856], [127.19995279001039, 37.70645335316547], [127.19995839474089, 37.70644160415114], [127.19988793713361, 37.706419847250835], [127.19980496395154, 37.70641658115059], [127.19978671081792, 37.70643529787035], [127.19975021581341, 37.70643864775076], [127.1995471376331, 37.706579737818224], [127.19947796254124, 37.706660724643115]]]]}}, {"id": "406", "type": "Feature", "properties": {"pnu": "4136026221101990002", "addr": "\uacbd\uae30\ub3c4 \ub0a8\uc591\uc8fc\uc2dc \uc624\ub0a8\uc74d \uc591\uc9c0\ub9ac 199-2", "jibun": "199-2", "jimok": "\ub2f5", "area_reg": 1808.0, "area_geom": 1796.7, "incl_ratio": 0.9295, "area_incl": 1680.5, "zone": "\uc81c1\uc885\uc77c\ubc18\uc8fc\uac70\uc9c0\uc5ed", "use": "\uc8fc\uac70\ub098\uc9c0", "owner": "\uac1c\uc778", "price": 459600.0, "price_year": "2025", "included": true, "free": false, "note": ""}, "geometry": {"type": "MultiPolygon", "coordinates": [[[[127.19947796254124, 37.706660724643115], [127.1995471376331, 37.706579737818224], [127.19975021581341, 37.70643864775076], [127.19978671081792, 37.70643529787035], [127.19980496395154, 37.70641658115059], [127.19988793713361, 37.706419847250835], [127.19995839474089, 37.70644160415114], [127.20003787550226, 37.70627490884603], [127.19998591625081, 37.70624557977729], [127.19992089663418, 37.706132437800235], [127.19991398710152, 37.70610137511743], [127.19989411880312, 37.70607992951991], [127.19983236291415, 37.70605097724876], [127.19977725342446, 37.7060181666471], [127.19974712955549, 37.70606327458646], [127.19974791571612, 37.70607743644628], [127.19975222416205, 37.70615378604905], [127.1997215090186, 37.706219617186285], [127.1996866115193, 37.70626923796073], [127.19965176468108, 37.706291045828245], [127.19959729219849, 37.70626327047193], [127.1995676033357, 37.706229011563885], [127.19933693911355, 37.70642291716229], [127.1993465676647, 37.70645307435029], [127.19931410801841, 37.70653686455104], [127.1993328039951, 37.70653111205774], [127.19943375900611, 37.706511634966695], [127.19947796254124, 37.706660724643115]]]]}}, {"id": "407", "type": "Feature", "properties": {"pnu": "4136026221101990003", "addr": "\uacbd\uae30\ub3c4 \ub0a8\uc591\uc8fc\uc2dc \uc624\ub0a8\uc74d \uc591\uc9c0\ub9ac 199-3", "jibun": "199-3", "jimok": "\uacf5\uc7a5\uc6a9\uc9c0", "area_reg": 175.0, "area_geom": 178.8, "incl_ratio": 0.2793, "area_incl": 48.9, "zone": "\uc81c1\uc885\uc77c\ubc18\uc8fc\uac70\uc9c0\uc5ed", "use": "\uacf5\uc5c5\uc6a9", "owner": "\uac1c\uc778", "price": 549700.0, "price_year": "2025", "included": true, "free": false, "note": ""}, "geometry": {"type": "MultiPolygon", "coordinates": [[[[127.19927526759209, 37.70640013607461], [127.19929672884825, 37.70645350031785], [127.19926058085406, 37.706553333878915], [127.19931410801841, 37.70653686455104], [127.1993465676647, 37.70645307435029], [127.19933693911355, 37.70642291716229], [127.1995676033357, 37.706229011563885], [127.19955057491141, 37.70620936307072], [127.19946622579224, 37.70625575126293], [127.1993888172726, 37.70634500470626], [127.19927526759209, 37.70640013607461]]]]}}, {"id": "408", "type": "Feature", "properties": {"pnu": "4136026221102000001", "addr": "\uacbd\uae30\ub3c4 \ub0a8\uc591\uc8fc\uc2dc \uc624\ub0a8\uc74d \uc591\uc9c0\ub9ac 200-1", "jibun": "200-1", "jimok": "\uad6c\uac70", "area_reg": 260.0, "area_geom": 271.0, "incl_ratio": 1.0, "area_incl": 260.0, "zone": "\uc81c1\uc885\uc77c\ubc18\uc8fc\uac70\uc9c0\uc5ed", "use": "\ud558\ucc9c\ub4f1", "owner": "\ubc95\uc778", "price": 77600.0, "price_year": "2025", "included": true, "free": false, "note": ""}, "geometry": {"type": "MultiPolygon", "coordinates": [[[[127.20030250263217, 37.70658691794704], [127.20023929685318, 37.70655455367647], [127.20022477735596, 37.706489303181854], [127.20016634079806, 37.706442281133086], [127.20017116411474, 37.70636720454742], [127.20007102720488, 37.706297863694715], [127.200162614117, 37.706456612765095], [127.2002126971006, 37.70654340850604], [127.20027512690535, 37.70665041009288], [127.2002183782699, 37.70690439784126], [127.20025495650748, 37.7069278964505], [127.20027073762581, 37.70693471719143], [127.20027922343802, 37.70688924917405], [127.20032468160304, 37.70664546134313], [127.20030250263217, 37.70658691794704]]]]}}, {"id": "409", "type": "Feature", "properties": {"pnu": "4136026221102000002", "addr": "\uacbd\uae30\ub3c4 \ub0a8\uc591\uc8fc\uc2dc \uc624\ub0a8\uc74d \uc591\uc9c0\ub9ac 200-2", "jibun": "200-2", "jimok": "\ub300", "area_reg": 261.0, "area_geom": 251.9, "incl_ratio": 1.0, "area_incl": 261.0, "zone": "\uc81c1\uc885\uc77c\ubc18\uc8fc\uac70\uc9c0\uc5ed", "use": "\ub2e4\uc138\ub300", "owner": "\uac1c\uc778", "price": 544500.0, "price_year": "2025", "included": true, "free": false, "note": ""}, "geometry": {"type": "MultiPolygon", "coordinates": [[[[127.20007102720488, 37.706297863694715], [127.20003787550226, 37.70627490884603], [127.19995839474089, 37.70644160415114], [127.19995279001039, 37.70645335316547], [127.20001529797267, 37.70650478319856], [127.200162614117, 37.706456612765095], [127.20007102720488, 37.706297863694715]]]]}}, {"id": "410", "type": "Feature", "properties": {"pnu": "4136026221102000003", "addr": "\uacbd\uae30\ub3c4 \ub0a8\uc591\uc8fc\uc2dc \uc624\ub0a8\uc74d \uc591\uc9c0\ub9ac 200-3", "jibun": "200-3", "jimok": "\ub3c4\ub85c", "area_reg": 10.0, "area_geom": 9.9, "incl_ratio": 1.0, "area_incl": 10.0, "zone": "\uc81c1\uc885\uc77c\ubc18\uc8fc\uac70\uc9c0\uc5ed", "use": "\ub3c4\ub85c\ub4f1", "owner": "\uac1c\uc778", "price": 193000.0, "price_year": "2025", "included": true, "free": false, "note": ""}, "geometry": {"type": "MultiPolygon", "coordinates": [[[[127.20002540618647, 37.70671043862131], [127.20000869589535, 37.70667834732515], [127.19998554102985, 37.70667901697422], [127.19998418994209, 37.70668692071684], [127.20001981740057, 37.706728170023254], [127.20002205813554, 37.7067306889551], [127.20002540618647, 37.70671043862131]]]]}}, {"id": "411", "type": "Feature", "properties": {"pnu": "4136026221102150001", "addr": "\uacbd\uae30\ub3c4 \ub0a8\uc591\uc8fc\uc2dc \uc624\ub0a8\uc74d \uc591\uc9c0\ub9ac 215-1", "jibun": "215-1", "jimok": "\uad6c\uac70", "area_reg": 10.0, "area_geom": 9.5, "incl_ratio": 1.0, "area_incl": 10.0, "zone": "\uc81c1\uc885\uc77c\ubc18\uc8fc\uac70\uc9c0\uc5ed", "use": "\ub3c4\ub85c\ub4f1", "owner": "\uac1c\uc778", "price": 77600.0, "price_year": "2025", "included": true, "free": false, "note": ""}, "geometry": {"type": "MultiPolygon", "coordinates": [[[[127.19966569998714, 37.70774301855937], [127.1996649237951, 37.70777094078377], [127.19973519160708, 37.707733747958976], [127.19966569998714, 37.70774301855937]]]]}}, {"id": "412", "type": "Feature", "properties": {"pnu": "4136026221102010008", "addr": "\uacbd\uae30\ub3c4 \ub0a8\uc591\uc8fc\uc2dc \uc624\ub0a8\uc74d \uc591\uc9c0\ub9ac 201-8", "jibun": "201-8", "jimok": "\ub3c4\ub85c", "area_reg": 30.0, "area_geom": 29.7, "incl_ratio": 1.0, "area_incl": 30.0, "zone": "\uc81c1\uc885\uc77c\ubc18\uc8fc\uac70\uc9c0\uc5ed", "use": "\ub3c4\ub85c\ub4f1", "owner": "\uac1c\uc778", "price": 193000.0, "price_year": "2025", "included": true, "free": false, "note": ""}, "geometry": {"type": "MultiPolygon", "coordinates": [[[[127.2002215048716, 37.70689041859632], [127.20015395019458, 37.70685179088934], [127.20013127888957, 37.706808456591965], [127.20007170131761, 37.70678014046723], [127.20002540618647, 37.70671043862131], [127.20002205813554, 37.7067306889551], [127.20006937529341, 37.70678391042004], [127.2001128615597, 37.70681664134948], [127.20014777782329, 37.706859054059606], [127.2002183782699, 37.70690439784126], [127.2002215048716, 37.70689041859632]]]]}}, {"id": "413", "type": "Feature", "properties": {"pnu": "4136026221102030001", "addr": "\uacbd\uae30\ub3c4 \ub0a8\uc591\uc8fc\uc2dc \uc624\ub0a8\uc74d \uc591\uc9c0\ub9ac 203-1", "jibun": "203-1", "jimok": "\uad6c\uac70", "area_reg": 1289.0, "area_geom": 1466.5, "incl_ratio": 0.9469, "area_incl": 1220.6, "zone": "\uc81c1\uc885\uc77c\ubc18\uc8fc\uac70\uc9c0\uc5ed", "use": "\ud558\ucc9c\ub4f1", "owner": "\uad6d\uc720\uc9c0", "price": 162900.0, "price_year": "2025", "included": true, "free": false, "note": ""}, "geometry": {"type": "MultiPolygon", "coordinates": [[[[127.20021109047407, 37.707092802025294], [127.20039608006934, 37.707091372980685], [127.20049685870636, 37.707090581304115], [127.20069957590866, 37.70711139373732], [127.20088123081104, 37.707088535593456], [127.20121083478276, 37.70706731874603], [127.2012940037304, 37.707067177874265], [127.20124545997376, 37.70697139736835], [127.20116572444188, 37.70691131185334], [127.20100760393669, 37.706926796764314], [127.20086117610452, 37.70701886179125], [127.20074774078272, 37.70706161511091], [127.20056805018281, 37.70704297125924], [127.20043996743085, 37.70705765690024], [127.20039063972999, 37.70705853295112], [127.20034130496705, 37.70704402951089], [127.20025373239307, 37.70702157190591], [127.20022170831712, 37.70701335500868], [127.20014588706862, 37.70701318542907], [127.1999359781174, 37.70701271893783], [127.19983892960909, 37.706991889697065], [127.19969195608245, 37.70694773720295], [127.19961493608078, 37.706889132667136], [127.19958459963526, 37.7068460003439], [127.19953788276524, 37.70677959654948], [127.19941198900578, 37.706721803722736], [127.19938190080536, 37.70670799736103], [127.19932147593887, 37.70669355714898], [127.19923984673308, 37.7066627098386], [127.19924001813978, 37.7067272367108], [127.19927714136809, 37.706738328413905], [127.19945058936727, 37.706776625764206], [127.19946448926459, 37.70677969274424], [127.19952965107959, 37.70691649407877], [127.19958504686127, 37.7069586653422], [127.19960116717218, 37.70696938678407], [127.19965749170143, 37.70700683539317], [127.19983762195466, 37.70704589577366], [127.19993108498473, 37.70704894598763], [127.2000265220605, 37.70706931837251], [127.20013590953621, 37.70706913417824], [127.20015473425204, 37.707069102469646], [127.2001881512852, 37.70708510138064], [127.20021109047407, 37.707092802025294]]]]}}, {"id": "414", "type": "Feature", "properties": {"pnu": "4136026221102030002", "addr": "\uacbd\uae30\ub3c4 \ub0a8\uc591\uc8fc\uc2dc \uc624\ub0a8\uc74d \uc591\uc9c0\ub9ac 203-2", "jibun": "203-2", "jimok": "\ub3c4\ub85c", "area_reg": 93.0, "area_geom": 94.1, "incl_ratio": 1.0, "area_incl": 93.0, "zone": "\uc81c1\uc885\uc77c\ubc18\uc8fc\uac70\uc9c0\uc5ed", "use": "\ub3c4\ub85c\ub4f1", "owner": "\uac1c\uc778", "price": 193000.0, "price_year": "2025", "included": true, "free": false, "note": ""}, "geometry": {"type": "MultiPolygon", "coordinates": [[[[127.19976921815669, 37.707199364145815], [127.19980277031986, 37.70716818838169], [127.19973710080609, 37.70712632280143], [127.19964481331932, 37.70708351985744], [127.19952374032007, 37.70704770261431], [127.19950634586826, 37.70706530965937], [127.1995215660534, 37.707070167337264], [127.1996285159876, 37.707104296475904], [127.19976921815669, 37.707199364145815]]]]}}, {"id": "415", "type": "Feature", "properties": {"pnu": "4136026221102030003", "addr": "\uacbd\uae30\ub3c4 \ub0a8\uc591\uc8fc\uc2dc \uc624\ub0a8\uc74d \uc591\uc9c0\ub9ac 203-3", "jibun": "203-3", "jimok": "\ub2f5", "area_reg": 377.0, "area_geom": 373.6, "incl_ratio": 0.9729, "area_incl": 366.8, "zone": "\uc81c1\uc885\uc77c\ubc18\uc8fc\uac70\uc9c0\uc5ed", "use": "\ub2e4\uc138\ub300", "owner": "\uac1c\uc778", "price": 584900.0, "price_year": "2025", "included": true, "free": false, "note": ""}, "geometry": {"type": "MultiPolygon", "coordinates": [[[[127.19952374032007, 37.70704770261431], [127.19960116717218, 37.70696938678407], [127.19958504686127, 37.7069586653422], [127.19952965107959, 37.70691649407877], [127.19946448926459, 37.70677969274424], [127.19945058936727, 37.706776625764206], [127.1993184580505, 37.7069320027644], [127.19931175423083, 37.70693987943895], [127.19932062692223, 37.70694589201601], [127.19943085956677, 37.7070205322513], [127.19952374032007, 37.70704770261431]]]]}}, {"id": "416", "type": "Feature", "properties": {"pnu": "4136026221102030004", "addr": "\uacbd\uae30\ub3c4 \ub0a8\uc591\uc8fc\uc2dc \uc624\ub0a8\uc74d \uc591\uc9c0\ub9ac 203-4", "jibun": "203-4", "jimok": "\ub3c4\ub85c", "area_reg": 26.0, "area_geom": 26.1, "incl_ratio": 1.0, "area_incl": 26.0, "zone": "\uc81c1\uc885\uc77c\ubc18\uc8fc\uac70\uc9c0\uc5ed", "use": "\ub3c4\ub85c\ub4f1", "owner": "\uac1c\uc778", "price": 193000.0, "price_year": "2025", "included": true, "free": false, "note": ""}, "geometry": {"type": "MultiPolygon", "coordinates": [[[[127.19952374032007, 37.70704770261431], [127.19943085956677, 37.7070205322513], [127.19932062692223, 37.70694589201601], [127.19937264347419, 37.70698815914398], [127.19941725384263, 37.7070300242341], [127.19948756179834, 37.707059304726826], [127.19950634586826, 37.70706530965937], [127.19952374032007, 37.70704770261431]]]]}}, {"id": "417", "type": "Feature", "properties": {"pnu": "4136026221102030005", "addr": "\uacbd\uae30\ub3c4 \ub0a8\uc591\uc8fc\uc2dc \uc624\ub0a8\uc74d \uc591\uc9c0\ub9ac 203-5", "jibun": "203-5", "jimok": "\ub300", "area_reg": 397.0, "area_geom": 400.9, "incl_ratio": 0.1309, "area_incl": 52.0, "zone": "\uc81c1\uc885\uc77c\ubc18\uc8fc\uac70\uc9c0\uc5ed", "use": "\uc8fc\uc0c1\uae30\ud0c0", "owner": "\uac1c\uc778", "price": 716400.0, "price_year": "2025", "included": true, "free": false, "note": ""}, "geometry": {"type": "MultiPolygon", "coordinates": [[[[127.19945058936727, 37.706776625764206], [127.19927714136809, 37.706738328413905], [127.19924001813978, 37.7067272367108], [127.1991437542474, 37.70669845906369], [127.1990864424848, 37.70666912956119], [127.19904058132275, 37.70671130851413], [127.19904149659271, 37.70672716397634], [127.19911368203768, 37.706750459137226], [127.19915710544804, 37.70677676664024], [127.19923768229589, 37.706868205709874], [127.1993184580505, 37.7069320027644], [127.19945058936727, 37.706776625764206]]]]}}, {"id": "418", "type": "Feature", "properties": {"pnu": "4136026221102040001", "addr": "\uacbd\uae30\ub3c4 \ub0a8\uc591\uc8fc\uc2dc \uc624\ub0a8\uc74d \uc591\uc9c0\ub9ac 204-1", "jibun": "204-1", "jimok": "\ub3c4\ub85c", "area_reg": 235.0, "area_geom": 259.2, "incl_ratio": 0.7851, "area_incl": 184.5, "zone": "\uc81c1\uc885\uc77c\ubc18\uc8fc\uac70\uc9c0\uc5ed", "use": "\ub3c4\ub85c\ub4f1", "owner": "\uad6d\uc720\uc9c0", "price": 162900.0, "price_year": "2025", "included": true, "free": false, "note": ""}, "geometry": {"type": "MultiPolygon", "coordinates": [[[[127.20022170831712, 37.70701335500868], [127.20025373239307, 37.70702157190591], [127.20025461667619, 37.70695352048477], [127.20025495650748, 37.7069278964505], [127.2002183782699, 37.70690439784126], [127.20014777782329, 37.706859054059606], [127.2001128615597, 37.70681664134948], [127.20006937529341, 37.70678391042004], [127.20002205813554, 37.7067306889551], [127.20001981740057, 37.706728170023254], [127.19998418994209, 37.70668692071684], [127.1998382891742, 37.70669619385927], [127.19971158852317, 37.70669740694875], [127.19947796254124, 37.706660724643115], [127.19937788020661, 37.70668434474944], [127.19925418180956, 37.70664604496612], [127.199212688854, 37.706633519036416], [127.199107238741, 37.70662579430732], [127.19913268338374, 37.70664613151259], [127.1992062915006, 37.70665003545219], [127.19923984673308, 37.7066627098386], [127.19932147593887, 37.70669355714898], [127.19938190080536, 37.70670799736103], [127.19948850449494, 37.70668038403507], [127.19971842852512, 37.7067151444754], [127.1999841552664, 37.706707940303446], [127.20005096609023, 37.70680364553348], [127.20010435780861, 37.70682991788449], [127.20012236097737, 37.70686201599836], [127.20012558562796, 37.706867776747195], [127.2002165498335, 37.70692039306159], [127.20022170831712, 37.70701335500868]]]]}}, {"id": "419", "type": "Feature", "properties": {"pnu": "4136026221102040002", "addr": "\uacbd\uae30\ub3c4 \ub0a8\uc591\uc8fc\uc2dc \uc624\ub0a8\uc74d \uc591\uc9c0\ub9ac 204-2", "jibun": "204-2", "jimok": "\uad6c\uac70", "area_reg": 38.0, "area_geom": 38.8, "incl_ratio": 1.0, "area_incl": 38.0, "zone": "\uc81c1\uc885\uc77c\ubc18\uc8fc\uac70\uc9c0\uc5ed", "use": "\ud558\ucc9c\ub4f1", "owner": "\ubc95\uc778", "price": 77600.0, "price_year": "2025", "included": true, "free": false, "note": ""}, "geometry": {"type": "MultiPolygon", "coordinates": [[[[127.20014588706862, 37.70701318542907], [127.20022170831712, 37.70701335500868], [127.2002165498335, 37.70692039306159], [127.20020972074295, 37.70692803574713], [127.20015119894475, 37.70699367958624], [127.20014588706862, 37.70701318542907]]]]}}, {"id": "420", "type": "Feature", "properties": {"pnu": "4136026221102040004", "addr": "\uacbd\uae30\ub3c4 \ub0a8\uc591\uc8fc\uc2dc \uc624\ub0a8\uc74d \uc591\uc9c0\ub9ac 204-4", "jibun": "204-4", "jimok": "\ub300", "area_reg": 712.0, "area_geom": 710.6, "incl_ratio": 1.0, "area_incl": 712.0, "zone": "\uc81c1\uc885\uc77c\ubc18\uc8fc\uac70\uc9c0\uc5ed", "use": "\ub2e4\uc138\ub300", "owner": "\uac1c\uc778", "price": 616800.0, "price_year": "2025", "included": true, "free": false, "note": ""}, "geometry": {"type": "MultiPolygon", "coordinates": [[[[127.20020972074295, 37.70692803574713], [127.20011700923462, 37.70687508000338], [127.20011045467606, 37.70686236039814], [127.19958459963526, 37.7068460003439], [127.19961493608078, 37.706889132667136], [127.19969195608245, 37.70694773720295], [127.19983892960909, 37.706991889697065], [127.1999359781174, 37.70701271893783], [127.20014588706862, 37.70701318542907], [127.20015119894475, 37.70699367958624], [127.20020972074295, 37.70692803574713]]]]}}, {"id": "421", "type": "Feature", "properties": {"pnu": "4136026221102040006", "addr": "\uacbd\uae30\ub3c4 \ub0a8\uc591\uc8fc\uc2dc \uc624\ub0a8\uc74d \uc591\uc9c0\ub9ac 204-6", "jibun": "204-6", "jimok": "\ub3c4\ub85c", "area_reg": 79.0, "area_geom": 67.2, "incl_ratio": 1.0, "area_incl": 79.0, "zone": "\uc81c1\uc885\uc77c\ubc18\uc8fc\uac70\uc9c0\uc5ed", "use": "\ub3c4\ub85c\ub4f1", "owner": "\uac1c\uc778", "price": 77600.0, "price_year": "2025", "included": true, "free": false, "note": ""}, "geometry": {"type": "MultiPolygon", "coordinates": [[[[127.20011045467606, 37.70686236039814], [127.20012236097737, 37.70686201599836], [127.20010435780861, 37.70682991788449], [127.20005096609023, 37.70680364553348], [127.1999841552664, 37.706707940303446], [127.19971842852512, 37.7067151444754], [127.19948850449494, 37.70668038403507], [127.19938190080536, 37.70670799736103], [127.19941198900578, 37.706721803722736], [127.19941301880854, 37.70670819741335], [127.19948835591161, 37.70668847495603], [127.19971440087188, 37.70672295360739], [127.19997734815497, 37.70671532165878], [127.20003751124352, 37.70680588456084], [127.20009513581687, 37.70683326698732], [127.20011045467606, 37.70686236039814]]]]}}, {"id": "422", "type": "Feature", "properties": {"pnu": "4136026221102040007", "addr": "\uacbd\uae30\ub3c4 \ub0a8\uc591\uc8fc\uc2dc \uc624\ub0a8\uc74d \uc591\uc9c0\ub9ac 204-7", "jibun": "204-7", "jimok": "\ub3c4\ub85c", "area_reg": 13.0, "area_geom": 11.8, "incl_ratio": 1.0, "area_incl": 13.0, "zone": "\uc81c1\uc885\uc77c\ubc18\uc8fc\uac70\uc9c0\uc5ed", "use": "\ub3c4\ub85c\ub4f1", "owner": "\ubc95\uc778", "price": 193000.0, "price_year": "2025", "included": true, "free": false, "note": ""}, "geometry": {"type": "MultiPolygon", "coordinates": [[[[127.2002165498335, 37.70692039306159], [127.20012558562796, 37.706867776747195], [127.20012236097737, 37.70686201599836], [127.20011045467606, 37.70686236039814], [127.20011700923462, 37.70687508000338], [127.20020972074295, 37.70692803574713], [127.2002165498335, 37.70692039306159]]]]}}, {"id": "423", "type": "Feature", "properties": {"pnu": "4136026221102060001", "addr": "\uacbd\uae30\ub3c4 \ub0a8\uc591\uc8fc\uc2dc \uc624\ub0a8\uc74d \uc591\uc9c0\ub9ac 206-1", "jibun": "206-1", "jimok": "\uc804", "area_reg": 4.0, "area_geom": 2.0, "incl_ratio": 1.0, "area_incl": 4.0, "zone": "\uc81c1\uc885\uc77c\ubc18\uc8fc\uac70\uc9c0\uc5ed", "use": "\ud558\ucc9c\ub4f1", "owner": "\ubc95\uc778", "price": 162900.0, "price_year": "2025", "included": true, "free": false, "note": ""}, "geometry": {"type": "MultiPolygon", "coordinates": [[[[127.20025461667619, 37.70695352048477], [127.20027073762581, 37.70693471719143], [127.20025495650748, 37.7069278964505], [127.20025461667619, 37.70695352048477]]]]}}, {"id": "424", "type": "Feature", "properties": {"pnu": "4136026221102080001", "addr": "\uacbd\uae30\ub3c4 \ub0a8\uc591\uc8fc\uc2dc \uc624\ub0a8\uc74d \uc591\uc9c0\ub9ac 208-1", "jibun": "208-1", "jimok": "\uacf5\uc7a5\uc6a9\uc9c0", "area_reg": 680.0, "area_geom": 670.1, "incl_ratio": 1.0, "area_incl": 680.0, "zone": "\uc81c1\uc885\uc77c\ubc18\uc8fc\uac70\uc9c0\uc5ed", "use": "\uacf5\uc5c5\uc6a9", "owner": "\uac1c\uc778", "price": 566800.0, "price_year": "2025", "included": true, "free": false, "note": ""}, "geometry": {"type": "MultiPolygon", "coordinates": [[[[127.20039608006934, 37.707091372980685], [127.20021109047407, 37.707092802025294], [127.2001715814464, 37.707228914390086], [127.20014223914642, 37.707320519936275], [127.2001495778155, 37.70735933017975], [127.20016507271065, 37.70741609193546], [127.20018165639112, 37.70744314702117], [127.20018987350115, 37.70744142134285], [127.20035757050346, 37.707406217264726], [127.20039608006934, 37.707091372980685]]]]}}, {"id": "425", "type": "Feature", "properties": {"pnu": "4136026221102080002", "addr": "\uacbd\uae30\ub3c4 \ub0a8\uc591\uc8fc\uc2dc \uc624\ub0a8\uc74d \uc591\uc9c0\ub9ac 208-2", "jibun": "208-2", "jimok": "\ub2f5", "area_reg": 265.0, "area_geom": 269.9, "incl_ratio": 1.0, "area_incl": 265.0, "zone": "\uc81c1\uc885\uc77c\ubc18\uc8fc\uac70\uc9c0\uc5ed", "use": "\ub3c4\ub85c\ub4f1", "owner": "\uac1c\uc778", "price": 141700.0, "price_year": "2025", "included": true, "free": false, "note": ""}, "geometry": {"type": "MultiPolygon", "coordinates": [[[[127.2005634474798, 37.707560863027545], [127.20064280287994, 37.70754660191264], [127.20075043871816, 37.70752725656931], [127.2007744313875, 37.707517503621936], [127.20080387186444, 37.70746282833262], [127.20073391150262, 37.70749172338341], [127.2006523318011, 37.70750535764013], [127.20045308413383, 37.707539876576384], [127.20018987350115, 37.70744142134285], [127.20013392915203, 37.707453174078246], [127.20016942478173, 37.70752984050972], [127.20018264538875, 37.7075205202732], [127.20020887148875, 37.70750201530295], [127.20023542590546, 37.70749605121349], [127.20045285315446, 37.70758074476101], [127.2005634474798, 37.707560863027545]]]]}}, {"id": "426", "type": "Feature", "properties": {"pnu": "4136026221102080003", "addr": "\uacbd\uae30\ub3c4 \ub0a8\uc591\uc8fc\uc2dc \uc624\ub0a8\uc74d \uc591\uc9c0\ub9ac 208-3", "jibun": "208-3", "jimok": "\ub2f5", "area_reg": 24.0, "area_geom": 25.9, "incl_ratio": 1.0, "area_incl": 24.0, "zone": "\uc81c1\uc885\uc77c\ubc18\uc8fc\uac70\uc9c0\uc5ed", "use": "\uacf5\uc5c5\ub098\uc9c0", "owner": "\uac1c\uc778", "price": 549700.0, "price_year": "2025", "included": true, "free": false, "note": ""}, "geometry": {"type": "MultiPolygon", "coordinates": [[[[127.2007744313875, 37.707517503621936], [127.20075043871816, 37.70752725656931], [127.20064280287994, 37.70754660191264], [127.20074716866257, 37.70756811186972], [127.2007744313875, 37.707517503621936]]]]}}, {"id": "427", "type": "Feature", "properties": {"pnu": "4136026221102080004", "addr": "\uacbd\uae30\ub3c4 \ub0a8\uc591\uc8fc\uc2dc \uc624\ub0a8\uc74d \uc591\uc9c0\ub9ac 208-4", "jibun": "208-4", "jimok": "\uacf5\uc7a5\uc6a9\uc9c0", "area_reg": 1387.0, "area_geom": 1369.2, "incl_ratio": 1.0, "area_incl": 1387.0, "zone": "\uc81c1\uc885\uc77c\ubc18\uc8fc\uac70\uc9c0\uc5ed", "use": "\uacf5\uc5c5\uc6a9", "owner": "\uac1c\uc778", "price": 566800.0, "price_year": "2025", "included": true, "free": false, "note": ""}, "geometry": {"type": "MultiPolygon", "coordinates": [[[[127.20080387186444, 37.70746282833262], [127.20087985473488, 37.70743425641567], [127.2008987547913, 37.70742421473402], [127.2010563987749, 37.70732786912019], [127.20110342329986, 37.70719964521073], [127.2011035222744, 37.70718580621244], [127.20110381196481, 37.70714582087111], [127.20115936205471, 37.70708023565086], [127.20121252410122, 37.70707563179735], [127.20121083478276, 37.70706731874603], [127.20088123081104, 37.707088535593456], [127.20069957590866, 37.70711139373732], [127.2006523318011, 37.70750535764013], [127.20073391150262, 37.70749172338341], [127.20080387186444, 37.70746282833262]]]]}}, {"id": "428", "type": "Feature", "properties": {"pnu": "4136026221102080005", "addr": "\uacbd\uae30\ub3c4 \ub0a8\uc591\uc8fc\uc2dc \uc624\ub0a8\uc74d \uc591\uc9c0\ub9ac 208-5", "jibun": "208-5", "jimok": "\ub3c4\ub85c", "area_reg": 24.0, "area_geom": 26.7, "incl_ratio": 1.0, "area_incl": 24.0, "zone": "\uc81c1\uc885\uc77c\ubc18\uc8fc\uac70\uc9c0\uc5ed", "use": "\ub3c4\ub85c\ub4f1", "owner": "\uac1c\uc778", "price": 187000.0, "price_year": "2025", "included": true, "free": false, "note": ""}, "geometry": {"type": "MultiPolygon", "coordinates": [[[[127.20018165639112, 37.70744314702117], [127.20016507271065, 37.70741609193546], [127.2001495778155, 37.70735933017975], [127.20014223914642, 37.707320519936275], [127.20013886518313, 37.70733105790642], [127.20013392915203, 37.707453174078246], [127.20018165639112, 37.70744314702117]]]]}}, {"id": "429", "type": "Feature", "properties": {"pnu": "4136026221102090001", "addr": "\uacbd\uae30\ub3c4 \ub0a8\uc591\uc8fc\uc2dc \uc624\ub0a8\uc74d \uc591\uc9c0\ub9ac 209-1", "jibun": "209-1", "jimok": "\uad6c\uac70", "area_reg": 153.0, "area_geom": 153.1, "incl_ratio": 1.0, "area_incl": 153.0, "zone": "\uc81c1\uc885\uc77c\ubc18\uc8fc\uac70\uc9c0\uc5ed", "use": "\ub3c4\ub85c\ub4f1", "owner": "\ubc95\uc778", "price": 162900.0, "price_year": "2025", "included": true, "free": false, "note": ""}, "geometry": {"type": "MultiPolygon", "coordinates": [[[[127.2000533119105, 37.70724945737433], [127.20010500627542, 37.70728974259466], [127.20012346123936, 37.70730411795265], [127.20014628561933, 37.70724752590169], [127.2001652431094, 37.707174002207445], [127.2001881512852, 37.70708510138064], [127.20015473425204, 37.707069102469646], [127.20013590953621, 37.70706913417824], [127.20006407914035, 37.70722594206419], [127.2000533119105, 37.70724945737433]]]]}}, {"id": "430", "type": "Feature", "properties": {"pnu": "4136026221102220015", "addr": "\uacbd\uae30\ub3c4 \ub0a8\uc591\uc8fc\uc2dc \uc624\ub0a8\uc74d \uc591\uc9c0\ub9ac 222-15", "jibun": "222-15", "jimok": "\ub3c4\ub85c", "area_reg": 89.0, "area_geom": 87.8, "incl_ratio": 1.0, "area_incl": 89.0, "zone": "\uc81c1\uc885\uc77c\ubc18\uc8fc\uac70\uc9c0\uc5ed", "use": "\ub3c4\ub85c\ub4f1", "owner": "\uac1c\uc778", "price": 187000.0, "price_year": "2025", "included": true, "free": false, "note": ""}, "geometry": {"type": "MultiPolygon", "coordinates": [[[[127.20207201840529, 37.70819737975577], [127.20210162107443, 37.70818210308989], [127.20198072735374, 37.70812552983211], [127.20181084153698, 37.70808936545485], [127.20178789042122, 37.70810691019394], [127.20192286942573, 37.70815109846758], [127.20196588523201, 37.70815171008789], [127.20207201840529, 37.70819737975577]]]]}}, {"id": "431", "type": "Feature", "properties": {"pnu": "4136026221102220009", "addr": "\uacbd\uae30\ub3c4 \ub0a8\uc591\uc8fc\uc2dc \uc624\ub0a8\uc74d \uc591\uc9c0\ub9ac 222-9", "jibun": "222-9", "jimok": "\ub2f5", "area_reg": 680.0, "area_geom": 684.9, "incl_ratio": 1.0, "area_incl": 680.0, "zone": "\uc81c1\uc885\uc77c\ubc18\uc8fc\uac70\uc9c0\uc5ed", "use": "\uacf5\uc5c5\uc6a9", "owner": "\uac1c\uc778", "price": 549700.0, "price_year": "2025", "included": true, "free": false, "note": ""}, "geometry": {"type": "MultiPolygon", "coordinates": [[[[127.20103667295926, 37.70758827251856], [127.20111710976063, 37.70753749312359], [127.20119376795746, 37.70747744913688], [127.2012586816444, 37.70744430980469], [127.201269893159, 37.70743857869213], [127.20128975683889, 37.70741154310603], [127.2011035222744, 37.70718580621244], [127.20110342329986, 37.70719964521073], [127.2010563987749, 37.70732786912019], [127.2008987547913, 37.70742421473402], [127.20092553517189, 37.70745606362951], [127.20103667295926, 37.70758827251856]]]]}}, {"id": "432", "type": "Feature", "properties": {"pnu": "4136026221102220010", "addr": "\uacbd\uae30\ub3c4 \ub0a8\uc591\uc8fc\uc2dc \uc624\ub0a8\uc74d \uc591\uc9c0\ub9ac 222-10", "jibun": "222-10", "jimok": "\ub2f5", "area_reg": 642.0, "area_geom": 642.2, "incl_ratio": 1.0, "area_incl": 642.0, "zone": "\uc81c1\uc885\uc77c\ubc18\uc8fc\uac70\uc9c0\uc5ed", "use": "\uacf5\uc5c5\uc6a9", "owner": "\uac1c\uc778", "price": 549700.0, "price_year": "2025", "included": true, "free": false, "note": ""}, "geometry": {"type": "MultiPolygon", "coordinates": [[[[127.20182437933939, 37.70755743949413], [127.20174177549853, 37.70750648602849], [127.20162398943937, 37.70746643082737], [127.20136681458199, 37.70729767464879], [127.20127002132676, 37.707169415024474], [127.20121252410122, 37.70707563179735], [127.20115936205471, 37.70708023565086], [127.20110381196481, 37.70714582087111], [127.2011035222744, 37.70718580621244], [127.20128975683889, 37.70741154310603], [127.20130078469862, 37.70739654136655], [127.20136747422458, 37.70737440876404], [127.20147029967858, 37.70742198562434], [127.20159875377735, 37.707498881377326], [127.20162173217199, 37.70751262715859], [127.20168447432194, 37.70751965631881], [127.20182437933939, 37.70755743949413]]]]}}, {"id": "433", "type": "Feature", "properties": {"pnu": "4136026221102220011", "addr": "\uacbd\uae30\ub3c4 \ub0a8\uc591\uc8fc\uc2dc \uc624\ub0a8\uc74d \uc591\uc9c0\ub9ac 222-11", "jibun": "222-11", "jimok": "\ub2f5", "area_reg": 50.0, "area_geom": 50.3, "incl_ratio": 1.0, "area_incl": 50.0, "zone": "\uc81c1\uc885\uc77c\ubc18\uc8fc\uac70\uc9c0\uc5ed", "use": "\ub3c4\ub85c\ub4f1", "owner": "\uac1c\uc778", "price": 141700.0, "price_year": "2025", "included": true, "free": false, "note": ""}, "geometry": {"type": "MultiPolygon", "coordinates": [[[[127.2007744313875, 37.707517503621936], [127.20092553517189, 37.70745606362951], [127.2008987547913, 37.70742421473402], [127.20087985473488, 37.70743425641567], [127.20080387186444, 37.70746282833262], [127.2007744313875, 37.707517503621936]]]]}}, {"id": "434", "type": "Feature", "properties": {"pnu": "4136026221102450006", "addr": "\uacbd\uae30\ub3c4 \ub0a8\uc591\uc8fc\uc2dc \uc624\ub0a8\uc74d \uc591\uc9c0\ub9ac 245-6", "jibun": "245-6", "jimok": "\uc804", "area_reg": 44.0, "area_geom": 44.1, "incl_ratio": 1.0, "area_incl": 44.0, "zone": "\uc790\uc5f0\ub179\uc9c0\uc9c0\uc5ed", "use": "\uc804", "owner": "\uad6d\uc720\uc9c0", "price": 261000.0, "price_year": "2025", "included": true, "free": false, "note": ""}, "geometry": {"type": "MultiPolygon", "coordinates": [[[[127.20129836966254, 37.71035411716297], [127.20128835816189, 37.71030852727315], [127.2011795847785, 37.71031534260484], [127.2011688237378, 37.71034542602938], [127.20129836966254, 37.71035411716297]]]]}}, {"id": "435", "type": "Feature", "properties": {"pnu": "4136026221102120001", "addr": "\uacbd\uae30\ub3c4 \ub0a8\uc591\uc8fc\uc2dc \uc624\ub0a8\uc74d \uc591\uc9c0\ub9ac 212-1", "jibun": "212-1", "jimok": "\ub3c4\ub85c", "area_reg": 347.0, "area_geom": 702.9, "incl_ratio": 1.0, "area_incl": 347.0, "zone": "\uc81c1\uc885\uc77c\ubc18\uc8fc\uac70\uc9c0\uc5ed", "use": "\ub3c4\ub85c\ub4f1", "owner": "\uad6d\uc720\uc9c0", "price": 162900.0, "price_year": "2025", "included": true, "free": false, "note": ""}, "geometry": {"type": "MultiPolygon", "coordinates": [[[[127.2011423372994, 37.707852878428994], [127.20115007561557, 37.70784175642481], [127.20102622476712, 37.707802638890705], [127.20091657291066, 37.70778073268619], [127.20074619745643, 37.70776028043709], [127.2007258972361, 37.70776414383618], [127.20066219693106, 37.707776270310184], [127.20060140299061, 37.707755695806384], [127.20057238990532, 37.70773705876159], [127.20055318034457, 37.70772470291143], [127.20047685503076, 37.70771017300661], [127.20039638660397, 37.7077323733927], [127.20031127202517, 37.70775586092751], [127.20024600864515, 37.70773898773337], [127.20020308423925, 37.70760259082336], [127.20016942478173, 37.70752984050972], [127.20013392915203, 37.707453174078246], [127.20013886518313, 37.70733105790642], [127.2001715814464, 37.707228914390086], [127.20021109047407, 37.707092802025294], [127.2001881512852, 37.70708510138064], [127.2001652431094, 37.707174002207445], [127.20014628561933, 37.70724752590169], [127.20012346123936, 37.70730411795265], [127.20010500627542, 37.70728974259466], [127.2000533119105, 37.70724945737433], [127.19976921815669, 37.707199364145815], [127.1996285159876, 37.707104296475904], [127.1995215660534, 37.707070167337264], [127.19944523522862, 37.70707029548144], [127.19945376747702, 37.70707620951349], [127.19960120050143, 37.707109748157066], [127.19964369854267, 37.70713335413652], [127.19976388284782, 37.70722288831664], [127.20003394398019, 37.707271185231704], [127.20004152004297, 37.707275722353394], [127.20009513143683, 37.707307697448144], [127.20011148749337, 37.707317463398965], [127.20011432192257, 37.707461730235295], [127.2001329904649, 37.70752637910712], [127.20018866456024, 37.70760454318451], [127.20020121333773, 37.70773013464953], [127.20013848520307, 37.7077368714292], [127.20004101499542, 37.70771137606756], [127.19978397888828, 37.70771714223322], [127.1997564008886, 37.70771778323572], [127.19965551834984, 37.70772246662579], [127.19953024607675, 37.707749724034166], [127.19948219374007, 37.70777406771456], [127.19941719553987, 37.707784357725515], [127.19939818576168, 37.70778736281319], [127.1992429024107, 37.7078130034875], [127.19924295269628, 37.707831932687775], [127.1993733057895, 37.70781324425115], [127.19947228047306, 37.707790445889565], [127.19966569998714, 37.70774301855937], [127.19973519160708, 37.707733747958976], [127.19988031632168, 37.70773463012982], [127.20005368621844, 37.70772990561357], [127.20013361009295, 37.70775858389879], [127.20023238238089, 37.707757786816984], [127.20031351577236, 37.70776798414009], [127.20047086309341, 37.70774252777669], [127.20055242971281, 37.707749336574274], [127.20060063741337, 37.70776625641412], [127.20067611820647, 37.70780842928514], [127.20074860631233, 37.70780864019307], [127.20091230175667, 37.70779498417236], [127.20100732607193, 37.707808986631605], [127.2011423372994, 37.707852878428994]]]]}}, {"id": "436", "type": "Feature", "properties": {"pnu": "4136026221102450007", "addr": "\uacbd\uae30\ub3c4 \ub0a8\uc591\uc8fc\uc2dc \uc624\ub0a8\uc74d \uc591\uc9c0\ub9ac 245-7", "jibun": "245-7", "jimok": "\uc804", "area_reg": 19.0, "area_geom": 19.0, "incl_ratio": 1.0, "area_incl": 19.0, "zone": "\uc790\uc5f0\ub179\uc9c0\uc9c0\uc5ed", "use": "\uc804", "owner": "\uad6d\uc720\uc9c0", "price": 236100.0, "price_year": "2025", "included": true, "free": false, "note": ""}, "geometry": {"type": "MultiPolygon", "coordinates": [[[[127.201492227097, 37.71033678735182], [127.20149343652085, 37.71033950621523], [127.20152927917484, 37.71036280744825], [127.20159575921802, 37.71035037847385], [127.20156063888302, 37.710330004172086], [127.201492227097, 37.71033678735182]]]]}}, {"id": "437", "type": "Feature", "properties": {"pnu": "4136026221102120002", "addr": "\uacbd\uae30\ub3c4 \ub0a8\uc591\uc8fc\uc2dc \uc624\ub0a8\uc74d \uc591\uc9c0\ub9ac 212-2", "jibun": "212-2", "jimok": "\uad6c\uac70", "area_reg": 444.0, "area_geom": 445.8, "incl_ratio": 1.0, "area_incl": 444.0, "zone": "\uc81c1\uc885\uc77c\ubc18\uc8fc\uac70\uc9c0\uc5ed", "use": "\ub3c4\ub85c\ub4f1", "owner": "\ubc95\uc778", "price": 162900.0, "price_year": "2025", "included": true, "free": false, "note": ""}, "geometry": {"type": "MultiPolygon", "coordinates": [[[[127.19964539680109, 37.70770318495158], [127.19953024607675, 37.707749724034166], [127.19965551834984, 37.70772246662579], [127.1997564008886, 37.70771778323572], [127.19978397888828, 37.70771714223322], [127.19993869612331, 37.70756436655818], [127.19995227911028, 37.707542080844135], [127.20009513143683, 37.707307697448144], [127.20004152004297, 37.707275722353394], [127.19986920848471, 37.70751974151527], [127.19983943255689, 37.70754667640777], [127.19968301800392, 37.70768813867905], [127.19964539680109, 37.70770318495158]]]]}}, {"id": "438", "type": "Feature", "properties": {"pnu": "4136026221102120003", "addr": "\uacbd\uae30\ub3c4 \ub0a8\uc591\uc8fc\uc2dc \uc624\ub0a8\uc74d \uc591\uc9c0\ub9ac 212-3", "jibun": "212-3", "jimok": "\uc804", "area_reg": 214.0, "area_geom": 205.7, "incl_ratio": 1.0, "area_incl": 214.0, "zone": "\uc81c1\uc885\uc77c\ubc18\uc8fc\uac70\uc9c0\uc5ed", "use": "\uc8fc\uac70\ub098\uc9c0", "owner": "\uac1c\uc778", "price": 459600.0, "price_year": "2025", "included": true, "free": false, "note": ""}, "geometry": {"type": "MultiPolygon", "coordinates": [[[[127.2001329904649, 37.70752637910712], [127.20011432192257, 37.707461730235295], [127.20011148749337, 37.707317463398965], [127.20009513143683, 37.707307697448144], [127.19995227911028, 37.707542080844135], [127.20009934692924, 37.707536067089904], [127.2001329904649, 37.70752637910712]]]]}}, {"id": "439", "type": "Feature", "properties": {"pnu": "4136026221102130002", "addr": "\uacbd\uae30\ub3c4 \ub0a8\uc591\uc8fc\uc2dc \uc624\ub0a8\uc74d \uc591\uc9c0\ub9ac 213-2", "jibun": "213-2", "jimok": "\uc804", "area_reg": 401.0, "area_geom": 394.7, "incl_ratio": 1.0, "area_incl": 401.0, "zone": "\uc81c1\uc885\uc77c\ubc18\uc8fc\uac70\uc9c0\uc5ed", "use": "\uc8fc\uac70\ub098\uc9c0", "owner": "\uac1c\uc778", "price": 459600.0, "price_year": "2025", "included": true, "free": false, "note": ""}, "geometry": {"type": "MultiPolygon", "coordinates": [[[[127.20004101499542, 37.70771137606756], [127.20005269178841, 37.70763344091353], [127.20018866456024, 37.70760454318451], [127.2001329904649, 37.70752637910712], [127.20009934692924, 37.707536067089904], [127.19995227911028, 37.707542080844135], [127.19993869612331, 37.70756436655818], [127.19978397888828, 37.70771714223322], [127.20004101499542, 37.70771137606756]]]]}}, {"id": "440", "type": "Feature", "properties": {"pnu": "4136026221102140001", "addr": "\uacbd\uae30\ub3c4 \ub0a8\uc591\uc8fc\uc2dc \uc624\ub0a8\uc74d \uc591\uc9c0\ub9ac 214-1", "jibun": "214-1", "jimok": "\uad6c\uac70", "area_reg": 6.0, "area_geom": 5.3, "incl_ratio": 1.0, "area_incl": 6.0, "zone": "\uc81c1\uc885\uc77c\ubc18\uc8fc\uac70\uc9c0\uc5ed", "use": "\ud558\ucc9c\ub4f1", "owner": "\uac1c\uc778", "price": 77600.0, "price_year": "2025", "included": true, "free": false, "note": ""}, "geometry": {"type": "MultiPolygon", "coordinates": [[[[127.19941719553987, 37.707784357725515], [127.19948219374007, 37.70777406771456], [127.19953024607675, 37.707749724034166], [127.19941719553987, 37.707784357725515]]]]}}, {"id": "441", "type": "Feature", "properties": {"pnu": "4136026221102210001", "addr": "\uacbd\uae30\ub3c4 \ub0a8\uc591\uc8fc\uc2dc \uc624\ub0a8\uc74d \uc591\uc9c0\ub9ac 221-1", "jibun": "221-1", "jimok": "\ub3c4\ub85c", "area_reg": 11.0, "area_geom": 11.1, "incl_ratio": 1.0, "area_incl": 11.0, "zone": "\uc81c1\uc885\uc77c\ubc18\uc8fc\uac70\uc9c0\uc5ed", "use": "\ub3c4\ub85c\ub4f1", "owner": "\uac1c\uc778", "price": 187000.0, "price_year": "2025", "included": true, "free": false, "note": ""}, "geometry": {"type": "MultiPolygon", "coordinates": [[[[127.2015761487101, 37.70802062377435], [127.20160706994014, 37.70802757181174], [127.20168016055018, 37.70805776525307], [127.2016981459415, 37.708070240122275], [127.2016790284809, 37.70805006392052], [127.20165615806032, 37.708025929837504], [127.2015761487101, 37.70802062377435]]]]}}, {"id": "442", "type": "Feature", "properties": {"pnu": "4136026221102220001", "addr": "\uacbd\uae30\ub3c4 \ub0a8\uc591\uc8fc\uc2dc \uc624\ub0a8\uc74d \uc591\uc9c0\ub9ac 222-1", "jibun": "222-1", "jimok": "\uacf5\uc7a5\uc6a9\uc9c0", "area_reg": 530.0, "area_geom": 520.0, "incl_ratio": 1.0, "area_incl": 530.0, "zone": "\uc81c1\uc885\uc77c\ubc18\uc8fc\uac70\uc9c0\uc5ed", "use": "\uacf5\uc5c5\uc6a9", "owner": "\uac1c\uc778", "price": 566800.0, "price_year": "2025", "included": true, "free": false, "note": ""}, "geometry": {"type": "MultiPolygon", "coordinates": [[[[127.20181084153698, 37.70808936545485], [127.20198072735374, 37.70812552983211], [127.20210162107443, 37.70818210308989], [127.20220331652217, 37.70812964703891], [127.20221568649512, 37.70807408146978], [127.20203032554831, 37.7079217192079], [127.20181084153698, 37.70808936545485]]]]}}, {"id": "443", "type": "Feature", "properties": {"pnu": "4136026221102220002", "addr": "\uacbd\uae30\ub3c4 \ub0a8\uc591\uc8fc\uc2dc \uc624\ub0a8\uc74d \uc591\uc9c0\ub9ac 222-2", "jibun": "222-2", "jimok": "\uacf5\uc7a5\uc6a9\uc9c0", "area_reg": 701.0, "area_geom": 693.8, "incl_ratio": 1.0, "area_incl": 701.0, "zone": "\uc81c1\uc885\uc77c\ubc18\uc8fc\uac70\uc9c0\uc5ed", "use": "\uacf5\uc5c5\uc6a9", "owner": "\uac1c\uc778", "price": 549700.0, "price_year": "2025", "included": true, "free": false, "note": ""}, "geometry": {"type": "MultiPolygon", "coordinates": [[[[127.2007047657568, 37.70773706948187], [127.2005634474798, 37.707560863027545], [127.20045285315446, 37.70758074476101], [127.20023542590546, 37.70749605121349], [127.20020887148875, 37.70750201530295], [127.20018264538875, 37.7075205202732], [127.20021508708085, 37.70760438153967], [127.20026957019498, 37.70769938662928], [127.20034440979421, 37.707726622786595], [127.20039638660397, 37.7077323733927], [127.20047685503076, 37.70771017300661], [127.20055318034457, 37.70772470291143], [127.20057238990532, 37.70773705876159], [127.2007047657568, 37.70773706948187]]]]}}, {"id": "444", "type": "Feature", "properties": {"pnu": "4136026221102220003", "addr": "\uacbd\uae30\ub3c4 \ub0a8\uc591\uc8fc\uc2dc \uc624\ub0a8\uc74d \uc591\uc9c0\ub9ac 222-3", "jibun": "222-3", "jimok": "\uacf5\uc7a5\uc6a9\uc9c0", "area_reg": 955.0, "area_geom": 953.1, "incl_ratio": 1.0, "area_incl": 955.0, "zone": "\uc81c1\uc885\uc77c\ubc18\uc8fc\uac70\uc9c0\uc5ed", "use": "\uacf5\uc5c5\uc6a9", "owner": "\uac1c\uc778", "price": 566800.0, "price_year": "2025", "included": true, "free": false, "note": ""}, "geometry": {"type": "MultiPolygon", "coordinates": [[[[127.2011968637826, 37.707824045311945], [127.20132201002079, 37.70786830498427], [127.20143514344778, 37.70791970251685], [127.20147443091496, 37.70789602159982], [127.20155610274382, 37.707836392333185], [127.20167510565126, 37.70772148848695], [127.2017498072301, 37.707680358727075], [127.20155774565659, 37.70753205242258], [127.2011968637826, 37.707824045311945]]]]}}, {"id": "445", "type": "Feature", "properties": {"pnu": "4136026221102220004", "addr": "\uacbd\uae30\ub3c4 \ub0a8\uc591\uc8fc\uc2dc \uc624\ub0a8\uc74d \uc591\uc9c0\ub9ac 222-4", "jibun": "222-4", "jimok": "\ub2f5", "area_reg": 265.0, "area_geom": 267.6, "incl_ratio": 1.0, "area_incl": 265.0, "zone": "\uc81c1\uc885\uc77c\ubc18\uc8fc\uac70\uc9c0\uc5ed", "use": "\uacf5\uc5c5\ub098\uc9c0", "owner": "\uac1c\uc778", "price": 566800.0, "price_year": "2025", "included": true, "free": false, "note": ""}, "geometry": {"type": "MultiPolygon", "coordinates": [[[[127.20088785163367, 37.70765938516247], [127.20094319504089, 37.70761802736042], [127.20100557373726, 37.707607912123315], [127.20103667295926, 37.70758827251856], [127.20092553517189, 37.70745606362951], [127.2007744313875, 37.707517503621936], [127.20088785163367, 37.70765938516247]]]]}}, {"id": "446", "type": "Feature", "properties": {"pnu": "4136026221102220005", "addr": "\uacbd\uae30\ub3c4 \ub0a8\uc591\uc8fc\uc2dc \uc624\ub0a8\uc74d \uc591\uc9c0\ub9ac 222-5", "jibun": "222-5", "jimok": "\ub3c4\ub85c", "area_reg": 67.0, "area_geom": 78.1, "incl_ratio": 1.0, "area_incl": 67.0, "zone": "\uc81c1\uc885\uc77c\ubc18\uc8fc\uac70\uc9c0\uc5ed", "use": "\ub3c4\ub85c\ub4f1", "owner": "\uac1c\uc778", "price": 187000.0, "price_year": "2025", "included": true, "free": false, "note": ""}, "geometry": {"type": "MultiPolygon", "coordinates": [[[[127.20016942478173, 37.70752984050972], [127.20020308423925, 37.70760259082336], [127.20024600864515, 37.70773898773337], [127.20031127202517, 37.70775586092751], [127.20039638660397, 37.7077323733927], [127.20034440979421, 37.707726622786595], [127.20026957019498, 37.70769938662928], [127.20021508708085, 37.70760438153967], [127.20018264538875, 37.7075205202732], [127.20016942478173, 37.70752984050972]]]]}}, {"id": "447", "type": "Feature", "properties": {"pnu": "4136026221102220006", "addr": "\uacbd\uae30\ub3c4 \ub0a8\uc591\uc8fc\uc2dc \uc624\ub0a8\uc74d \uc591\uc9c0\ub9ac 222-6", "jibun": "222-6", "jimok": "\ub3c4\ub85c", "area_reg": 32.0, "area_geom": 37.7, "incl_ratio": 1.0, "area_incl": 32.0, "zone": "\uc81c1\uc885\uc77c\ubc18\uc8fc\uac70\uc9c0\uc5ed", "use": "\ub3c4\ub85c\ub4f1", "owner": "\uac1c\uc778", "price": 141700.0, "price_year": "2025", "included": true, "free": false, "note": ""}, "geometry": {"type": "MultiPolygon", "coordinates": [[[[127.2007258972361, 37.70776414383618], [127.2007047657568, 37.70773706948187], [127.20057238990532, 37.70773705876159], [127.20060140299061, 37.707755695806384], [127.20066219693106, 37.707776270310184], [127.2007258972361, 37.70776414383618]]]]}}, {"id": "448", "type": "Feature", "properties": {"pnu": "4136026221102220007", "addr": "\uacbd\uae30\ub3c4 \ub0a8\uc591\uc8fc\uc2dc \uc624\ub0a8\uc74d \uc591\uc9c0\ub9ac 222-7", "jibun": "222-7", "jimok": "\uacf5\uc7a5\uc6a9\uc9c0", "area_reg": 500.0, "area_geom": 513.6, "incl_ratio": 1.0, "area_incl": 500.0, "zone": "\uc81c1\uc885\uc77c\ubc18\uc8fc\uac70\uc9c0\uc5ed", "use": "\uacf5\uc5c5\uc6a9", "owner": "\uac1c\uc778", "price": 566800.0, "price_year": "2025", "included": true, "free": false, "note": ""}, "geometry": {"type": "MultiPolygon", "coordinates": [[[[127.20221568649512, 37.70807408146978], [127.20222115435418, 37.70804951184676], [127.2023186448935, 37.70797701637196], [127.20237681530375, 37.707903452581995], [127.2022173751582, 37.70777088571365], [127.20203032554831, 37.7079217192079], [127.20221568649512, 37.70807408146978]]]]}}, {"id": "449", "type": "Feature", "properties": {"pnu": "4136026221102320006", "addr": "\uacbd\uae30\ub3c4 \ub0a8\uc591\uc8fc\uc2dc \uc624\ub0a8\uc74d \uc591\uc9c0\ub9ac 232-6", "jibun": "232-6", "jimok": "\ub3c4\ub85c", "area_reg": 62.0, "area_geom": 53.0, "incl_ratio": 1.0, "area_incl": 62.0, "zone": "\uc81c1\uc885\uc77c\ubc18\uc8fc\uac70\uc9c0\uc5ed", "use": "\ub3c4\ub85c\ub4f1", "owner": "\uac1c\uc778", "price": 77600.0, "price_year": "2025", "included": true, "free": false, "note": ""}, "geometry": {"type": "MultiPolygon", "coordinates": [[[[127.20284911848658, 37.707576272409106], [127.20317012582284, 37.70754584788539], [127.2031670619602, 37.707528374394805], [127.20287948860255, 37.707555588443654], [127.20284911848658, 37.707576272409106]]]]}}, {"id": "450", "type": "Feature", "properties": {"pnu": "4136026221102220012", "addr": "\uacbd\uae30\ub3c4 \ub0a8\uc591\uc8fc\uc2dc \uc624\ub0a8\uc74d \uc591\uc9c0\ub9ac 222-12", "jibun": "222-12", "jimok": "\ub2f5", "area_reg": 2260.0, "area_geom": 2285.7, "incl_ratio": 1.0, "area_incl": 2260.0, "zone": "\uc81c1\uc885\uc77c\ubc18\uc8fc\uac70\uc9c0\uc5ed", "use": "\uc8fc\uac70\ub098\uc9c0", "owner": "\uac1c\uc778", "price": 429600.0, "price_year": "2025", "included": true, "free": false, "note": ""}, "geometry": {"type": "MultiPolygon", "coordinates": [[[[127.2016790284809, 37.70805006392052], [127.20174732772446, 37.70807811214565], [127.20199097863463, 37.70788958560313], [127.2019994231256, 37.70789649066097], [127.20219018715622, 37.707747930336645], [127.2022173751582, 37.70777088571365], [127.20237681530375, 37.707903452581995], [127.20240514891283, 37.70786762697971], [127.20236663555177, 37.70778722736192], [127.2022893748291, 37.707720363141654], [127.20226056794036, 37.70764798357213], [127.20214274222795, 37.70756816034244], [127.20201569610516, 37.70756374546265], [127.20190999042993, 37.70760911757294], [127.2018251088638, 37.70763889454321], [127.2017498072301, 37.707680358727075], [127.20167510565126, 37.70772148848695], [127.20155610274382, 37.707836392333185], [127.20147443091496, 37.70789602159982], [127.20143514344778, 37.70791970251685], [127.2014104614042, 37.707934583259906], [127.20143569294333, 37.70796806540922], [127.20154823503844, 37.70801877009131], [127.20165615806032, 37.708025929837504], [127.2016790284809, 37.70805006392052]]]]}}, {"id": "451", "type": "Feature", "properties": {"pnu": "4136026221102220013", "addr": "\uacbd\uae30\ub3c4 \ub0a8\uc591\uc8fc\uc2dc \uc624\ub0a8\uc74d \uc591\uc9c0\ub9ac 222-13", "jibun": "222-13", "jimok": "\ub3c4\ub85c", "area_reg": 86.0, "area_geom": 87.1, "incl_ratio": 1.0, "area_incl": 86.0, "zone": "\uc81c1\uc885\uc77c\ubc18\uc8fc\uac70\uc9c0\uc5ed", "use": "\ub3c4\ub85c\ub4f1", "owner": "\uac1c\uc778", "price": 141700.0, "price_year": "2025", "included": true, "free": false, "note": ""}, "geometry": {"type": "MultiPolygon", "coordinates": [[[[127.2019994231256, 37.70789649066097], [127.20203032554831, 37.7079217192079], [127.2022173751582, 37.70777088571365], [127.20219018715622, 37.707747930336645], [127.2019994231256, 37.70789649066097]]]]}}, {"id": "452", "type": "Feature", "properties": {"pnu": "4136026221102220014", "addr": "\uacbd\uae30\ub3c4 \ub0a8\uc591\uc8fc\uc2dc \uc624\ub0a8\uc74d \uc591\uc9c0\ub9ac 222-14", "jibun": "222-14", "jimok": "\uacf5\uc7a5\uc6a9\uc9c0", "area_reg": 940.0, "area_geom": 917.0, "incl_ratio": 1.0, "area_incl": 940.0, "zone": "\uc81c1\uc885\uc77c\ubc18\uc8fc\uac70\uc9c0\uc5ed", "use": "\uacf5\uc5c5\uc6a9", "owner": "\uac1c\uc778", "price": 549700.0, "price_year": "2025", "included": true, "free": false, "note": ""}, "geometry": {"type": "MultiPolygon", "coordinates": [[[[127.2011588654443, 37.70780832473537], [127.20141300392609, 37.707559624156616], [127.2012586816444, 37.70744430980469], [127.20119376795746, 37.70747744913688], [127.20111710976063, 37.70753749312359], [127.20103667295926, 37.70758827251856], [127.20100557373726, 37.707607912123315], [127.20094319504089, 37.70761802736042], [127.20088785163367, 37.70765938516247], [127.2007938558567, 37.7077075564955], [127.20078689013621, 37.70771923576968], [127.20090689952042, 37.70769604027034], [127.2009968105922, 37.7077232505283], [127.2011588654443, 37.70780832473537]]]]}}, {"id": "453", "type": "Feature", "properties": {"pnu": "4136026221102220016", "addr": "\uacbd\uae30\ub3c4 \ub0a8\uc591\uc8fc\uc2dc \uc624\ub0a8\uc74d \uc591\uc9c0\ub9ac 222-16", "jibun": "222-16", "jimok": "\ub3c4\ub85c", "area_reg": 43.0, "area_geom": 45.5, "incl_ratio": 1.0, "area_incl": 43.0, "zone": "\uc81c1\uc885\uc77c\ubc18\uc8fc\uac70\uc9c0\uc5ed", "use": "\ub3c4\ub85c\ub4f1", "owner": "\uac1c\uc778", "price": 187000.0, "price_year": "2025", "included": true, "free": false, "note": ""}, "geometry": {"type": "MultiPolygon", "coordinates": [[[[127.2014104614042, 37.707934583259906], [127.20143514344778, 37.70791970251685], [127.20132201002079, 37.70786830498427], [127.2011968637826, 37.707824045311945], [127.20118518586933, 37.70783348918462], [127.20122290400876, 37.707846210012235], [127.20125476910951, 37.707862625690595], [127.20132249201485, 37.70789577460368], [127.20139839764471, 37.70791858454395], [127.2014104614042, 37.707934583259906]]]]}}, {"id": "454", "type": "Feature", "properties": {"pnu": "4136026221102220017", "addr": "\uacbd\uae30\ub3c4 \ub0a8\uc591\uc8fc\uc2dc \uc624\ub0a8\uc74d \uc591\uc9c0\ub9ac 222-17", "jibun": "222-17", "jimok": "\ub2f5", "area_reg": 324.0, "area_geom": 326.1, "incl_ratio": 1.0, "area_incl": 324.0, "zone": "\uc81c1\uc885\uc77c\ubc18\uc8fc\uac70\uc9c0\uc5ed", "use": "\uacf5\uc5c5\ub098\uc9c0", "owner": "\uac1c\uc778", "price": 549700.0, "price_year": "2025", "included": true, "free": false, "note": ""}, "geometry": {"type": "MultiPolygon", "coordinates": [[[[127.20201569610516, 37.70756374546265], [127.20182437933939, 37.70755743949413], [127.20168447432194, 37.70751965631881], [127.20162173217199, 37.70751262715859], [127.20159875377735, 37.707498881377326], [127.20155774565659, 37.70753205242258], [127.2017498072301, 37.707680358727075], [127.2018251088638, 37.70763889454321], [127.20190999042993, 37.70760911757294], [127.20201569610516, 37.70756374546265]]]]}}, {"id": "455", "type": "Feature", "properties": {"pnu": "4136026221102220018", "addr": "\uacbd\uae30\ub3c4 \ub0a8\uc591\uc8fc\uc2dc \uc624\ub0a8\uc74d \uc591\uc9c0\ub9ac 222-18", "jibun": "222-18", "jimok": "\ub3c4\ub85c", "area_reg": 58.0, "area_geom": 68.4, "incl_ratio": 1.0, "area_incl": 58.0, "zone": "\uc81c1\uc885\uc77c\ubc18\uc8fc\uac70\uc9c0\uc5ed", "use": "\ub3c4\ub85c\ub4f1", "owner": "\uac1c\uc778", "price": 141700.0, "price_year": "2025", "included": true, "free": false, "note": ""}, "geometry": {"type": "MultiPolygon", "coordinates": [[[[127.2011968637826, 37.707824045311945], [127.20117217508088, 37.70781531171233], [127.2011588654443, 37.70780832473537], [127.2009968105922, 37.7077232505283], [127.20090689952042, 37.70769604027034], [127.20078689013621, 37.70771923576968], [127.2007663204553, 37.70775375948585], [127.20089792981904, 37.70770469569555], [127.20095151377706, 37.70771771413086], [127.20113085048423, 37.70781518346072], [127.20118518586933, 37.70783348918462], [127.2011968637826, 37.707824045311945]]]]}}, {"id": "456", "type": "Feature", "properties": {"pnu": "4136026221102220019", "addr": "\uacbd\uae30\ub3c4 \ub0a8\uc591\uc8fc\uc2dc \uc624\ub0a8\uc74d \uc591\uc9c0\ub9ac 222-19", "jibun": "222-19", "jimok": "\ub300", "area_reg": 553.0, "area_geom": 553.5, "incl_ratio": 1.0, "area_incl": 553.0, "zone": "\uc81c1\uc885\uc77c\ubc18\uc8fc\uac70\uc9c0\uc5ed", "use": "\uacf5\uc5c5\uae30\ud0c0", "owner": "\uac1c\uc778", "price": 549700.0, "price_year": "2025", "included": true, "free": false, "note": ""}, "geometry": {"type": "MultiPolygon", "coordinates": [[[[127.20116423802278, 37.70780307202043], [127.2012028950882, 37.70781916087566], [127.20155774565659, 37.70753205242258], [127.20159875377735, 37.707498881377326], [127.20147029967858, 37.70742198562434], [127.20136747422458, 37.70737440876404], [127.20130078469862, 37.70739654136655], [127.20128975683889, 37.70741154310603], [127.201269893159, 37.70743857869213], [127.2012586816444, 37.70744430980469], [127.20141300392609, 37.707559624156616], [127.20116423802278, 37.70780307202043]]]]}}, {"id": "457", "type": "Feature", "properties": {"pnu": "4136026221102220020", "addr": "\uacbd\uae30\ub3c4 \ub0a8\uc591\uc8fc\uc2dc \uc624\ub0a8\uc74d \uc591\uc9c0\ub9ac 222-20", "jibun": "222-20", "jimok": "\ub300", "area_reg": 373.0, "area_geom": 374.4, "incl_ratio": 1.0, "area_incl": 373.0, "zone": "\uc81c1\uc885\uc77c\ubc18\uc8fc\uac70\uc9c0\uc5ed", "use": "\uacf5\uc5c5\uc6a9", "owner": "\uac1c\uc778", "price": 566800.0, "price_year": "2025", "included": true, "free": false, "note": ""}, "geometry": {"type": "MultiPolygon", "coordinates": [[[[127.20077351192687, 37.70774168340673], [127.20078689013621, 37.70771923576968], [127.2007938558567, 37.7077075564955], [127.20088785163367, 37.70765938516247], [127.2007744313875, 37.707517503621936], [127.20074716866257, 37.70756811186972], [127.20064280287994, 37.70754660191264], [127.2005634474798, 37.707560863027545], [127.2007047657568, 37.70773706948187], [127.20071394891077, 37.70774883859792], [127.20077351192687, 37.70774168340673]]]]}}, {"id": "458", "type": "Feature", "properties": {"pnu": "4136026221102220021", "addr": "\uacbd\uae30\ub3c4 \ub0a8\uc591\uc8fc\uc2dc \uc624\ub0a8\uc74d \uc591\uc9c0\ub9ac 222-21", "jibun": "222-21", "jimok": "\ub3c4\ub85c", "area_reg": 3.0, "area_geom": 3.1, "incl_ratio": 1.0, "area_incl": 3.0, "zone": "\uc81c1\uc885\uc77c\ubc18\uc8fc\uac70\uc9c0\uc5ed", "use": "\ub3c4\ub85c\ub4f1", "owner": "\uac1c\uc778", "price": 187000.0, "price_year": "2025", "included": true, "free": false, "note": ""}, "geometry": {"type": "MultiPolygon", "coordinates": [[[[127.2011968637826, 37.707824045311945], [127.2012028950882, 37.70781916087566], [127.20116423802278, 37.70780307202043], [127.2011588654443, 37.70780832473537], [127.20117217508088, 37.70781531171233], [127.2011968637826, 37.707824045311945]]]]}}, {"id": "459", "type": "Feature", "properties": {"pnu": "4136026221102220022", "addr": "\uacbd\uae30\ub3c4 \ub0a8\uc591\uc8fc\uc2dc \uc624\ub0a8\uc74d \uc591\uc9c0\ub9ac 222-22", "jibun": "222-22", "jimok": "\ub3c4\ub85c", "area_reg": 7.0, "area_geom": 7.2, "incl_ratio": 1.0, "area_incl": 7.0, "zone": "\uc81c1\uc885\uc77c\ubc18\uc8fc\uac70\uc9c0\uc5ed", "use": "\ub3c4\ub85c\ub4f1", "owner": "\uac1c\uc778", "price": 187000.0, "price_year": "2025", "included": true, "free": false, "note": ""}, "geometry": {"type": "MultiPolygon", "coordinates": [[[[127.20071394891077, 37.70774883859792], [127.2007258972361, 37.70776414383618], [127.20074619745643, 37.70776028043709], [127.2007663204553, 37.70775375948585], [127.20077351192687, 37.70774168340673], [127.20071394891077, 37.70774883859792]]]]}}, {"id": "460", "type": "Feature", "properties": {"pnu": "4136026221102230001", "addr": "\uacbd\uae30\ub3c4 \ub0a8\uc591\uc8fc\uc2dc \uc624\ub0a8\uc74d \uc591\uc9c0\ub9ac 223-1", "jibun": "223-1", "jimok": "\ub2f5", "area_reg": 2615.0, "area_geom": 2630.7, "incl_ratio": 1.0, "area_incl": 2615.0, "zone": "\uc81c1\uc885\uc77c\ubc18\uc8fc\uac70\uc9c0\uc5ed", "use": "\uc8fc\uac70\ub098\uc9c0", "owner": "\uac1c\uc778", "price": 429600.0, "price_year": "2025", "included": true, "free": false, "note": ""}, "geometry": {"type": "MultiPolygon", "coordinates": [[[[127.20270885312463, 37.708353531400725], [127.20280984299804, 37.70821217778043], [127.2028824459417, 37.70816666318773], [127.20293099838602, 37.708113720629086], [127.20306451220753, 37.708194507310765], [127.20310203506308, 37.70814331338667], [127.20306731713194, 37.708057726963204], [127.20308566923823, 37.707924965372335], [127.20298223658853, 37.707858993250376], [127.20290412065619, 37.7077822473048], [127.2028104394799, 37.70784568206001], [127.20273727914976, 37.70792821823046], [127.20265359878144, 37.70792410843685], [127.20260240737696, 37.707902761775635], [127.20255867269573, 37.707921450292126], [127.20245207393799, 37.70806454311556], [127.20235010682036, 37.70813810045332], [127.20221402182412, 37.70818010089988], [127.20217164824061, 37.70820739117502], [127.20254326737604, 37.70837722989169], [127.20265523307054, 37.708377795773735], [127.20270885312463, 37.708353531400725]]]]}}, {"id": "461", "type": "Feature", "properties": {"pnu": "4136026221102230002", "addr": "\uacbd\uae30\ub3c4 \ub0a8\uc591\uc8fc\uc2dc \uc624\ub0a8\uc74d \uc591\uc9c0\ub9ac 223-2", "jibun": "223-2", "jimok": "\ub300", "area_reg": 572.0, "area_geom": 586.5, "incl_ratio": 1.0, "area_incl": 572.0, "zone": "\uc81c1\uc885\uc77c\ubc18\uc8fc\uac70\uc9c0\uc5ed", "use": "\uacf5\uc5c5\uc6a9", "owner": "\uac1c\uc778", "price": 549700.0, "price_year": "2025", "included": true, "free": false, "note": ""}, "geometry": {"type": "MultiPolygon", "coordinates": [[[[127.20213910099173, 37.70822833093076], [127.20217164824061, 37.70820739117502], [127.20221402182412, 37.70818010089988], [127.20235010682036, 37.70813810045332], [127.20245207393799, 37.70806454311556], [127.20255867269573, 37.707921450292126], [127.20253606507072, 37.70790233430883], [127.2024590213482, 37.70788654556123], [127.20240514891283, 37.70786762697971], [127.20237681530375, 37.707903452581995], [127.2023186448935, 37.70797701637196], [127.20222115435418, 37.70804951184676], [127.20221568649512, 37.70807408146978], [127.20220331652217, 37.70812964703891], [127.20210162107443, 37.70818210308989], [127.20207201840529, 37.70819737975577], [127.20213910099173, 37.70822833093076]]]]}}, {"id": "462", "type": "Feature", "properties": {"pnu": "4136026221102230003", "addr": "\uacbd\uae30\ub3c4 \ub0a8\uc591\uc8fc\uc2dc \uc624\ub0a8\uc74d \uc591\uc9c0\ub9ac 223-3", "jibun": "223-3", "jimok": "\ub2f5", "area_reg": 972.0, "area_geom": 953.0, "incl_ratio": 1.0, "area_incl": 972.0, "zone": "\uc81c1\uc885\uc77c\ubc18\uc8fc\uac70\uc9c0\uc5ed", "use": "\ub2f5", "owner": "\uac1c\uc778", "price": 225800.0, "price_year": "2025", "included": true, "free": false, "note": ""}, "geometry": {"type": "MultiPolygon", "coordinates": [[[[127.20255867269573, 37.707921450292126], [127.20260240737696, 37.707902761775635], [127.20265359878144, 37.70792410843685], [127.20273727914976, 37.70792821823046], [127.2028104394799, 37.70784568206001], [127.20290412065619, 37.7077822473048], [127.20288396002684, 37.707762217233665], [127.2027801217368, 37.707701254992635], [127.20272039854258, 37.70769102283749], [127.20265338874887, 37.70772049060879], [127.20246525728425, 37.70772646040657], [127.20233828163047, 37.707651599266114], [127.20226056794036, 37.70764798357213], [127.2022893748291, 37.707720363141654], [127.20236663555177, 37.70778722736192], [127.20240514891283, 37.70786762697971], [127.2024590213482, 37.70788654556123], [127.20253606507072, 37.70790233430883], [127.20255867269573, 37.707921450292126]]]]}}, {"id": "463", "type": "Feature", "properties": {"pnu": "4136026221102230004", "addr": "\uacbd\uae30\ub3c4 \ub0a8\uc591\uc8fc\uc2dc \uc624\ub0a8\uc74d \uc591\uc9c0\ub9ac 223-4", "jibun": "223-4", "jimok": "\ub3c4\ub85c", "area_reg": 116.0, "area_geom": 117.2, "incl_ratio": 1.0, "area_incl": 116.0, "zone": "\uc81c1\uc885\uc77c\ubc18\uc8fc\uac70\uc9c0\uc5ed", "use": "\ub3c4\ub85c\ub4f1", "owner": "\uac1c\uc778", "price": 77600.0, "price_year": "2025", "included": true, "free": false, "note": ""}, "geometry": {"type": "MultiPolygon", "coordinates": [[[[127.20241224875285, 37.70835528942784], [127.20254326737604, 37.70837722989169], [127.20217164824061, 37.70820739117502], [127.20213910099173, 37.70822833093076], [127.20225930022342, 37.70828378801007], [127.20239851156796, 37.708349636748835], [127.20241224875285, 37.70835528942784]]]]}}, {"id": "464", "type": "Feature", "properties": {"pnu": "4136026221102250001", "addr": "\uacbd\uae30\ub3c4 \ub0a8\uc591\uc8fc\uc2dc \uc624\ub0a8\uc74d \uc591\uc9c0\ub9ac 225-1", "jibun": "225-1", "jimok": "\uc804", "area_reg": 102.0, "area_geom": 99.5, "incl_ratio": 1.0, "area_incl": 102.0, "zone": "\uc81c1\uc885\uc77c\ubc18\uc8fc\uac70\uc9c0\uc5ed", "use": "\ub2f5", "owner": "\uac1c\uc778", "price": 280000.0, "price_year": "2025", "included": true, "free": false, "note": ""}, "geometry": {"type": "MultiPolygon", "coordinates": [[[[127.20274528161137, 37.70854759123141], [127.20290549273149, 37.70857015719532], [127.2027693836094, 37.70848597812945], [127.20261768667446, 37.70846240639835], [127.20274528161137, 37.70854759123141]]]]}}, {"id": "465", "type": "Feature", "properties": {"pnu": "4136026221102250002", "addr": "\uacbd\uae30\ub3c4 \ub0a8\uc591\uc8fc\uc2dc \uc624\ub0a8\uc74d \uc591\uc9c0\ub9ac 225-2", "jibun": "225-2", "jimok": "\ub3c4\ub85c", "area_reg": 160.0, "area_geom": 153.9, "incl_ratio": 1.0, "area_incl": 160.0, "zone": "\uc81c1\uc885\uc77c\ubc18\uc8fc\uac70\uc9c0\uc5ed", "use": "\ub3c4\ub85c\ub4f1", "owner": "\uac1c\uc778", "price": 187000.0, "price_year": "2025", "included": true, "free": false, "note": ""}, "geometry": {"type": "MultiPolygon", "coordinates": [[[[127.20294409978531, 37.70855909947743], [127.20278800041882, 37.70846344925075], [127.20264099329204, 37.708442157996586], [127.20254326737604, 37.70837722989169], [127.20241224875285, 37.70835528942784], [127.20244233465014, 37.708401394622506], [127.2025212355475, 37.708399205954834], [127.20261768667446, 37.70846240639835], [127.2027693836094, 37.70848597812945], [127.20290549273149, 37.70857015719532], [127.20294409978531, 37.70855909947743]]]]}}, {"id": "466", "type": "Feature", "properties": {"pnu": "4136026221102250003", "addr": "\uacbd\uae30\ub3c4 \ub0a8\uc591\uc8fc\uc2dc \uc624\ub0a8\uc74d \uc591\uc9c0\ub9ac 225-3", "jibun": "225-3", "jimok": "\uacf5\uc7a5\uc6a9\uc9c0", "area_reg": 178.0, "area_geom": 180.1, "incl_ratio": 1.0, "area_incl": 178.0, "zone": "\uc81c1\uc885\uc77c\ubc18\uc8fc\uac70\uc9c0\uc5ed", "use": "\uacf5\uc5c5\ub098\uc9c0", "owner": "\uac1c\uc778", "price": 442100.0, "price_year": "2025", "included": true, "free": false, "note": ""}, "geometry": {"type": "MultiPolygon", "coordinates": [[[[127.20312270547002, 37.70847708570889], [127.20330143949067, 37.70848438414188], [127.20330683105814, 37.70838160180134], [127.20312708972214, 37.708374944783685], [127.20312270547002, 37.70847708570889]]]]}}, {"id": "467", "type": "Feature", "properties": {"pnu": "4136026221102250004", "addr": "\uacbd\uae30\ub3c4 \ub0a8\uc591\uc8fc\uc2dc \uc624\ub0a8\uc74d \uc591\uc9c0\ub9ac 225-4", "jibun": "225-4", "jimok": "\uc804", "area_reg": 1862.0, "area_geom": 1867.6, "incl_ratio": 1.0, "area_incl": 1862.0, "zone": "\uc81c1\uc885\uc77c\ubc18\uc8fc\uac70\uc9c0\uc5ed", "use": "\uc8fc\uac70\ub098\uc9c0", "owner": "\uac1c\uc778", "price": 344900.0, "price_year": "2025", "included": true, "free": false, "note": ""}, "geometry": {"type": "MultiPolygon", "coordinates": [[[[127.20264099329204, 37.708442157996586], [127.20278800041882, 37.70846344925075], [127.20294409978531, 37.70855909947743], [127.20317747550799, 37.70849221837056], [127.20330796861286, 37.70849583324789], [127.20344971966816, 37.70848575204912], [127.20342573568938, 37.70844434871366], [127.20339046872701, 37.70841575839715], [127.20334200536202, 37.70834676434235], [127.20334226989782, 37.70833140243061], [127.20321554203707, 37.70832776313119], [127.20321951721876, 37.7082337405977], [127.20334389790355, 37.70823754608415], [127.2033445244728, 37.70820095680866], [127.20326931574832, 37.70805485882937], [127.20323292823059, 37.70799349325984], [127.20308566923823, 37.707924965372335], [127.20306731713194, 37.708057726963204], [127.20310203506308, 37.70814331338667], [127.20306451220753, 37.708194507310765], [127.202972079976, 37.70822930737665], [127.20286023501599, 37.70837809461498], [127.20270885312463, 37.708353531400725], [127.20265523307054, 37.708377795773735], [127.20254326737604, 37.70837722989169], [127.20264099329204, 37.708442157996586]], [[127.20312708972214, 37.708374944783685], [127.20330683105814, 37.70838160180134], [127.20330143949067, 37.70848438414188], [127.20312270547002, 37.70847708570889], [127.20312708972214, 37.708374944783685]]]]}}, {"id": "468", "type": "Feature", "properties": {"pnu": "4136026221102320004", "addr": "\uacbd\uae30\ub3c4 \ub0a8\uc591\uc8fc\uc2dc \uc624\ub0a8\uc74d \uc591\uc9c0\ub9ac 232-4", "jibun": "232-4", "jimok": "\uc804", "area_reg": 354.0, "area_geom": 358.6, "incl_ratio": 1.0, "area_incl": 354.0, "zone": "\uc81c1\uc885\uc77c\ubc18\uc8fc\uac70\uc9c0\uc5ed", "use": "\uc804", "owner": "\uac1c\uc778", "price": 235300.0, "price_year": "2025", "included": true, "free": false, "note": ""}, "geometry": {"type": "MultiPolygon", "coordinates": [[[[127.20390624425794, 37.70706059712081], [127.20399293257793, 37.70707023279067], [127.20413188596245, 37.707133241899065], [127.20417142789105, 37.707141012350526], [127.2042216796666, 37.7069422811004], [127.20416772119181, 37.70693749060843], [127.20407149145731, 37.706959567424185], [127.20400117899105, 37.706958435837414], [127.2039348097099, 37.70704786249561], [127.20390624425794, 37.70706059712081]]]]}}, {"id": "469", "type": "Feature", "properties": {"pnu": "4136026221102280001", "addr": "\uacbd\uae30\ub3c4 \ub0a8\uc591\uc8fc\uc2dc \uc624\ub0a8\uc74d \uc591\uc9c0\ub9ac 228-1", "jibun": "228-1", "jimok": "\ub300", "area_reg": 490.0, "area_geom": 501.1, "incl_ratio": 1.0, "area_incl": 490.0, "zone": "\uc81c1\uc885\uc77c\ubc18\uc8fc\uac70\uc9c0\uc5ed", "use": "\ub2e8\ub3c5", "owner": "\uac1c\uc778", "price": 428700.0, "price_year": "2025", "included": true, "free": false, "note": ""}, "geometry": {"type": "MultiPolygon", "coordinates": [[[[127.2040564625562, 37.70821699862961], [127.20386992280696, 37.70808305702488], [127.20385856796486, 37.70808191426408], [127.20380341404848, 37.70825093989533], [127.20341821499252, 37.70816770216347], [127.20335917625071, 37.70816330741685], [127.20337943506266, 37.70820272601153], [127.20374543465101, 37.70827751871349], [127.20386210912523, 37.70831242918256], [127.20393886692953, 37.70829787298984], [127.2040564625562, 37.70821699862961]]]]}}, {"id": "470", "type": "Feature", "properties": {"pnu": "4136026221102280002", "addr": "\uacbd\uae30\ub3c4 \ub0a8\uc591\uc8fc\uc2dc \uc624\ub0a8\uc74d \uc591\uc9c0\ub9ac 228-2", "jibun": "228-2", "jimok": "\uc804", "area_reg": 374.0, "area_geom": 343.2, "incl_ratio": 1.0, "area_incl": 374.0, "zone": "\uc81c1\uc885\uc77c\ubc18\uc8fc\uac70\uc9c0\uc5ed", "use": "\uc804", "owner": "\uac1c\uc778", "price": 235300.0, "price_year": "2025", "included": true, "free": false, "note": ""}, "geometry": {"type": "MultiPolygon", "coordinates": [[[[127.20419310209896, 37.70822908005468], [127.20417380992984, 37.70816999186559], [127.20410257143652, 37.70813321073317], [127.20397182575374, 37.70805319530485], [127.20377783598404, 37.70804863596029], [127.20341341552205, 37.708037187527445], [127.20330208383014, 37.7080527755891], [127.20337628466554, 37.70804883750976], [127.20356565613294, 37.70805238733732], [127.20385856796486, 37.70808191426408], [127.20386992280696, 37.70808305702488], [127.2040564625562, 37.70821699862961], [127.20419310209896, 37.70822908005468]]]]}}, {"id": "471", "type": "Feature", "properties": {"pnu": "4136026221102280003", "addr": "\uacbd\uae30\ub3c4 \ub0a8\uc591\uc8fc\uc2dc \uc624\ub0a8\uc74d \uc591\uc9c0\ub9ac 228-3", "jibun": "228-3", "jimok": "\ub2f5", "area_reg": 693.0, "area_geom": 711.8, "incl_ratio": 1.0, "area_incl": 693.0, "zone": "\uc81c1\uc885\uc77c\ubc18\uc8fc\uac70\uc9c0\uc5ed", "use": "\uc804", "owner": "\uac1c\uc778", "price": 306300.0, "price_year": "2025", "included": true, "free": false, "note": ""}, "geometry": {"type": "MultiPolygon", "coordinates": [[[[127.20335917625071, 37.70816330741685], [127.20341821499252, 37.70816770216347], [127.20380341404848, 37.70825093989533], [127.20385856796486, 37.70808191426408], [127.20356565613294, 37.70805238733732], [127.20337628466554, 37.70804883750976], [127.20330208383014, 37.7080527755891], [127.20335917625071, 37.70816330741685]]]]}}, {"id": "472", "type": "Feature", "properties": {"pnu": "4136026221102350006", "addr": "\uacbd\uae30\ub3c4 \ub0a8\uc591\uc8fc\uc2dc \uc624\ub0a8\uc74d \uc591\uc9c0\ub9ac 235-6", "jibun": "235-6", "jimok": "\uacf5\uc7a5\uc6a9\uc9c0", "area_reg": 1433.0, "area_geom": 1432.8, "incl_ratio": 1.0, "area_incl": 1433.0, "zone": "\uc81c1\uc885\uc77c\ubc18\uc8fc\uac70\uc9c0\uc5ed", "use": "\uacf5\uc5c5\uc6a9", "owner": "\uc885\uc911", "price": 629100.0, "price_year": "2025", "included": true, "free": false, "note": ""}, "geometry": {"type": "MultiPolygon", "coordinates": [[[[127.20009948408686, 37.708854107167454], [127.20022041701968, 37.70892545811194], [127.20034429721342, 37.70900048890983], [127.20047112679674, 37.70905453111913], [127.20060212714903, 37.70912874777149], [127.20080185968283, 37.70915092551186], [127.20081797719284, 37.709088362273825], [127.20048610732249, 37.70870655304673], [127.20009948408686, 37.708854107167454]]]]}}, {"id": "473", "type": "Feature", "properties": {"pnu": "4136026221102360002", "addr": "\uacbd\uae30\ub3c4 \ub0a8\uc591\uc8fc\uc2dc \uc624\ub0a8\uc74d \uc591\uc9c0\ub9ac 236-2", "jibun": "236-2", "jimok": "\ub3c4\ub85c", "area_reg": 161.0, "area_geom": 160.3, "incl_ratio": 1.0, "area_incl": 161.0, "zone": "\uc81c1\uc885\uc77c\ubc18\uc8fc\uac70\uc9c0\uc5ed", "use": "\ub3c4\ub85c\ub4f1", "owner": "\ubc95\uc778", "price": 162900.0, "price_year": "2025", "included": true, "free": false, "note": ""}, "geometry": {"type": "MultiPolygon", "coordinates": [[[[127.20082558550355, 37.70922766567039], [127.20089181759627, 37.70921191294884], [127.20093946993454, 37.70919047949366], [127.20093930386551, 37.7091242678387], [127.20091960420513, 37.709123850670046], [127.20080185968283, 37.70915092551186], [127.200744242947, 37.70917807885709], [127.2006585154833, 37.709218911254865], [127.2007176670847, 37.7092228476692], [127.20082558550355, 37.70922766567039]]]]}}, {"id": "474", "type": "Feature", "properties": {"pnu": "4136026221102380001", "addr": "\uacbd\uae30\ub3c4 \ub0a8\uc591\uc8fc\uc2dc \uc624\ub0a8\uc74d \uc591\uc9c0\ub9ac 238-1", "jibun": "238-1", "jimok": "\uc885\uad50\uc6a9\uc9c0", "area_reg": 307.0, "area_geom": 298.8, "incl_ratio": 1.0, "area_incl": 307.0, "zone": "\uc81c1\uc885\uc77c\ubc18\uc8fc\uac70\uc9c0\uc5ed", "use": "\uc8fc\uac70\uae30\ud0c0", "owner": "\uc885\uc911", "price": 565800.0, "price_year": "2025", "included": true, "free": false, "note": ""}, "geometry": {"type": "MultiPolygon", "coordinates": [[[[127.2033771892262, 37.70962840825479], [127.20338701816978, 37.70953935805299], [127.20333782848041, 37.70950807965558], [127.20332183331838, 37.70949790810501], [127.20319988735672, 37.709577284547024], [127.20311236914677, 37.70958887645923], [127.2030981110835, 37.70959618063251], [127.20322120576017, 37.709656064513695], [127.2033679915968, 37.70971189841898], [127.2033771892262, 37.70962840825479]]]]}}, {"id": "475", "type": "Feature", "properties": {"pnu": "4136026221102290001", "addr": "\uacbd\uae30\ub3c4 \ub0a8\uc591\uc8fc\uc2dc \uc624\ub0a8\uc74d \uc591\uc9c0\ub9ac 229-1", "jibun": "229-1", "jimok": "\uad6c\uac70", "area_reg": 3583.0, "area_geom": 3551.0, "incl_ratio": 1.0, "area_incl": 3583.0, "zone": "\uc81c1\uc885\uc77c\ubc18\uc8fc\uac70\uc9c0\uc5ed", "use": "\ud558\ucc9c\ub4f1", "owner": "\uad6d\uc720\uc9c0", "price": 77600.0, "price_year": "2025", "included": true, "free": false, "note": ""}, "geometry": {"type": "MultiPolygon", "coordinates": [[[[127.20508105888022, 37.70814277869954], [127.20500817061473, 37.70813735455659], [127.2048749158332, 37.70808985129072], [127.2047443910746, 37.708103482677984], [127.20460528084807, 37.70808359477683], [127.20456556679501, 37.70809606946073], [127.20447014880067, 37.70819176308004], [127.20434545015455, 37.70820443798456], [127.20430705083584, 37.708208351149096], [127.20424501402967, 37.70810252231282], [127.20412667576477, 37.70802708965751], [127.20398698742578, 37.70798633566144], [127.2038628522834, 37.70799345013183], [127.20385067296704, 37.70798937163784], [127.20379002613703, 37.70796906881714], [127.20360110541169, 37.70792679508455], [127.2034574874481, 37.707950583345834], [127.20328019480996, 37.70792232622583], [127.20313822638063, 37.70785596067729], [127.20296131909727, 37.70770179249918], [127.20295473751585, 37.70769605558282], [127.20277927736188, 37.70762384548243], [127.20258497765934, 37.70765104373504], [127.20249230292232, 37.7076462644287], [127.2024431551157, 37.70761309354727], [127.20240690214273, 37.707588640043184], [127.20233577492648, 37.707575760262415], [127.20192811382704, 37.70751282762139], [127.20186246346226, 37.7075039115043], [127.20164220314132, 37.70740360262271], [127.20160978443758, 37.707392134287645], [127.20150394471582, 37.70731586690912], [127.20139301224995, 37.70719692932919], [127.20132343406657, 37.70711454582831], [127.2012940037304, 37.707067177874265], [127.20121083478276, 37.70706731874603], [127.20121252410122, 37.70707563179735], [127.20127002132676, 37.707169415024474], [127.20136681458199, 37.70729767464879], [127.20162398943937, 37.70746643082737], [127.20174177549853, 37.70750648602849], [127.20182437933939, 37.70755743949413], [127.20201569610516, 37.70756374546265], [127.20214274222795, 37.70756816034244], [127.20226056794036, 37.70764798357213], [127.20233828163047, 37.707651599266114], [127.20246525728425, 37.70772646040657], [127.20265338874887, 37.70772049060879], [127.20272039854258, 37.70769102283749], [127.2027801217368, 37.707701254992635], [127.20288396002684, 37.707762217233665], [127.20290412065619, 37.7077822473048], [127.20298223658853, 37.707858993250376], [127.20308566923823, 37.707924965372335], [127.20323292823059, 37.70799349325984], [127.20326931574832, 37.70805485882937], [127.2033445244728, 37.70820095680866], [127.20334200536202, 37.70834676434235], [127.20339046872701, 37.70841575839715], [127.20342573568938, 37.70844434871366], [127.20344971966816, 37.70848575204912], [127.20349138161058, 37.708472148198446], [127.2034384031033, 37.708419316225864], [127.20340568805243, 37.70839501914852], [127.20336209637325, 37.70833683735464], [127.20337943506266, 37.70820272601153], [127.20335917625071, 37.70816330741685], [127.20330208383014, 37.7080527755891], [127.20341341552205, 37.708037187527445], [127.20377783598404, 37.70804863596029], [127.20397182575374, 37.70805319530485], [127.20410257143652, 37.70813321073317], [127.20417380992984, 37.70816999186559], [127.20419310209896, 37.70822908005468], [127.20423261525013, 37.708276033515496], [127.20437163727517, 37.70829675089512], [127.2045148501307, 37.70839040304857], [127.2046733558486, 37.70853595130983], [127.20476392034236, 37.708598078977225], [127.20486096486279, 37.70862448113683], [127.20491167652139, 37.708722995315775], [127.2049153277831, 37.708635712512745], [127.20488793001802, 37.70860696491761], [127.20485811069244, 37.70858014955737], [127.20473726518759, 37.70853808459075], [127.20465238866696, 37.70844087252468], [127.20449856067778, 37.708330507886274], [127.20445158552123, 37.70828778387498], [127.20453819963515, 37.70822808998561], [127.20462992993993, 37.70812750141233], [127.20472122323359, 37.70814523729963], [127.20484144567915, 37.70813796649836], [127.20491406264686, 37.708172762682544], [127.2050865507569, 37.70818952931997], [127.20508105888022, 37.70814277869954]]]]}}, {"id": "476", "type": "Feature", "properties": {"pnu": "4136026221102410001", "addr": "\uacbd\uae30\ub3c4 \ub0a8\uc591\uc8fc\uc2dc \uc624\ub0a8\uc74d \uc591\uc9c0\ub9ac 241-1", "jibun": "241-1", "jimok": "\ub2f5", "area_reg": 766.0, "area_geom": 760.9, "incl_ratio": 1.0, "area_incl": 766.0, "zone": "\uc81c1\uc885\uc77c\ubc18\uc8fc\uac70\uc9c0\uc5ed", "use": "\uc8fc\uac70\ub098\uc9c0", "owner": "\uac1c\uc778", "price": 531600.0, "price_year": "2025", "included": true, "free": false, "note": ""}, "geometry": {"type": "MultiPolygon", "coordinates": [[[[127.19975640829396, 37.708844620643056], [127.19938517836833, 37.70873436234657], [127.19927930874879, 37.708740603444056], [127.19931533967389, 37.70896331569471], [127.19983489384322, 37.70891191691484], [127.19975640829396, 37.708844620643056]]]]}}, {"id": "477", "type": "Feature", "properties": {"pnu": "4136026221102290002", "addr": "\uacbd\uae30\ub3c4 \ub0a8\uc591\uc8fc\uc2dc \uc624\ub0a8\uc74d \uc591\uc9c0\ub9ac 229-2", "jibun": "229-2", "jimok": "\ub2f5", "area_reg": 759.0, "area_geom": 759.0, "incl_ratio": 1.0, "area_incl": 759.0, "zone": "\uc81c1\uc885\uc77c\ubc18\uc8fc\uac70\uc9c0\uc5ed", "use": "\uc8fc\uac70\ub098\uc9c0", "owner": "\uac1c\uc778", "price": 281300.0, "price_year": "2025", "included": true, "free": false, "note": ""}, "geometry": {"type": "MultiPolygon", "coordinates": [[[[127.20186246346226, 37.7075039115043], [127.20192811382704, 37.70751282762139], [127.20195032428275, 37.70738455545309], [127.20223444284511, 37.707417813345046], [127.20222901601034, 37.70739449658546], [127.20224093341936, 37.707335165741334], [127.20220541476264, 37.70722547958599], [127.20212421121887, 37.70717650612628], [127.2019340450068, 37.70715912551037], [127.20186246346226, 37.7075039115043]]]]}}, {"id": "478", "type": "Feature", "properties": {"pnu": "4136026221102290003", "addr": "\uacbd\uae30\ub3c4 \ub0a8\uc591\uc8fc\uc2dc \uc624\ub0a8\uc74d \uc591\uc9c0\ub9ac 229-3", "jibun": "229-3", "jimok": "\ub2f5", "area_reg": 1610.0, "area_geom": 1622.9, "incl_ratio": 1.0, "area_incl": 1610.0, "zone": "\uc81c1\uc885\uc77c\ubc18\uc8fc\uac70\uc9c0\uc5ed", "use": "\uc8fc\uac70\ub098\uc9c0", "owner": "\uac1c\uc778", "price": 281300.0, "price_year": "2025", "included": true, "free": false, "note": ""}, "geometry": {"type": "MultiPolygon", "coordinates": [[[[127.2019340450068, 37.70715912551037], [127.20164145696509, 37.707130295996926], [127.20155512974314, 37.70707349243891], [127.20146444070062, 37.70701819181583], [127.20139954207751, 37.70697653307621], [127.20124545997376, 37.70697139736835], [127.2012940037304, 37.707067177874265], [127.20132343406657, 37.70711454582831], [127.20139301224995, 37.70719692932919], [127.20150394471582, 37.70731586690912], [127.20160978443758, 37.707392134287645], [127.20164220314132, 37.70740360262271], [127.20186246346226, 37.7075039115043], [127.2019340450068, 37.70715912551037]]]]}}, {"id": "479", "type": "Feature", "properties": {"pnu": "4136026221102300001", "addr": "\uacbd\uae30\ub3c4 \ub0a8\uc591\uc8fc\uc2dc \uc624\ub0a8\uc74d \uc591\uc9c0\ub9ac 230-1", "jibun": "230-1", "jimok": "\ub2f5", "area_reg": 2387.0, "area_geom": 2346.5, "incl_ratio": 1.0, "area_incl": 2387.0, "zone": "\uc81c1\uc885\uc77c\ubc18\uc8fc\uac70\uc9c0\uc5ed", "use": "\uc8fc\uac70\ub098\uc9c0", "owner": "\uac1c\uc778", "price": 335000.0, "price_year": "2025", "included": true, "free": false, "note": ""}, "geometry": {"type": "MultiPolygon", "coordinates": [[[[127.20284911848658, 37.707576272409106], [127.20287948860255, 37.707555588443654], [127.2031670619602, 37.707528374394805], [127.20341528882211, 37.707507029236055], [127.20341092855011, 37.707354458198076], [127.20336856949197, 37.707315681081894], [127.20309318648566, 37.707342397272704], [127.2030026675948, 37.70730441410296], [127.20292134422138, 37.70711917937303], [127.20266482280833, 37.707104742280436], [127.20240893745569, 37.707120053428135], [127.202528107768, 37.70726541033822], [127.2026422172205, 37.707321318891495], [127.20274445432386, 37.70740687133926], [127.20280390847121, 37.70756091605139], [127.20281801257636, 37.70759745315373], [127.20284911848658, 37.707576272409106]]]]}}, {"id": "480", "type": "Feature", "properties": {"pnu": "4136026221102300002", "addr": "\uacbd\uae30\ub3c4 \ub0a8\uc591\uc8fc\uc2dc \uc624\ub0a8\uc74d \uc591\uc9c0\ub9ac 230-2", "jibun": "230-2", "jimok": "\uacf5\uc7a5\uc6a9\uc9c0", "area_reg": 1728.0, "area_geom": 1770.5, "incl_ratio": 1.0, "area_incl": 1728.0, "zone": "\uc81c1\uc885\uc77c\ubc18\uc8fc\uac70\uc9c0\uc5ed", "use": "\uacf5\uc5c5\uc6a9", "owner": "\uac1c\uc778", "price": 442100.0, "price_year": "2025", "included": true, "free": false, "note": ""}, "geometry": {"type": "MultiPolygon", "coordinates": [[[[127.20212421121887, 37.70717650612628], [127.20220541476264, 37.70722547958599], [127.20224019013311, 37.70733287855414], [127.20224093341936, 37.707335165741334], [127.20222901601034, 37.70739449658546], [127.20223444284511, 37.707417813345046], [127.20224218760109, 37.70745120796259], [127.20233980568253, 37.707527155320406], [127.20233577492648, 37.707575760262415], [127.20240690214273, 37.707588640043184], [127.2024431551157, 37.70761309354727], [127.20260494688013, 37.70759606881], [127.20269746707764, 37.707573062516715], [127.20280390847121, 37.70756091605139], [127.20274445432386, 37.70740687133926], [127.2026422172205, 37.707321318891495], [127.202528107768, 37.70726541033822], [127.20250556844697, 37.70723791525099], [127.20240893745569, 37.707120053428135], [127.2022837953475, 37.70716538690922], [127.20212421121887, 37.70717650612628]]]]}}, {"id": "481", "type": "Feature", "properties": {"pnu": "4136026221102300003", "addr": "\uacbd\uae30\ub3c4 \ub0a8\uc591\uc8fc\uc2dc \uc624\ub0a8\uc74d \uc591\uc9c0\ub9ac 230-3", "jibun": "230-3", "jimok": "\ub2f5", "area_reg": 164.0, "area_geom": 165.1, "incl_ratio": 1.0, "area_incl": 164.0, "zone": "\uc81c1\uc885\uc77c\ubc18\uc8fc\uac70\uc9c0\uc5ed", "use": "\ub3c4\ub85c\ub4f1", "owner": "\uac1c\uc778", "price": 77600.0, "price_year": "2025", "included": true, "free": false, "note": ""}, "geometry": {"type": "MultiPolygon", "coordinates": [[[[127.2024431551157, 37.70761309354727], [127.20249230292232, 37.7076462644287], [127.20258497765934, 37.70765104373504], [127.20277927736188, 37.70762384548243], [127.20281801257636, 37.70759745315373], [127.20280390847121, 37.70756091605139], [127.2024972311987, 37.707615100643686], [127.2024431551157, 37.70761309354727]]]]}}, {"id": "482", "type": "Feature", "properties": {"pnu": "4136026221102300005", "addr": "\uacbd\uae30\ub3c4 \ub0a8\uc591\uc8fc\uc2dc \uc624\ub0a8\uc74d \uc591\uc9c0\ub9ac 230-5", "jibun": "230-5", "jimok": "\ub3c4\ub85c", "area_reg": 6.0, "area_geom": 6.1, "incl_ratio": 1.0, "area_incl": 6.0, "zone": "\uc81c1\uc885\uc77c\ubc18\uc8fc\uac70\uc9c0\uc5ed", "use": "\ub3c4\ub85c\ub4f1", "owner": "\uac1c\uc778", "price": 187000.0, "price_year": "2025", "included": true, "free": false, "note": ""}, "geometry": {"type": "MultiPolygon", "coordinates": [[[[127.2024972311987, 37.707615100643686], [127.20260494688013, 37.70759606881], [127.2024431551157, 37.70761309354727], [127.2024972311987, 37.707615100643686]]]]}}, {"id": "483", "type": "Feature", "properties": {"pnu": "4136026221102300006", "addr": "\uacbd\uae30\ub3c4 \ub0a8\uc591\uc8fc\uc2dc \uc624\ub0a8\uc74d \uc591\uc9c0\ub9ac 230-6", "jibun": "230-6", "jimok": "\ub3c4\ub85c", "area_reg": 6.0, "area_geom": 6.5, "incl_ratio": 1.0, "area_incl": 6.0, "zone": "\uc81c1\uc885\uc77c\ubc18\uc8fc\uac70\uc9c0\uc5ed", "use": "\ub3c4\ub85c\ub4f1", "owner": "\uac1c\uc778", "price": 187000.0, "price_year": "2025", "included": true, "free": false, "note": ""}, "geometry": {"type": "MultiPolygon", "coordinates": [[[[127.20260494688013, 37.70759606881], [127.20280390847121, 37.70756091605139], [127.20269746707764, 37.707573062516715], [127.20260494688013, 37.70759606881]]]]}}, {"id": "484", "type": "Feature", "properties": {"pnu": "4136026221102320001", "addr": "\uacbd\uae30\ub3c4 \ub0a8\uc591\uc8fc\uc2dc \uc624\ub0a8\uc74d \uc591\uc9c0\ub9ac 232-1", "jibun": "232-1", "jimok": "\uc804", "area_reg": 4866.0, "area_geom": 4906.6, "incl_ratio": 1.0, "area_incl": 4866.0, "zone": "\uc81c1\uc885\uc77c\ubc18\uc8fc\uac70\uc9c0\uc5ed", "use": "\uc804", "owner": "\uac1c\uc778", "price": 235300.0, "price_year": "2025", "included": true, "free": false, "note": ""}, "geometry": {"type": "MultiPolygon", "coordinates": [[[[127.20412667576477, 37.70802708965751], [127.20422159663408, 37.70800694311503], [127.20435338642046, 37.70797898478087], [127.20440251275221, 37.70793731170576], [127.2044283481798, 37.70789230907951], [127.20455652407445, 37.70791984719489], [127.2046025756978, 37.70790678498139], [127.2046542599605, 37.70792567929872], [127.20472562246927, 37.70789155390987], [127.20469023003048, 37.70775892071152], [127.20445347402858, 37.707732641801165], [127.20444607790068, 37.707731825641176], [127.2044573753677, 37.707691145629546], [127.20436263448384, 37.70766897370688], [127.20426257479699, 37.70764671174666], [127.20412236729085, 37.707614968454585], [127.20408501916314, 37.707504997708334], [127.2041997608073, 37.70734273487771], [127.20420599815887, 37.70724286114231], [127.20420617474859, 37.707199434301835], [127.20419034481358, 37.70715817927075], [127.20417142789105, 37.707141012350526], [127.20413188596245, 37.707133241899065], [127.20399293257793, 37.70707023279067], [127.20390624425794, 37.70706059712081], [127.2037703302736, 37.70711023025242], [127.20374296248306, 37.70717562421812], [127.20361966832213, 37.70735832615556], [127.20359122928133, 37.70743021788062], [127.20370598372305, 37.707405902330976], [127.20367950425121, 37.70753119994925], [127.20384192149103, 37.707602602201646], [127.20381979985797, 37.707870857561666], [127.20385067296704, 37.70798937163784], [127.2038628522834, 37.70799345013183], [127.20398698742578, 37.70798633566144], [127.20412667576477, 37.70802708965751]]]]}}, {"id": "485", "type": "Feature", "properties": {"pnu": "4136026221102320002", "addr": "\uacbd\uae30\ub3c4 \ub0a8\uc591\uc8fc\uc2dc \uc624\ub0a8\uc74d \uc591\uc9c0\ub9ac 232-2", "jibun": "232-2", "jimok": "\ub300", "area_reg": 428.0, "area_geom": 429.4, "incl_ratio": 1.0, "area_incl": 428.0, "zone": "\uc81c1\uc885\uc77c\ubc18\uc8fc\uac70\uc9c0\uc5ed", "use": "\uacf5\uc5c5\uc6a9", "owner": "\uac1c\uc778", "price": 450600.0, "price_year": "2025", "included": true, "free": false, "note": ""}, "geometry": {"type": "MultiPolygon", "coordinates": [[[[127.2031927250438, 37.70767484550885], [127.20317012582284, 37.70754584788539], [127.20284911848658, 37.707576272409106], [127.20281801257636, 37.70759745315373], [127.20277927736188, 37.70762384548243], [127.20295473751585, 37.70769605558282], [127.20296131909727, 37.70770179249918], [127.2031927250438, 37.70767484550885]]]]}}, {"id": "486", "type": "Feature", "properties": {"pnu": "4136026221102320003", "addr": "\uacbd\uae30\ub3c4 \ub0a8\uc591\uc8fc\uc2dc \uc624\ub0a8\uc74d \uc591\uc9c0\ub9ac 232-3", "jibun": "232-3", "jimok": "\uc804", "area_reg": 691.0, "area_geom": 673.1, "incl_ratio": 1.0, "area_incl": 691.0, "zone": "\uc81c1\uc885\uc77c\ubc18\uc8fc\uac70\uc9c0\uc5ed", "use": "\uc8fc\uac70\ub098\uc9c0", "owner": "\uac1c\uc778", "price": 281300.0, "price_year": "2025", "included": true, "free": false, "note": ""}, "geometry": {"type": "MultiPolygon", "coordinates": [[[[127.20341528882211, 37.707507029236055], [127.20353047860421, 37.70752187808067], [127.20359122928133, 37.70743021788062], [127.20361966832213, 37.70735832615556], [127.20374296248306, 37.70717562421812], [127.2037703302736, 37.70711023025242], [127.20374730974014, 37.707118639703666], [127.20353857978346, 37.7072184190272], [127.20341589692475, 37.70729223802428], [127.20336856949197, 37.707315681081894], [127.20341092855011, 37.707354458198076], [127.20341528882211, 37.707507029236055]]]]}}, {"id": "487", "type": "Feature", "properties": {"pnu": "4136026221102320005", "addr": "\uacbd\uae30\ub3c4 \ub0a8\uc591\uc8fc\uc2dc \uc624\ub0a8\uc74d \uc591\uc9c0\ub9ac 232-5", "jibun": "232-5", "jimok": "\ub300", "area_reg": 600.0, "area_geom": 595.4, "incl_ratio": 1.0, "area_incl": 600.0, "zone": "\uc81c1\uc885\uc77c\ubc18\uc8fc\uac70\uc9c0\uc5ed", "use": "\uacf5\uc5c5\uc6a9", "owner": "\uac1c\uc778", "price": 442100.0, "price_year": "2025", "included": true, "free": false, "note": ""}, "geometry": {"type": "MultiPolygon", "coordinates": [[[[127.2031927250438, 37.70767484550885], [127.20319780457005, 37.70770379385059], [127.20354843882922, 37.707667064922155], [127.20353047860421, 37.70752187808067], [127.20341528882211, 37.707507029236055], [127.2031670619602, 37.707528374394805], [127.20317012582284, 37.70754584788539], [127.2031927250438, 37.70767484550885]]]]}}, {"id": "488", "type": "Feature", "properties": {"pnu": "4136026221102320007", "addr": "\uacbd\uae30\ub3c4 \ub0a8\uc591\uc8fc\uc2dc \uc624\ub0a8\uc74d \uc591\uc9c0\ub9ac 232-7", "jibun": "232-7", "jimok": "\uc804", "area_reg": 2351.0, "area_geom": 2367.6, "incl_ratio": 1.0, "area_incl": 2351.0, "zone": "\uc81c1\uc885\uc77c\ubc18\uc8fc\uac70\uc9c0\uc5ed", "use": "\uc804", "owner": "\uac1c\uc778", "price": 235300.0, "price_year": "2025", "included": true, "free": false, "note": ""}, "geometry": {"type": "MultiPolygon", "coordinates": [[[[127.20296131909727, 37.70770179249918], [127.20313822638063, 37.70785596067729], [127.20328019480996, 37.70792232622583], [127.2034574874481, 37.707950583345834], [127.20360110541169, 37.70792679508455], [127.20379002613703, 37.70796906881714], [127.20385067296704, 37.70798937163784], [127.20381979985797, 37.707870857561666], [127.20384192149103, 37.707602602201646], [127.20367950425121, 37.70753119994925], [127.20370598372305, 37.707405902330976], [127.20359122928133, 37.70743021788062], [127.20353047860421, 37.70752187808067], [127.20354843882922, 37.707667064922155], [127.20319780457005, 37.70770379385059], [127.2031927250438, 37.70767484550885], [127.20296131909727, 37.70770179249918]]]]}}, {"id": "489", "type": "Feature", "properties": {"pnu": "4136026221102350001", "addr": "\uacbd\uae30\ub3c4 \ub0a8\uc591\uc8fc\uc2dc \uc624\ub0a8\uc74d \uc591\uc9c0\ub9ac 235-1", "jibun": "235-1", "jimok": "\uad6c\uac70", "area_reg": 208.0, "area_geom": 208.6, "incl_ratio": 1.0, "area_incl": 208.0, "zone": "\uc81c1\uc885\uc77c\ubc18\uc8fc\uac70\uc9c0\uc5ed", "use": "\ud558\ucc9c\ub4f1", "owner": "\ubc95\uc778", "price": 180800.0, "price_year": "2025", "included": true, "free": false, "note": ""}, "geometry": {"type": "MultiPolygon", "coordinates": [[[[127.2000222129032, 37.70896156025671], [127.19995263829064, 37.70889333013079], [127.19993159200959, 37.70887270641142], [127.19991868676586, 37.70886004253395], [127.19976598504095, 37.70873167754996], [127.19971840243402, 37.70870691792314], [127.19961568843411, 37.70868016066804], [127.1998513652838, 37.70888400433589], [127.19987431788758, 37.70889654320418], [127.19988162397635, 37.70890184660932], [127.19990322882765, 37.70891504544379], [127.1999464473775, 37.70893199195992], [127.2000222129032, 37.70896156025671]]]]}}, {"id": "490", "type": "Feature", "properties": {"pnu": "4136026221102350002", "addr": "\uacbd\uae30\ub3c4 \ub0a8\uc591\uc8fc\uc2dc \uc624\ub0a8\uc74d \uc591\uc9c0\ub9ac 235-2", "jibun": "235-2", "jimok": "\ub300", "area_reg": 131.0, "area_geom": 130.8, "incl_ratio": 1.0, "area_incl": 131.0, "zone": "\uc81c1\uc885\uc77c\ubc18\uc8fc\uac70\uc9c0\uc5ed", "use": "\ub2e4\uc138\ub300", "owner": "\uac1c\uc778", "price": 678300.0, "price_year": "2025", "included": true, "free": false, "note": ""}, "geometry": {"type": "MultiPolygon", "coordinates": [[[[127.2000222129032, 37.70896156025671], [127.2000506624242, 37.70897286452402], [127.20035266184973, 37.709130330929526], [127.20053494780181, 37.70918466696001], [127.200447072974, 37.70914767745038], [127.20023058146096, 37.70903714265917], [127.19995263829064, 37.70889333013079], [127.2000222129032, 37.70896156025671]]]]}}, {"id": "491", "type": "Feature", "properties": {"pnu": "4136026221102350003", "addr": "\uacbd\uae30\ub3c4 \ub0a8\uc591\uc8fc\uc2dc \uc624\ub0a8\uc74d \uc591\uc9c0\ub9ac 235-3", "jibun": "235-3", "jimok": "\ub2f5", "area_reg": 83.0, "area_geom": 64.9, "incl_ratio": 1.0, "area_incl": 83.0, "zone": "\uc81c1\uc885\uc77c\ubc18\uc8fc\uac70\uc9c0\uc5ed", "use": "\ub3c4\ub85c\ub4f1", "owner": "\uac1c\uc778", "price": 162900.0, "price_year": "2025", "included": true, "free": false, "note": ""}, "geometry": {"type": "MultiPolygon", "coordinates": [[[[127.20053494780181, 37.70918466696001], [127.20057686190468, 37.70919715566759], [127.20042935134714, 37.70913207559831], [127.2002601469515, 37.709041651717], [127.20002469469676, 37.7089141202563], [127.19993159200959, 37.70887270641142], [127.19995263829064, 37.70889333013079], [127.20023058146096, 37.70903714265917], [127.200447072974, 37.70914767745038], [127.20053494780181, 37.70918466696001]]]]}}, {"id": "492", "type": "Feature", "properties": {"pnu": "4136026221102350004", "addr": "\uacbd\uae30\ub3c4 \ub0a8\uc591\uc8fc\uc2dc \uc624\ub0a8\uc74d \uc591\uc9c0\ub9ac 235-4", "jibun": "235-4", "jimok": "\ub3c4\ub85c", "area_reg": 739.0, "area_geom": 768.7, "incl_ratio": 1.0, "area_incl": 739.0, "zone": "\uc81c1\uc885\uc77c\ubc18\uc8fc\uac70\uc9c0\uc5ed", "use": "\ub3c4\ub85c\ub4f1", "owner": "\ubc95\uc778", "price": 162900.0, "price_year": "2025", "included": true, "free": false, "note": ""}, "geometry": {"type": "MultiPolygon", "coordinates": [[[[127.2006585154833, 37.709218911254865], [127.200744242947, 37.70917807885709], [127.20080185968283, 37.70915092551186], [127.20060212714903, 37.70912874777149], [127.20047112679674, 37.70905453111913], [127.20034429721342, 37.70900048890983], [127.20022041701968, 37.70892545811194], [127.2000167155423, 37.708805279060414], [127.19985087540502, 37.70877677226872], [127.19976598504095, 37.70873167754996], [127.19991868676586, 37.70886004253395], [127.19993159200959, 37.70887270641142], [127.20002469469676, 37.7089141202563], [127.2002601469515, 37.709041651717], [127.20042935134714, 37.70913207559831], [127.20057686190468, 37.70919715566759], [127.2006585154833, 37.709218911254865]]]]}}, {"id": "493", "type": "Feature", "properties": {"pnu": "4136026221102350005", "addr": "\uacbd\uae30\ub3c4 \ub0a8\uc591\uc8fc\uc2dc \uc624\ub0a8\uc74d \uc591\uc9c0\ub9ac 235-5", "jibun": "235-5", "jimok": "\uacf5\uc7a5\uc6a9\uc9c0", "area_reg": 536.0, "area_geom": 537.8, "incl_ratio": 1.0, "area_incl": 536.0, "zone": "\uc81c1\uc885\uc77c\ubc18\uc8fc\uac70\uc9c0\uc5ed", "use": "\uacf5\uc5c5\uc6a9", "owner": "\uc885\uc911", "price": 609800.0, "price_year": "2025", "included": true, "free": false, "note": ""}, "geometry": {"type": "MultiPolygon", "coordinates": [[[[127.2000167155423, 37.708805279060414], [127.20007345323043, 37.70866117324049], [127.19956609056386, 37.708575650912515], [127.19971840243402, 37.70870691792314], [127.19976598504095, 37.70873167754996], [127.19985087540502, 37.70877677226872], [127.2000167155423, 37.708805279060414]]]]}}, {"id": "494", "type": "Feature", "properties": {"pnu": "4136026221102380002", "addr": "\uacbd\uae30\ub3c4 \ub0a8\uc591\uc8fc\uc2dc \uc624\ub0a8\uc74d \uc591\uc9c0\ub9ac 238-2", "jibun": "238-2", "jimok": "\ub300", "area_reg": 504.0, "area_geom": 504.7, "incl_ratio": 1.0, "area_incl": 504.0, "zone": "\uc81c1\uc885\uc77c\ubc18\uc8fc\uac70\uc9c0\uc5ed", "use": "\uc0c1\uc5c5\uc6a9", "owner": "\uac1c\uc778", "price": 829500.0, "price_year": "2025", "included": true, "free": false, "note": ""}, "geometry": {"type": "MultiPolygon", "coordinates": [[[[127.20168470432321, 37.70948163408076], [127.20180463570885, 37.70945378882387], [127.20185023098371, 37.7094433953191], [127.20199117209377, 37.7094476425956], [127.2020359633684, 37.709441908375936], [127.2020303254744, 37.709432890291794], [127.20199104250437, 37.709370060703286], [127.2019579150964, 37.70934422327873], [127.2019148250111, 37.70931206899083], [127.2018310553568, 37.70927956034443], [127.20162879778724, 37.70932656474289], [127.20168470432321, 37.70948163408076]]]]}}, {"id": "495", "type": "Feature", "properties": {"pnu": "4136026221102380003", "addr": "\uacbd\uae30\ub3c4 \ub0a8\uc591\uc8fc\uc2dc \uc624\ub0a8\uc74d \uc591\uc9c0\ub9ac 238-3", "jibun": "238-3", "jimok": "\uc804", "area_reg": 73.0, "area_geom": 80.5, "incl_ratio": 1.0, "area_incl": 73.0, "zone": "\uc790\uc5f0\ub179\uc9c0\uc9c0\uc5ed", "use": "\ub3c4\ub85c\ub4f1", "owner": "\uc885\uc911", "price": 103900.0, "price_year": "2025", "included": true, "free": false, "note": ""}, "geometry": {"type": "MultiPolygon", "coordinates": [[[[127.20251435297085, 37.7096929857516], [127.20246599829635, 37.709660056801496], [127.20243174146061, 37.709644447390794], [127.20241199622308, 37.70968181702759], [127.20247201561756, 37.709708770741926], [127.2025414557784, 37.70975127704309], [127.20263430400323, 37.709798302264915], [127.20265923578313, 37.709795962278555], [127.20251435297085, 37.7096929857516]]]]}}, {"id": "496", "type": "Feature", "properties": {"pnu": "4136026221102380006", "addr": "\uacbd\uae30\ub3c4 \ub0a8\uc591\uc8fc\uc2dc \uc624\ub0a8\uc74d \uc591\uc9c0\ub9ac 238-6", "jibun": "238-6", "jimok": "\uc804", "area_reg": 272.0, "area_geom": 273.4, "incl_ratio": 1.0, "area_incl": 272.0, "zone": "\uc81c1\uc885\uc77c\ubc18\uc8fc\uac70\uc9c0\uc5ed", "use": "\uc8fc\uac70\ub098\uc9c0", "owner": "\uac1c\uc778", "price": 449600.0, "price_year": "2025", "included": true, "free": false, "note": ""}, "geometry": {"type": "MultiPolygon", "coordinates": [[[[127.20178890376383, 37.70926319833614], [127.20169302041315, 37.70925099990116], [127.20130025780391, 37.70934225804228], [127.20132019755405, 37.709398291322614], [127.20162879778724, 37.70932656474289], [127.2018310553568, 37.70927956034443], [127.20178890376383, 37.70926319833614]]]]}}, {"id": "497", "type": "Feature", "properties": {"pnu": "4136026221102380008", "addr": "\uacbd\uae30\ub3c4 \ub0a8\uc591\uc8fc\uc2dc \uc624\ub0a8\uc74d \uc591\uc9c0\ub9ac 238-8", "jibun": "238-8", "jimok": "\ub3c4\ub85c", "area_reg": 915.0, "area_geom": 900.0, "incl_ratio": 1.0, "area_incl": 915.0, "zone": "\uc81c1\uc885\uc77c\ubc18\uc8fc\uac70\uc9c0\uc5ed", "use": "\ub3c4\ub85c\ub4f1", "owner": "\uad70\uc720\uc9c0", "price": 141700.0, "price_year": "2025", "included": true, "free": false, "note": ""}, "geometry": {"type": "MultiPolygon", "coordinates": [[[[127.2033679915968, 37.70971189841898], [127.20322120576017, 37.709656064513695], [127.2030981110835, 37.70959618063251], [127.20287368548132, 37.7097113470319], [127.20272755749112, 37.70967218825312], [127.20270938116894, 37.70969836527527], [127.20260411682214, 37.709664596463504], [127.20255863852827, 37.709693117478615], [127.20246599829635, 37.709660056801496], [127.20251435297085, 37.7096929857516], [127.20277509775464, 37.709726822735846], [127.20280467109151, 37.709759234031246], [127.20281505833356, 37.70975474751267], [127.20288433260272, 37.7097568095702], [127.203017699454, 37.709769672769795], [127.20315893338962, 37.709793847497465], [127.20319940630635, 37.70981407702537], [127.20330827027797, 37.70987029119472], [127.20345851432444, 37.70985045601784], [127.2033679915968, 37.70971189841898]]]]}}, {"id": "498", "type": "Feature", "properties": {"pnu": "4136026221102380009", "addr": "\uacbd\uae30\ub3c4 \ub0a8\uc591\uc8fc\uc2dc \uc624\ub0a8\uc74d \uc591\uc9c0\ub9ac 238-9", "jibun": "238-9", "jimok": "\uc784\uc57c", "area_reg": 150.0, "area_geom": 148.2, "incl_ratio": 1.0, "area_incl": 150.0, "zone": "\uc790\uc5f0\ub179\uc9c0\uc9c0\uc5ed", "use": "\ub3c4\ub85c\ub4f1", "owner": "\uc885\uc911", "price": 103900.0, "price_year": "2025", "included": true, "free": false, "note": ""}, "geometry": {"type": "MultiPolygon", "coordinates": [[[[127.20280467109151, 37.709759234031246], [127.20277509775464, 37.709726822735846], [127.20251435297085, 37.7096929857516], [127.20265923578313, 37.709795962278555], [127.20270826368305, 37.709800987110086], [127.20280467109151, 37.709759234031246]]]]}}, {"id": "499", "type": "Feature", "properties": {"pnu": "4136026221102380012", "addr": "\uacbd\uae30\ub3c4 \ub0a8\uc591\uc8fc\uc2dc \uc624\ub0a8\uc74d \uc591\uc9c0\ub9ac 238-12", "jibun": "238-12", "jimok": "\uc885\uad50\uc6a9\uc9c0", "area_reg": 684.0, "area_geom": 680.8, "incl_ratio": 1.0, "area_incl": 684.0, "zone": "\uc81c1\uc885\uc77c\ubc18\uc8fc\uac70\uc9c0\uc5ed", "use": "\uc8fc\uac70\uae30\ud0c0", "owner": "\uc885\uc911", "price": 565800.0, "price_year": "2025", "included": true, "free": false, "note": ""}, "geometry": {"type": "MultiPolygon", "coordinates": [[[[127.20333782848041, 37.70950807965558], [127.20338701816978, 37.70953935805299], [127.2033771892262, 37.70962840825479], [127.20352860485416, 37.70957662275882], [127.2035970177007, 37.70965826812413], [127.20381336314107, 37.709562358826176], [127.20368738844284, 37.70938587758907], [127.20333782848041, 37.70950807965558]]]]}}, {"id": "500", "type": "Feature", "properties": {"pnu": "4136026221102380013", "addr": "\uacbd\uae30\ub3c4 \ub0a8\uc591\uc8fc\uc2dc \uc624\ub0a8\uc74d \uc591\uc9c0\ub9ac 238-13", "jibun": "238-13", "jimok": "\ub300", "area_reg": 504.0, "area_geom": 508.0, "incl_ratio": 1.0, "area_incl": 504.0, "zone": "\uc81c1\uc885\uc77c\ubc18\uc8fc\uac70\uc9c0\uc5ed", "use": "\uc0c1\uc5c5\uc6a9", "owner": "\uac1c\uc778", "price": 873200.0, "price_year": "2025", "included": true, "free": false, "note": ""}, "geometry": {"type": "MultiPolygon", "coordinates": [[[[127.20137541196951, 37.709553452075134], [127.20168470432321, 37.70948163408076], [127.20162879778724, 37.70932656474289], [127.20132019755405, 37.709398291322614], [127.20137541196951, 37.709553452075134]]]]}}, {"id": "501", "type": "Feature", "properties": {"pnu": "4136026221102390002", "addr": "\uacbd\uae30\ub3c4 \ub0a8\uc591\uc8fc\uc2dc \uc624\ub0a8\uc74d \uc591\uc9c0\ub9ac 239-2", "jibun": "239-2", "jimok": "\uc885\uad50\uc6a9\uc9c0", "area_reg": 995.0, "area_geom": 1002.0, "incl_ratio": 1.0, "area_incl": 995.0, "zone": "\uc81c1\uc885\uc77c\ubc18\uc8fc\uac70\uc9c0\uc5ed", "use": "\uc8fc\uac70\uae30\ud0c0", "owner": "\uc885\uad50\ub2e8\uccb4", "price": 699500.0, "price_year": "2025", "included": true, "free": false, "note": ""}, "geometry": {"type": "MultiPolygon", "coordinates": [[[[127.20072024021357, 37.70968001108524], [127.20067130422963, 37.70956092308008], [127.20057079015521, 37.709407469220515], [127.20056993542194, 37.7093592600147], [127.20056888288585, 37.70934309847538], [127.20030465410466, 37.70934993205134], [127.20031338879777, 37.709367828514694], [127.2003625142825, 37.70953688388343], [127.2003630904337, 37.7096761270809], [127.20034827497457, 37.709708370577744], [127.20072024021357, 37.70968001108524]]]]}}, {"id": "502", "type": "Feature", "properties": {"pnu": "4136026221102390003", "addr": "\uacbd\uae30\ub3c4 \ub0a8\uc591\uc8fc\uc2dc \uc624\ub0a8\uc74d \uc591\uc9c0\ub9ac 239-3", "jibun": "239-3", "jimok": "\uad6c\uac70", "area_reg": 646.0, "area_geom": 663.7, "incl_ratio": 1.0, "area_incl": 646.0, "zone": "\uc81c1\uc885\uc77c\ubc18\uc8fc\uac70\uc9c0\uc5ed", "use": "\ub3c4\ub85c\ub4f1", "owner": "\ubc95\uc778", "price": 273300.0, "price_year": "2025", "included": true, "free": false, "note": ""}, "geometry": {"type": "MultiPolygon", "coordinates": [[[[127.2000222129032, 37.70896156025671], [127.1999464473775, 37.70893199195992], [127.19990322882765, 37.70891504544379], [127.19988162397635, 37.70890184660932], [127.1998780892247, 37.70890741151133], [127.20000780449801, 37.70902737299583], [127.20013967185841, 37.70919719012683], [127.20018489740393, 37.70925643349203], [127.20024030793572, 37.709362798176], [127.20027333398939, 37.709465560664334], [127.20029659078823, 37.70957491665615], [127.20028983233071, 37.7097067572739], [127.20024962493899, 37.70974317898822], [127.20017002340724, 37.709823336842206], [127.20016341592941, 37.70982913216967], [127.20008381545597, 37.70988425214139], [127.20015143441638, 37.70985671287713], [127.20017038324113, 37.70984768031433], [127.20026561981751, 37.709808589129814], [127.20032642385982, 37.70975593333289], [127.20034827497457, 37.709708370577744], [127.2003630904337, 37.7096761270809], [127.2003625142825, 37.70953688388343], [127.20031338879777, 37.709367828514694], [127.20030465410466, 37.70934993205134], [127.2002639456227, 37.709266580299925], [127.20008907611273, 37.70902936244329], [127.2000222129032, 37.70896156025671]]]]}}, {"id": "503", "type": "Feature", "properties": {"pnu": "4136026221102390012", "addr": "\uacbd\uae30\ub3c4 \ub0a8\uc591\uc8fc\uc2dc \uc624\ub0a8\uc74d \uc591\uc9c0\ub9ac 239-12", "jibun": "239-12", "jimok": "\ub300", "area_reg": 772.0, "area_geom": 774.5, "incl_ratio": 1.0, "area_incl": 772.0, "zone": "\uc81c1\uc885\uc77c\ubc18\uc8fc\uac70\uc9c0\uc5ed", "use": "\ub2e4\uc138\ub300", "owner": "\uac1c\uc778", "price": 678300.0, "price_year": "2025", "included": true, "free": false, "note": ""}, "geometry": {"type": "MultiPolygon", "coordinates": [[[[127.20030465410466, 37.70934993205134], [127.20056888288585, 37.70934309847538], [127.20056480264836, 37.709280380163904], [127.20053737767857, 37.70925788430403], [127.20057716470725, 37.70922132805388], [127.20057686190468, 37.70919715566759], [127.20053494780181, 37.70918466696001], [127.20035266184973, 37.709130330929526], [127.2000506624242, 37.70897286452402], [127.2000222129032, 37.70896156025671], [127.20008907611273, 37.70902936244329], [127.2002639456227, 37.709266580299925], [127.20030465410466, 37.70934993205134]]]]}}, {"id": "504", "type": "Feature", "properties": {"pnu": "4136026221102390013", "addr": "\uacbd\uae30\ub3c4 \ub0a8\uc591\uc8fc\uc2dc \uc624\ub0a8\uc74d \uc591\uc9c0\ub9ac 239-13", "jibun": "239-13", "jimok": "\ub300", "area_reg": 55.0, "area_geom": 54.8, "incl_ratio": 1.0, "area_incl": 55.0, "zone": "\uc81c1\uc885\uc77c\ubc18\uc8fc\uac70\uc9c0\uc5ed", "use": "\ub2e4\uc138\ub300", "owner": "\uac1c\uc778", "price": 678300.0, "price_year": "2025", "included": true, "free": false, "note": ""}, "geometry": {"type": "MultiPolygon", "coordinates": [[[[127.20060061165827, 37.70934227909127], [127.20058168630857, 37.7092582599955], [127.20064384547061, 37.70922490041854], [127.20064594117461, 37.70921556287967], [127.20057686190468, 37.70919715566759], [127.20057716470725, 37.70922132805388], [127.20053737767857, 37.70925788430403], [127.20056480264836, 37.709280380163904], [127.20056888288585, 37.70934309847538], [127.20060061165827, 37.70934227909127]]]]}}, {"id": "505", "type": "Feature", "properties": {"pnu": "4136026221102390014", "addr": "\uacbd\uae30\ub3c4 \ub0a8\uc591\uc8fc\uc2dc \uc624\ub0a8\uc74d \uc591\uc9c0\ub9ac 239-14", "jibun": "239-14", "jimok": "\uc885\uad50\uc6a9\uc9c0", "area_reg": 45.0, "area_geom": 46.6, "incl_ratio": 1.0, "area_incl": 45.0, "zone": "\uc81c1\uc885\uc77c\ubc18\uc8fc\uac70\uc9c0\uc5ed", "use": "\uc8fc\uac70\ub098\uc9c0", "owner": "\uc885\uad50\ub2e8\uccb4", "price": 610500.0, "price_year": "2025", "included": true, "free": false, "note": ""}, "geometry": {"type": "MultiPolygon", "coordinates": [[[[127.20056888288585, 37.70934309847538], [127.20056993542194, 37.7093592600147], [127.20057079015521, 37.709407469220515], [127.20063864593678, 37.70951106476099], [127.20060061165827, 37.70934227909127], [127.20056888288585, 37.70934309847538]]]]}}, {"id": "506", "type": "Feature", "properties": {"pnu": "4136026221102400002", "addr": "\uacbd\uae30\ub3c4 \ub0a8\uc591\uc8fc\uc2dc \uc624\ub0a8\uc74d \uc591\uc9c0\ub9ac 240-2", "jibun": "240-2", "jimok": "\ub2f5", "area_reg": 843.0, "area_geom": 850.4, "incl_ratio": 0.3134, "area_incl": 264.2, "zone": "\uc81c1\uc885\uc77c\ubc18\uc8fc\uac70\uc9c0\uc5ed", "use": "\uc8fc\uac70\ub098\uc9c0", "owner": "\uac1c\uc778", "price": 764600.0, "price_year": "2025", "included": true, "free": false, "note": ""}, "geometry": {"type": "MultiPolygon", "coordinates": [[[[127.19943552443397, 37.709755711170615], [127.19932434586637, 37.70901093462234], [127.19924610486645, 37.70901848078842], [127.19921133213353, 37.70902175553685], [127.19931249002954, 37.70974729537479], [127.19943552443397, 37.709755711170615]]]]}}, {"id": "507", "type": "Feature", "properties": {"pnu": "4136026221102400003", "addr": "\uacbd\uae30\ub3c4 \ub0a8\uc591\uc8fc\uc2dc \uc624\ub0a8\uc74d \uc591\uc9c0\ub9ac 240-3", "jibun": "240-3", "jimok": "\ub2f5", "area_reg": 1251.0, "area_geom": 1225.1, "incl_ratio": 0.514, "area_incl": 643.0, "zone": "\uc81c1\uc885\uc77c\ubc18\uc8fc\uac70\uc9c0\uc5ed", "use": "\uc8fc\uac70\ub098\uc9c0", "owner": "\uac1c\uc778", "price": 772000.0, "price_year": "2025", "included": true, "free": false, "note": ""}, "geometry": {"type": "MultiPolygon", "coordinates": [[[[127.19943552443397, 37.709755711170615], [127.1994746794225, 37.70975836635988], [127.19959766998305, 37.70975455596274], [127.19949184796464, 37.70899476950397], [127.19932434586637, 37.70901093462234], [127.19943552443397, 37.709755711170615]]]]}}, {"id": "508", "type": "Feature", "properties": {"pnu": "4136026221102400004", "addr": "\uacbd\uae30\ub3c4 \ub0a8\uc591\uc8fc\uc2dc \uc624\ub0a8\uc74d \uc591\uc9c0\ub9ac 240-4", "jibun": "240-4", "jimok": "\ub2f5", "area_reg": 1235.0, "area_geom": 1237.7, "incl_ratio": 0.7297, "area_incl": 901.2, "zone": "\uc81c1\uc885\uc77c\ubc18\uc8fc\uac70\uc9c0\uc5ed", "use": "\uc8fc\uac70\ub098\uc9c0", "owner": "\uac1c\uc778", "price": 778600.0, "price_year": "2025", "included": true, "free": false, "note": ""}, "geometry": {"type": "MultiPolygon", "coordinates": [[[[127.19959766998305, 37.70975455596274], [127.19975787747299, 37.70974959270741], [127.19965911066367, 37.70897816307698], [127.19949184796464, 37.70899476950397], [127.19959766998305, 37.70975455596274]]]]}}, {"id": "509", "type": "Feature", "properties": {"pnu": "4136026221102400005", "addr": "\uacbd\uae30\ub3c4 \ub0a8\uc591\uc8fc\uc2dc \uc624\ub0a8\uc74d \uc591\uc9c0\ub9ac 240-5", "jibun": "240-5", "jimok": "\ub2f5", "area_reg": 1944.0, "area_geom": 1948.0, "incl_ratio": 0.9548, "area_incl": 1856.1, "zone": "\uc81c1\uc885\uc77c\ubc18\uc8fc\uac70\uc9c0\uc5ed", "use": "\uc8fc\uac70\ub098\uc9c0", "owner": "\uac1c\uc778", "price": 778600.0, "price_year": "2025", "included": true, "free": false, "note": ""}, "geometry": {"type": "MultiPolygon", "coordinates": [[[[127.19975787747299, 37.70974959270741], [127.19985947011907, 37.70974650274226], [127.20001476536024, 37.709728141038674], [127.19991433888349, 37.708981743231625], [127.19989009450693, 37.70895684530069], [127.19965911066367, 37.70897816307698], [127.19975787747299, 37.70974959270741]]]]}}, {"id": "510", "type": "Feature", "properties": {"pnu": "4136026221102400010", "addr": "\uacbd\uae30\ub3c4 \ub0a8\uc591\uc8fc\uc2dc \uc624\ub0a8\uc74d \uc591\uc9c0\ub9ac 240-10", "jibun": "240-10", "jimok": "\ub2f5", "area_reg": 344.0, "area_geom": 342.7, "incl_ratio": 0.2454, "area_incl": 84.4, "zone": "\uc81c1\uc885\uc77c\ubc18\uc8fc\uac70\uc9c0\uc5ed", "use": "\ub3c4\ub85c\ub4f1", "owner": "\uad70\uc720\uc9c0", "price": 273300.0, "price_year": "2025", "included": true, "free": false, "note": ""}, "geometry": {"type": "MultiPolygon", "coordinates": [[[[127.19975787747299, 37.70974959270741], [127.19976249831875, 37.70978560552625], [127.19988681446823, 37.709777053522146], [127.199900229113, 37.70990418416653], [127.19977865387165, 37.70991148824459], [127.199781560851, 37.70993418767847], [127.19982606261917, 37.70994731198538], [127.20002554383834, 37.709921298832995], [127.20004428346573, 37.70990610404115], [127.20001476536024, 37.709728141038674], [127.19985947011907, 37.70974650274226], [127.19975787747299, 37.70974959270741]]]]}}, {"id": "511", "type": "Feature", "properties": {"pnu": "4136026221102400011", "addr": "\uacbd\uae30\ub3c4 \ub0a8\uc591\uc8fc\uc2dc \uc624\ub0a8\uc74d \uc591\uc9c0\ub9ac 240-11", "jibun": "240-11", "jimok": "\ub2f5", "area_reg": 267.0, "area_geom": 273.2, "incl_ratio": 0.979, "area_incl": 261.4, "zone": "\uc81c1\uc885\uc77c\ubc18\uc8fc\uac70\uc9c0\uc5ed", "use": "\ub3c4\ub85c\ub4f1", "owner": "\uad70\uc720\uc9c0", "price": 273300.0, "price_year": "2025", "included": true, "free": false, "note": ""}, "geometry": {"type": "MultiPolygon", "coordinates": [[[[127.20008381545597, 37.70988425214139], [127.20016341592941, 37.70982913216967], [127.20017002340724, 37.709823336842206], [127.20024962493899, 37.70974317898822], [127.2002569251985, 37.7096995419512], [127.20001476536024, 37.709728141038674], [127.20004428346573, 37.70990610404115], [127.20008381545597, 37.70988425214139]]]]}}, {"id": "512", "type": "Feature", "properties": {"pnu": "4136026221102410002", "addr": "\uacbd\uae30\ub3c4 \ub0a8\uc591\uc8fc\uc2dc \uc624\ub0a8\uc74d \uc591\uc9c0\ub9ac 241-2", "jibun": "241-2", "jimok": "\uad6c\uac70", "area_reg": 42.0, "area_geom": 39.8, "incl_ratio": 1.0, "area_incl": 42.0, "zone": "\uc81c1\uc885\uc77c\ubc18\uc8fc\uac70\uc9c0\uc5ed", "use": "\ub3c4\ub85c\ub4f1", "owner": "\ubc95\uc778", "price": 180800.0, "price_year": "2025", "included": true, "free": false, "note": ""}, "geometry": {"type": "MultiPolygon", "coordinates": [[[[127.19973847199104, 37.7088292352787], [127.19937979190695, 37.7087216677737], [127.19934634088216, 37.70872295822046], [127.19938517836833, 37.70873436234657], [127.19975640829396, 37.708844620643056], [127.19973847199104, 37.7088292352787]]]]}}, {"id": "513", "type": "Feature", "properties": {"pnu": "4136026221102410003", "addr": "\uacbd\uae30\ub3c4 \ub0a8\uc591\uc8fc\uc2dc \uc624\ub0a8\uc74d \uc591\uc9c0\ub9ac 241-3", "jibun": "241-3", "jimok": "\uad6c\uac70", "area_reg": 13.0, "area_geom": 13.3, "incl_ratio": 1.0, "area_incl": 13.0, "zone": "\uc81c1\uc885\uc77c\ubc18\uc8fc\uac70\uc9c0\uc5ed", "use": "\ub3c4\ub85c\ub4f1", "owner": "\ubc95\uc778", "price": 180800.0, "price_year": "2025", "included": true, "free": false, "note": ""}, "geometry": {"type": "MultiPolygon", "coordinates": [[[[127.19927930874879, 37.708740603444056], [127.19938517836833, 37.70873436234657], [127.19934634088216, 37.70872295822046], [127.19931312135569, 37.708713211444085], [127.19930404910725, 37.70873033599303], [127.19927707174048, 37.70872669629098], [127.19927930874879, 37.708740603444056]]]]}}, {"id": "514", "type": "Feature", "properties": {"pnu": "4136026221102410004", "addr": "\uacbd\uae30\ub3c4 \ub0a8\uc591\uc8fc\uc2dc \uc624\ub0a8\uc74d \uc591\uc9c0\ub9ac 241-4", "jibun": "241-4", "jimok": "\ub3c4\ub85c", "area_reg": 211.0, "area_geom": 219.0, "incl_ratio": 1.0, "area_incl": 211.0, "zone": "\uc81c1\uc885\uc77c\ubc18\uc8fc\uac70\uc9c0\uc5ed", "use": "\ub3c4\ub85c\ub4f1", "owner": "\ubc95\uc778", "price": 180800.0, "price_year": "2025", "included": true, "free": false, "note": ""}, "geometry": {"type": "MultiPolygon", "coordinates": [[[[127.19934634088216, 37.70872295822046], [127.19937979190695, 37.7087216677737], [127.19973847199104, 37.7088292352787], [127.1996557127977, 37.70875826117446], [127.19926264523374, 37.70863653385383], [127.19927707174048, 37.70872669629098], [127.19930404910725, 37.70873033599303], [127.19931312135569, 37.708713211444085], [127.19934634088216, 37.70872295822046]]]]}}, {"id": "515", "type": "Feature", "properties": {"pnu": "4136026221102420003", "addr": "\uacbd\uae30\ub3c4 \ub0a8\uc591\uc8fc\uc2dc \uc624\ub0a8\uc74d \uc591\uc9c0\ub9ac 242-3", "jibun": "242-3", "jimok": "\ub3c4\ub85c", "area_reg": 261.2, "area_geom": 261.2, "incl_ratio": 0.0064, "area_incl": 1.7, "zone": "\uc790\uc5f0\ub179\uc9c0\uc9c0\uc5ed", "use": null, "owner": null, "price": 161700.0, "price_year": "2025", "included": false, "free": false, "note": ""}, "geometry": {"type": "MultiPolygon", "coordinates": [[[[127.19981242575408, 37.71005596428409], [127.19966519754537, 37.71002491224775], [127.19977471542829, 37.71008482253827], [127.19985320094673, 37.71017288602784], [127.20007977605815, 37.710172504714905], [127.20038349035447, 37.71017199289817], [127.20038272389962, 37.710135559162175], [127.19990043975592, 37.7101363715347], [127.19986536817277, 37.71012131233878], [127.19984539009367, 37.71009737126022], [127.19981242575408, 37.71005596428409]]]]}}, {"id": "516", "type": "Feature", "properties": {"pnu": "4136026221102420004", "addr": "\uacbd\uae30\ub3c4 \ub0a8\uc591\uc8fc\uc2dc \uc624\ub0a8\uc74d \uc591\uc9c0\ub9ac 242-4", "jibun": "242-4", "jimok": "\ub300", "area_reg": 566.0, "area_geom": 564.2, "incl_ratio": 0.2279, "area_incl": 129.0, "zone": "\uc790\uc5f0\ub179\uc9c0\uc9c0\uc5ed", "use": "\ub2e8\ub3c5", "owner": "\uac1c\uc778", "price": 531300.0, "price_year": "2025", "included": true, "free": false, "note": ""}, "geometry": {"type": "MultiPolygon", "coordinates": [[[[127.19984539009367, 37.71009737126022], [127.19986536817277, 37.71012131233878], [127.19990043975592, 37.7101363715347], [127.20038272389962, 37.710135559162175], [127.20038067698954, 37.71004009635128], [127.2002956918228, 37.70998139761208], [127.20009734003521, 37.7100396999093], [127.19996547294275, 37.71002362344733], [127.19984539009367, 37.71009737126022]]]]}}, {"id": "517", "type": "Feature", "properties": {"pnu": "4136026221102440001", "addr": "\uacbd\uae30\ub3c4 \ub0a8\uc591\uc8fc\uc2dc \uc624\ub0a8\uc74d \uc591\uc9c0\ub9ac 244-1", "jibun": "244-1", "jimok": "\ub300", "area_reg": 4822.0, "area_geom": 4815.1, "incl_ratio": 1.0, "area_incl": 4822.0, "zone": "\uc790\uc5f0\ub179\uc9c0\uc9c0\uc5ed", "use": "\uc8fc\ucc28\uc7a5\ub4f1", "owner": "\uad70\uc720\uc9c0", "price": 220400.0, "price_year": "2025", "included": true, "free": false, "note": ""}, "geometry": {"type": "MultiPolygon", "coordinates": [[[[127.20198403777864, 37.71015457899519], [127.20203934046413, 37.7101565752037], [127.20200357229612, 37.71024935433807], [127.20202217671603, 37.710280910539936], [127.20200121367459, 37.710346275159104], [127.20204470523043, 37.71035462522982], [127.20267831240979, 37.71047628449944], [127.20278648438205, 37.710595108382094], [127.20267273384631, 37.71040116254274], [127.20272823574938, 37.71040126606144], [127.20284664351827, 37.71034640240631], [127.20289137900618, 37.710357597090315], [127.20295083105658, 37.710329700774714], [127.20297061516726, 37.71028578096966], [127.20295589250705, 37.7101969078998], [127.20294784208981, 37.71015974783366], [127.20293774550598, 37.71012917731653], [127.20293241118546, 37.7101192487835], [127.20292286271945, 37.710090064814835], [127.20291648276951, 37.71005414522443], [127.20294040647546, 37.70996843159132], [127.20292017603377, 37.70991025479152], [127.20289494945571, 37.70992101035058], [127.20273371809292, 37.709912257916855], [127.20267744101373, 37.70992731896541], [127.20253268878412, 37.70989378863192], [127.20240576003542, 37.709812494625176], [127.20239964818639, 37.70980857682935], [127.20237994134439, 37.70980136664017], [127.20233566910481, 37.709785179624845], [127.20227090990818, 37.70980469668276], [127.20220482041519, 37.70979351107761], [127.2021580084422, 37.709794347549256], [127.20205203510878, 37.70979623965145], [127.2021181418958, 37.709876961800994], [127.20198403777864, 37.71015457899519]]]]}}, {"id": "518", "type": "Feature", "properties": {"pnu": "4136026221102440002", "addr": "\uacbd\uae30\ub3c4 \ub0a8\uc591\uc8fc\uc2dc \uc624\ub0a8\uc74d \uc591\uc9c0\ub9ac 244-2", "jibun": "244-2", "jimok": "\ub300", "area_reg": 2927.0, "area_geom": 2939.9, "incl_ratio": 1.0, "area_incl": 2927.0, "zone": "\uc790\uc5f0\ub179\uc9c0\uc9c0\uc5ed", "use": "\uc8fc\uac70\uae30\ud0c0", "owner": "\uac1c\uc778", "price": 673100.0, "price_year": "2025", "included": true, "free": false, "note": ""}, "geometry": {"type": "MultiPolygon", "coordinates": [[[[127.20210011898997, 37.70985496386275], [127.20185207183526, 37.709722826538005], [127.20170858437288, 37.709733386276376], [127.20157173296688, 37.709769936436025], [127.20134407834949, 37.70982819143478], [127.20134962179363, 37.70984006577074], [127.20139432334145, 37.70993594279388], [127.20137805725592, 37.70999796577404], [127.20140411291476, 37.710063574936214], [127.20146031881926, 37.7102793869184], [127.20147093589637, 37.710297072878966], [127.2016632990047, 37.71028501596613], [127.2018454181279, 37.71014957095766], [127.20198403777864, 37.71015457899519], [127.2021181418958, 37.709876961800994], [127.20210011898997, 37.70985496386275]]]]}}, {"id": "519", "type": "Feature", "properties": {"pnu": "4136026221102440003", "addr": "\uacbd\uae30\ub3c4 \ub0a8\uc591\uc8fc\uc2dc \uc624\ub0a8\uc74d \uc591\uc9c0\ub9ac 244-3", "jibun": "244-3", "jimok": "\ub300", "area_reg": 515.0, "area_geom": 517.0, "incl_ratio": 1.0, "area_incl": 515.0, "zone": "\uc790\uc5f0\ub179\uc9c0\uc9c0\uc5ed", "use": "\ub2e8\ub3c5", "owner": "\uac1c\uc778", "price": 538700.0, "price_year": "2025", "included": true, "free": false, "note": ""}, "geometry": {"type": "MultiPolygon", "coordinates": [[[[127.20089243992706, 37.709956469520804], [127.20088784801843, 37.70996956830786], [127.20083967270251, 37.71001187798569], [127.20060226514141, 37.71012999914861], [127.20077258951645, 37.71021407783223], [127.20080586025963, 37.710225689105116], [127.20097461222936, 37.710116423046024], [127.20097485489039, 37.70995730318773], [127.20089243992706, 37.709956469520804]]]]}}, {"id": "520", "type": "Feature", "properties": {"pnu": "4136026221102440005", "addr": "\uacbd\uae30\ub3c4 \ub0a8\uc591\uc8fc\uc2dc \uc624\ub0a8\uc74d \uc591\uc9c0\ub9ac 244-5", "jibun": "244-5", "jimok": "\uad6c\uac70", "area_reg": 2662.0, "area_geom": 2591.7, "incl_ratio": 0.982, "area_incl": 2614.1, "zone": "\uc790\uc5f0\ub179\uc9c0\uc9c0\uc5ed", "use": "\ud558\ucc9c\ub4f1", "owner": "\uad6d\uc720\uc9c0", "price": 113700.0, "price_year": "2025", "included": true, "free": false, "note": ""}, "geometry": {"type": "MultiPolygon", "coordinates": [[[[127.20489392669879, 37.7103947757349], [127.20492014838791, 37.710399613736826], [127.20492004541195, 37.7103619355581], [127.20489495698311, 37.7103526448344], [127.20476668923948, 37.710363650544664], [127.20462753150763, 37.71030712952675], [127.20459994294751, 37.71029592399104], [127.20427792810911, 37.71021459843632], [127.20415969854102, 37.71017200583431], [127.20403791994207, 37.7101462582455], [127.20385764643734, 37.710108132553046], [127.20354737021164, 37.70998479988278], [127.20336307021789, 37.70995878029206], [127.20313279200269, 37.70985202246564], [127.20300550831757, 37.70987023229863], [127.20290412323993, 37.70984945805411], [127.20268132264309, 37.709857145181026], [127.20250781302978, 37.70977830928756], [127.20219791164955, 37.7096959212823], [127.20211979929887, 37.70970928036102], [127.20199240049021, 37.70971843459701], [127.20181680043125, 37.70965044885814], [127.20164365828828, 37.70960231595749], [127.20152973353582, 37.70959084175183], [127.20139202814696, 37.70962182518738], [127.20123491033645, 37.70967500508533], [127.20111046327368, 37.709727651966936], [127.20082472641359, 37.70975806533229], [127.20075424425941, 37.70974958923364], [127.20065706899373, 37.7097379056908], [127.20050736885686, 37.70975777241984], [127.20026561981751, 37.709808589129814], [127.20017038324113, 37.70984768031433], [127.20015143441638, 37.70985671287713], [127.20008381545597, 37.70988425214139], [127.20004428346573, 37.70990610404115], [127.20002554383834, 37.709921298832995], [127.19998654508397, 37.70995600658815], [127.20005941094034, 37.70995674885091], [127.20008591115683, 37.70995564108993], [127.20024631288793, 37.7098576341737], [127.20045018325364, 37.70982763964952], [127.20058406288854, 37.70979488887136], [127.20082553151865, 37.709787678696024], [127.20089968181112, 37.7097811114414], [127.20116953105241, 37.70975513952472], [127.20125569218581, 37.70972364903284], [127.20129007081776, 37.70971288732892], [127.20140878454713, 37.70967483660279], [127.20146925064412, 37.70964869619405], [127.20156943490173, 37.709632227811305], [127.20180863160675, 37.70969969146961], [127.20186464612809, 37.70972190420937], [127.20205203510878, 37.70979623965145], [127.2021580084422, 37.709794347549256], [127.20220482041519, 37.70979351107761], [127.20227090990818, 37.70980469668276], [127.20233566910481, 37.709785179624845], [127.20237994134439, 37.70980136664017], [127.20239964818639, 37.70980857682935], [127.20253268878412, 37.70989378863192], [127.20267744101373, 37.70992731896541], [127.20273371809292, 37.709912257916855], [127.20289494945571, 37.70992101035058], [127.20292017603377, 37.70991025479152], [127.20295748914585, 37.70989434307913], [127.20298240804641, 37.70991656335505], [127.20306296717182, 37.70989795590639], [127.20312950899542, 37.709896022204894], [127.2031564824846, 37.70991056270845], [127.20321471298496, 37.70996353897401], [127.20328782161609, 37.709995254006046], [127.20337502362884, 37.7100090787302], [127.20347312902736, 37.7100414445968], [127.20355948501499, 37.71004854943384], [127.20383716695382, 37.71015052206012], [127.20412238078417, 37.7102111628323], [127.2042689917025, 37.71025625640602], [127.20448236499738, 37.71030525320551], [127.20458440482635, 37.71032869181909], [127.20475221122874, 37.7104066875681], [127.20489392669879, 37.7103947757349]]]]}}, {"id": "521", "type": "Feature", "properties": {"pnu": "4136026221102440007", "addr": "\uacbd\uae30\ub3c4 \ub0a8\uc591\uc8fc\uc2dc \uc624\ub0a8\uc74d \uc591\uc9c0\ub9ac 244-7", "jibun": "244-7", "jimok": "\ub300", "area_reg": 661.0, "area_geom": 682.4, "incl_ratio": 0.8649, "area_incl": 571.7, "zone": "\uc790\uc5f0\ub179\uc9c0\uc9c0\uc5ed", "use": "\uc8fc\uac70\uae30\ud0c0", "owner": "\uac1c\uc778", "price": 611900.0, "price_year": "2025", "included": true, "free": false, "note": ""}, "geometry": {"type": "MultiPolygon", "coordinates": [[[[127.20010325823526, 37.70997108144829], [127.20006600749507, 37.70998936169131], [127.19999689189797, 37.71000432595211], [127.19996547294275, 37.71002362344733], [127.20009734003521, 37.7100396999093], [127.2002956918228, 37.70998139761208], [127.20038067698954, 37.71004009635128], [127.2004139127055, 37.710059870538245], [127.2004356607601, 37.7100416253481], [127.2004514791134, 37.710062122648026], [127.2006223326468, 37.71004738280469], [127.20077406220679, 37.71001862898475], [127.20084723885824, 37.70997871868936], [127.20089059518462, 37.709945183546864], [127.20090662096098, 37.709916073295496], [127.20082568015394, 37.70992787762994], [127.20036151804315, 37.70994077923617], [127.20015198814838, 37.70997495460916], [127.20010325823526, 37.70997108144829]]]]}}, {"id": "522", "type": "Feature", "properties": {"pnu": "4136026221102460009", "addr": "\uacbd\uae30\ub3c4 \ub0a8\uc591\uc8fc\uc2dc \uc624\ub0a8\uc74d \uc591\uc9c0\ub9ac 246-9", "jibun": "246-9", "jimok": "\ub2f5", "area_reg": 14.0, "area_geom": 14.3, "incl_ratio": 1.0, "area_incl": 14.0, "zone": "\uc790\uc5f0\ub179\uc9c0\uc9c0\uc5ed", "use": "\uc804\uae30\ud0c0", "owner": "\uac1c\uc778", "price": 387300.0, "price_year": "2025", "included": true, "free": false, "note": ""}, "geometry": {"type": "MultiPolygon", "coordinates": [[[[127.20293091460522, 37.70990567756627], [127.20307608483513, 37.70995947841069], [127.20307867153667, 37.709951482428835], [127.20298240804641, 37.70991656335505], [127.20295748914585, 37.70989434307913], [127.20293091460522, 37.70990567756627]]]]}}, {"id": "523", "type": "Feature", "properties": {"pnu": "4136026221102440009", "addr": "\uacbd\uae30\ub3c4 \ub0a8\uc591\uc8fc\uc2dc \uc624\ub0a8\uc74d \uc591\uc9c0\ub9ac 244-9", "jibun": "244-9", "jimok": "\ub3c4\ub85c", "area_reg": 1934.0, "area_geom": 1949.4, "incl_ratio": 0.9887, "area_incl": 1912.1, "zone": "\uc790\uc5f0\ub179\uc9c0\uc9c0\uc5ed", "use": "\ub3c4\ub85c\ub4f1", "owner": "\uad70\uc720\uc9c0", "price": 132300.0, "price_year": "2025", "included": true, "free": false, "note": ""}, "geometry": {"type": "MultiPolygon", "coordinates": [[[[127.20090662096098, 37.709916073295496], [127.20105555646131, 37.70989433334631], [127.2012888998798, 37.70984279947679], [127.20134407834949, 37.70982819143478], [127.20157173296688, 37.709769936436025], [127.20170858437288, 37.709733386276376], [127.20186464612809, 37.70972190420937], [127.20180863160675, 37.70969969146961], [127.20156943490173, 37.709632227811305], [127.20146925064412, 37.70964869619405], [127.20140878454713, 37.70967483660279], [127.20129007081776, 37.70971288732892], [127.20125569218581, 37.70972364903284], [127.20116953105241, 37.70975513952472], [127.20089968181112, 37.7097811114414], [127.20082553151865, 37.709787678696024], [127.20058406288854, 37.70979488887136], [127.20045018325364, 37.70982763964952], [127.20024631288793, 37.7098576341737], [127.20008591115683, 37.70995564108993], [127.20005941094034, 37.70995674885091], [127.20004650874591, 37.709966564064985], [127.20015198814838, 37.70997495460916], [127.20036151804315, 37.70994077923617], [127.20082568015394, 37.70992787762994], [127.20090662096098, 37.709916073295496]]]]}}, {"id": "524", "type": "Feature", "properties": {"pnu": "4136026221102440013", "addr": "\uacbd\uae30\ub3c4 \ub0a8\uc591\uc8fc\uc2dc \uc624\ub0a8\uc74d \uc591\uc9c0\ub9ac 244-13", "jibun": "244-13", "jimok": "\ub300", "area_reg": 200.0, "area_geom": 200.8, "incl_ratio": 1.0, "area_incl": 200.0, "zone": "\uc790\uc5f0\ub179\uc9c0\uc9c0\uc5ed", "use": "\uc8fc\uac70\uae30\ud0c0", "owner": "\uac1c\uc778", "price": 616200.0, "price_year": "2025", "included": true, "free": false, "note": ""}, "geometry": {"type": "MultiPolygon", "coordinates": [[[[127.20044928387664, 37.71008091147405], [127.20060226514141, 37.71012999914861], [127.20083967270251, 37.71001187798569], [127.20088784801843, 37.70996956830786], [127.20090662096098, 37.709916073295496], [127.20089059518462, 37.709945183546864], [127.20084723885824, 37.70997871868936], [127.20077406220679, 37.71001862898475], [127.2006223326468, 37.71004738280469], [127.2004514791134, 37.710062122648026], [127.2004356607601, 37.7100416253481], [127.2004139127055, 37.710059870538245], [127.20044928387664, 37.71008091147405]]]]}}, {"id": "525", "type": "Feature", "properties": {"pnu": "4136026221102440014", "addr": "\uacbd\uae30\ub3c4 \ub0a8\uc591\uc8fc\uc2dc \uc624\ub0a8\uc74d \uc591\uc9c0\ub9ac 244-14", "jibun": "244-14", "jimok": "\uc7a1\uc885\uc9c0", "area_reg": 213.0, "area_geom": 213.4, "incl_ratio": 1.0, "area_incl": 213.0, "zone": "\uc790\uc5f0\ub179\uc9c0\uc9c0\uc5ed", "use": "\uc804\uae30\ud0c0", "owner": "\uac1c\uc778", "price": 509800.0, "price_year": "2025", "included": true, "free": false, "note": ""}, "geometry": {"type": "MultiPolygon", "coordinates": [[[[127.20121404200194, 37.70991111131477], [127.2011949414386, 37.709863545672626], [127.20105555646131, 37.70989433334631], [127.20101965460421, 37.70989957464255], [127.20101950126951, 37.70999044624418], [127.20122678664528, 37.70999478939024], [127.20122396801159, 37.709975594597346], [127.20121404200194, 37.70991111131477]]]]}}, {"id": "526", "type": "Feature", "properties": {"pnu": "4136026221102440015", "addr": "\uacbd\uae30\ub3c4 \ub0a8\uc591\uc8fc\uc2dc \uc624\ub0a8\uc74d \uc591\uc9c0\ub9ac 244-15", "jibun": "244-15", "jimok": "\ub3c4\ub85c", "area_reg": 33.0, "area_geom": 33.5, "incl_ratio": 1.0, "area_incl": 33.0, "zone": "\uc790\uc5f0\ub179\uc9c0\uc9c0\uc5ed", "use": "\ub3c4\ub85c\ub4f1", "owner": "\uac1c\uc778", "price": 103900.0, "price_year": "2025", "included": true, "free": false, "note": ""}, "geometry": {"type": "MultiPolygon", "coordinates": [[[[127.20089243992706, 37.709956469520804], [127.20097485489039, 37.70995730318773], [127.20097493314282, 37.70990610120734], [127.20090662096098, 37.709916073295496], [127.20089243992706, 37.709956469520804]]]]}}, {"id": "527", "type": "Feature", "properties": {"pnu": "4136026221102440016", "addr": "\uacbd\uae30\ub3c4 \ub0a8\uc591\uc8fc\uc2dc \uc624\ub0a8\uc74d \uc591\uc9c0\ub9ac 244-16", "jibun": "244-16", "jimok": "\uacf5\uc7a5\uc6a9\uc9c0", "area_reg": 752.0, "area_geom": 755.1, "incl_ratio": 1.0, "area_incl": 752.0, "zone": "\uc790\uc5f0\ub179\uc9c0\uc9c0\uc5ed", "use": "\uacf5\uc5c5\uc6a9", "owner": "\uac1c\uc778", "price": 545400.0, "price_year": "2025", "included": true, "free": false, "note": ""}, "geometry": {"type": "MultiPolygon", "coordinates": [[[[127.20124144650437, 37.71009485277433], [127.20122678666945, 37.70999479839984], [127.20097479378282, 37.70998951279407], [127.20097461222936, 37.710116423046024], [127.20080586025963, 37.710225689105116], [127.20100227255325, 37.71029425379175], [127.20104677959348, 37.71029649396974], [127.20114269232742, 37.71022193895018], [127.20124144650437, 37.71009485277433]]]]}}, {"id": "528", "type": "Feature", "properties": {"pnu": "4136026221102440017", "addr": "\uacbd\uae30\ub3c4 \ub0a8\uc591\uc8fc\uc2dc \uc624\ub0a8\uc74d \uc591\uc9c0\ub9ac 244-17", "jibun": "244-17", "jimok": "\ub3c4\ub85c", "area_reg": 38.0, "area_geom": 38.1, "incl_ratio": 1.0, "area_incl": 38.0, "zone": "\uc790\uc5f0\ub179\uc9c0\uc9c0\uc5ed", "use": "\ub3c4\ub85c\ub4f1", "owner": "\uac1c\uc778", "price": 103900.0, "price_year": "2025", "included": true, "free": false, "note": ""}, "geometry": {"type": "MultiPolygon", "coordinates": [[[[127.20097479378282, 37.70998951279407], [127.20101950126951, 37.70999044624418], [127.20101965460421, 37.70989957464255], [127.20097493314282, 37.70990610120734], [127.20097483220914, 37.7099573032261], [127.20097479378282, 37.70998951279407]]]]}}, {"id": "529", "type": "Feature", "properties": {"pnu": "4136026221102440018", "addr": "\uacbd\uae30\ub3c4 \ub0a8\uc591\uc8fc\uc2dc \uc624\ub0a8\uc74d \uc591\uc9c0\ub9ac 244-18", "jibun": "244-18", "jimok": "\ub2f5", "area_reg": 437.0, "area_geom": 439.4, "incl_ratio": 1.0, "area_incl": 437.0, "zone": "\uc790\uc5f0\ub179\uc9c0\uc9c0\uc5ed", "use": "\uc804", "owner": "\uad6d\uc720\uc9c0", "price": 386000.0, "price_year": "2025", "included": true, "free": false, "note": ""}, "geometry": {"type": "MultiPolygon", "coordinates": [[[[127.20140411291476, 37.710063574936214], [127.20137805725592, 37.70999796577404], [127.20134869007559, 37.71002946823705], [127.20126138266698, 37.710069204567944], [127.20124144650437, 37.71009485277433], [127.20128835816189, 37.71030852727315], [127.20147093589637, 37.710297072878966], [127.20146031881926, 37.7102793869184], [127.20140411291476, 37.710063574936214]]]]}}, {"id": "530", "type": "Feature", "properties": {"pnu": "4136026221102440019", "addr": "\uacbd\uae30\ub3c4 \ub0a8\uc591\uc8fc\uc2dc \uc624\ub0a8\uc74d \uc591\uc9c0\ub9ac 244-19", "jibun": "244-19", "jimok": "\ub2f5", "area_reg": 236.0, "area_geom": 237.0, "incl_ratio": 1.0, "area_incl": 236.0, "zone": "\uc790\uc5f0\ub179\uc9c0\uc9c0\uc5ed", "use": "\uc804", "owner": "\uac1c\uc778", "price": 332800.0, "price_year": "2025", "included": true, "free": false, "note": ""}, "geometry": {"type": "MultiPolygon", "coordinates": [[[[127.20128835816189, 37.71030852727315], [127.20124144650437, 37.71009485277433], [127.20114269232742, 37.71022193895018], [127.20104677959348, 37.71029649396974], [127.20110902595118, 37.710299632100075], [127.2011795847785, 37.71031534260484], [127.20128835816189, 37.71030852727315]]]]}}, {"id": "531", "type": "Feature", "properties": {"pnu": "4136026221102440020", "addr": "\uacbd\uae30\ub3c4 \ub0a8\uc591\uc8fc\uc2dc \uc624\ub0a8\uc74d \uc591\uc9c0\ub9ac 244-20", "jibun": "244-20", "jimok": "\ub2f5", "area_reg": 243.0, "area_geom": 244.3, "incl_ratio": 1.0, "area_incl": 243.0, "zone": "\uc790\uc5f0\ub179\uc9c0\uc9c0\uc5ed", "use": "\uc804", "owner": "\uad6d\uc720\uc9c0", "price": 443600.0, "price_year": "2025", "included": true, "free": false, "note": ""}, "geometry": {"type": "MultiPolygon", "coordinates": [[[[127.20134407834949, 37.70982819143478], [127.2012888998798, 37.70984279947679], [127.2011949414386, 37.709863545672626], [127.20121404200194, 37.70991111131477], [127.20122396801159, 37.709975594597346], [127.20122678664528, 37.70999478939024], [127.20137805725592, 37.70999796577404], [127.20139432334145, 37.70993594279388], [127.20134962179363, 37.70984006577074], [127.20134407834949, 37.70982819143478]]]]}}, {"id": "532", "type": "Feature", "properties": {"pnu": "4136026221102440021", "addr": "\uacbd\uae30\ub3c4 \ub0a8\uc591\uc8fc\uc2dc \uc624\ub0a8\uc74d \uc591\uc9c0\ub9ac 244-21", "jibun": "244-21", "jimok": "\uacf5\uc7a5\uc6a9\uc9c0", "area_reg": 74.0, "area_geom": 73.9, "incl_ratio": 1.0, "area_incl": 74.0, "zone": "\uc790\uc5f0\ub179\uc9c0\uc9c0\uc5ed", "use": "\uc804", "owner": "\uad6d\uc720\uc9c0", "price": 342700.0, "price_year": "2025", "included": true, "free": false, "note": ""}, "geometry": {"type": "MultiPolygon", "coordinates": [[[[127.20122678666945, 37.70999479839984], [127.20124144650437, 37.71009485277433], [127.20126138266698, 37.710069204567944], [127.20134869007559, 37.71002946823705], [127.20137805725592, 37.70999796577404], [127.20122678666945, 37.70999479839984]]]]}}, {"id": "533", "type": "Feature", "properties": {"pnu": "4136026221102440022", "addr": "\uacbd\uae30\ub3c4 \ub0a8\uc591\uc8fc\uc2dc \uc624\ub0a8\uc74d \uc591\uc9c0\ub9ac 244-22", "jibun": "244-22", "jimok": "\ub2f5", "area_reg": 45.0, "area_geom": 45.6, "incl_ratio": 1.0, "area_incl": 45.0, "zone": "\uc790\uc5f0\ub179\uc9c0\uc9c0\uc5ed", "use": "\uc804\uae30\ud0c0", "owner": "\uac1c\uc778", "price": 441400.0, "price_year": "2025", "included": true, "free": false, "note": ""}, "geometry": {"type": "MultiPolygon", "coordinates": [[[[127.20185207183526, 37.709722826538005], [127.20210011898997, 37.70985496386275], [127.20205203510878, 37.70979623965145], [127.20186464612809, 37.70972190420937], [127.20185207183526, 37.709722826538005]]]]}}, {"id": "534", "type": "Feature", "properties": {"pnu": "4136026221102450001", "addr": "\uacbd\uae30\ub3c4 \ub0a8\uc591\uc8fc\uc2dc \uc624\ub0a8\uc74d \uc591\uc9c0\ub9ac 245-1", "jibun": "245-1", "jimok": "\uc804", "area_reg": 2793.0, "area_geom": 2788.8, "incl_ratio": 1.0, "area_incl": 2793.0, "zone": "\uc790\uc5f0\ub179\uc9c0\uc9c0\uc5ed", "use": "\uc804", "owner": "\uac1c\uc778", "price": 248700.0, "price_year": "2025", "included": true, "free": false, "note": ""}, "geometry": {"type": "MultiPolygon", "coordinates": [[[[127.20147093589637, 37.710297072878966], [127.2014849477047, 37.71032041114223], [127.201492227097, 37.71033678735182], [127.20156063888302, 37.710330004172086], [127.20159575921802, 37.71035037847385], [127.20165017875607, 37.71034020432528], [127.20186450582727, 37.7105123481449], [127.2021507963771, 37.71054337713324], [127.20231117225234, 37.71050778632036], [127.20251915221532, 37.71055879599712], [127.20257308526637, 37.71060361715607], [127.20257394574169, 37.710645069088365], [127.2026074201927, 37.710660544644035], [127.20299095356377, 37.71084040730424], [127.20300819722895, 37.71095139474138], [127.2031275832821, 37.71100204114083], [127.20318804798417, 37.710912435888176], [127.20308097878244, 37.71076989709871], [127.20303383862638, 37.710750273565154], [127.20293218780111, 37.71068203696832], [127.20278648438205, 37.710595108382094], [127.20267831240979, 37.71047628449944], [127.20204470523043, 37.71035462522982], [127.20200121367459, 37.710346275159104], [127.20202217671603, 37.710280910539936], [127.20200357229612, 37.71024935433807], [127.20203934046413, 37.7101565752037], [127.20198403777864, 37.71015457899519], [127.2018454181279, 37.71014957095766], [127.2016632990047, 37.71028501596613], [127.20147093589637, 37.710297072878966]]]]}}, {"id": "535", "type": "Feature", "properties": {"pnu": "4136026221102450005", "addr": "\uacbd\uae30\ub3c4 \ub0a8\uc591\uc8fc\uc2dc \uc624\ub0a8\uc74d \uc591\uc9c0\ub9ac 245-5", "jibun": "245-5", "jimok": "\uc804", "area_reg": 116.0, "area_geom": 115.3, "incl_ratio": 1.0, "area_incl": 116.0, "zone": "\uc790\uc5f0\ub179\uc9c0\uc9c0\uc5ed", "use": "\uc804", "owner": "\uad6d\uc720\uc9c0", "price": 313900.0, "price_year": "2025", "included": true, "free": false, "note": ""}, "geometry": {"type": "MultiPolygon", "coordinates": [[[[127.2014849477047, 37.71032041114223], [127.20147093589637, 37.710297072878966], [127.20128835816189, 37.71030852727315], [127.20129836966254, 37.71035411716297], [127.20150252845907, 37.7103678081275], [127.20152927917484, 37.71036280744825], [127.20149343652085, 37.71033950621523], [127.2014849477047, 37.71032041114223]]]]}}, {"id": "536", "type": "Feature", "properties": {"pnu": "4136026221102460001", "addr": "\uacbd\uae30\ub3c4 \ub0a8\uc591\uc8fc\uc2dc \uc624\ub0a8\uc74d \uc591\uc9c0\ub9ac 246-1", "jibun": "246-1", "jimok": "\uc7a1\uc885\uc9c0", "area_reg": 992.0, "area_geom": 995.4, "incl_ratio": 1.0, "area_incl": 992.0, "zone": "\uc790\uc5f0\ub179\uc9c0\uc9c0\uc5ed", "use": "\uacf5\uc5c5\uae30\ud0c0", "owner": "\ubc95\uc778", "price": 536800.0, "price_year": "2025", "included": true, "free": false, "note": ""}, "geometry": {"type": "MultiPolygon", "coordinates": [[[[127.20297061516726, 37.71028578096966], [127.20295083105658, 37.710329700774714], [127.20289137900618, 37.710357597090315], [127.20284664351827, 37.71034640240631], [127.20272823574938, 37.71040126606144], [127.20267273384631, 37.71040116254274], [127.20278648438205, 37.710595108382094], [127.20293218780111, 37.71068203696832], [127.20297192124288, 37.71061745999981], [127.2029636114327, 37.71052638663494], [127.20292623187589, 37.71045500396153], [127.20293790190028, 37.710409052831245], [127.20296056093851, 37.71037561535058], [127.20306452669503, 37.710310514155815], [127.20315206018772, 37.710199599866804], [127.20311504876715, 37.71010503478859], [127.20311176548995, 37.710035900342035], [127.203184117798, 37.710035416239194], [127.20319354183478, 37.71000609172749], [127.20318224949293, 37.7099988222328], [127.2031822381523, 37.70999882225221], [127.20307608483513, 37.70995947841069], [127.20297061516726, 37.71028578096966]]]]}}, {"id": "537", "type": "Feature", "properties": {"pnu": "4136026221102460005", "addr": "\uacbd\uae30\ub3c4 \ub0a8\uc591\uc8fc\uc2dc \uc624\ub0a8\uc74d \uc591\uc9c0\ub9ac 246-5", "jibun": "246-5", "jimok": "\ub3c4\ub85c", "area_reg": 4264.0, "area_geom": 4255.7, "incl_ratio": 1.0, "area_incl": 4264.0, "zone": "\uc790\uc5f0\ub179\uc9c0\uc9c0\uc5ed", "use": "\ub3c4\ub85c\ub4f1", "owner": "\uad70\uc720\uc9c0", "price": 161800.0, "price_year": "2025", "included": true, "free": false, "note": ""}, "geometry": {"type": "MultiPolygon", "coordinates": [[[[127.20486585727701, 37.710630967065555], [127.2047857239183, 37.71049832101038], [127.20467049952813, 37.71036870854335], [127.20458440482635, 37.71032869181909], [127.20448236499738, 37.71030525320551], [127.2042689917025, 37.71025625640602], [127.20412238078417, 37.7102111628323], [127.20383716695382, 37.71015052206012], [127.20355948501499, 37.71004854943384], [127.20347312902736, 37.7100414445968], [127.20337502362884, 37.7100090787302], [127.20328782161609, 37.709995254006046], [127.20321471298496, 37.70996353897401], [127.2031564824846, 37.70991056270845], [127.20312950899542, 37.709896022204894], [127.20306296717182, 37.70989795590639], [127.20298240804641, 37.70991656335505], [127.20307867153667, 37.709951482428835], [127.20314976984345, 37.70997792132752], [127.20329255685871, 37.710030996197865], [127.20336092033747, 37.71006092638321], [127.2034149889837, 37.71008461028813], [127.20347030657831, 37.71010882359851], [127.2037743383464, 37.71024193364046], [127.20399463689489, 37.71041050453134], [127.20422672416468, 37.71060993080928], [127.204343691899, 37.71072605326106], [127.20437990506326, 37.71078919365745], [127.20444255463131, 37.710894255496754], [127.20444695268553, 37.710880976714606], [127.20451312438335, 37.7108760877036], [127.20457624526736, 37.7108420576936], [127.20464402174791, 37.71083928311326], [127.20471818887941, 37.71081370306855], [127.20476790282936, 37.710778957267244], [127.20481642443785, 37.71073120356669], [127.20485345167243, 37.7106438632477], [127.20486585727701, 37.710630967065555]]]]}}, {"id": "538", "type": "Feature", "properties": {"pnu": "4136026221102460006", "addr": "\uacbd\uae30\ub3c4 \ub0a8\uc591\uc8fc\uc2dc \uc624\ub0a8\uc74d \uc591\uc9c0\ub9ac 246-6", "jibun": "246-6", "jimok": "\uc7a1\uc885\uc9c0", "area_reg": 305.0, "area_geom": 301.3, "incl_ratio": 1.0, "area_incl": 305.0, "zone": "\uc790\uc5f0\ub179\uc9c0\uc9c0\uc5ed", "use": "\uacf5\uc5c5\uae30\ud0c0", "owner": "\ubc95\uc778", "price": 536800.0, "price_year": "2025", "included": true, "free": false, "note": ""}, "geometry": {"type": "MultiPolygon", "coordinates": [[[[127.20307608483513, 37.70995947841069], [127.20293091460522, 37.70990567756627], [127.20292017603377, 37.70991025479152], [127.20294040647546, 37.70996843159132], [127.20291648276951, 37.71005414522443], [127.20292286271945, 37.710090064814835], [127.20293241118546, 37.7101192487835], [127.20293774550598, 37.71012917731653], [127.20294784208981, 37.71015974783366], [127.20295589250705, 37.7101969078998], [127.20297061516726, 37.71028578096966], [127.20307608483513, 37.70995947841069]]]]}}, {"id": "539", "type": "Feature", "properties": {"pnu": "4136026221102460008", "addr": "\uacbd\uae30\ub3c4 \ub0a8\uc591\uc8fc\uc2dc \uc624\ub0a8\uc74d \uc591\uc9c0\ub9ac 246-8", "jibun": "246-8", "jimok": "\uc7a1\uc885\uc9c0", "area_reg": 8.0, "area_geom": 7.7, "incl_ratio": 1.0, "area_incl": 8.0, "zone": "\uc790\uc5f0\ub179\uc9c0\uc9c0\uc5ed", "use": "\uacf5\uc5c5\uae30\ud0c0", "owner": "\ubc95\uc778", "price": 536800.0, "price_year": "2025", "included": true, "free": false, "note": ""}, "geometry": {"type": "MultiPolygon", "coordinates": [[[[127.20307608483513, 37.70995947841069], [127.2031822381523, 37.70999882225221], [127.20318224949293, 37.7099988222328], [127.20314976984345, 37.70997792132752], [127.20307867153667, 37.709951482428835], [127.20307608483513, 37.70995947841069]]]]}}, {"id": "540", "type": "Feature", "properties": {"pnu": "4136026221102460011", "addr": "\uacbd\uae30\ub3c4 \ub0a8\uc591\uc8fc\uc2dc \uc624\ub0a8\uc74d \uc591\uc9c0\ub9ac 246-11", "jibun": "246-11", "jimok": "\ub3c4\ub85c", "area_reg": 21.0, "area_geom": 20.9, "incl_ratio": 1.0, "area_incl": 21.0, "zone": "\uc790\uc5f0\ub179\uc9c0\uc9c0\uc5ed", "use": "\ub3c4\ub85c\ub4f1", "owner": "\uad70\uc720\uc9c0", "price": 161700.0, "price_year": "2025", "included": true, "free": false, "note": ""}, "geometry": {"type": "MultiPolygon", "coordinates": [[[[127.20470416016016, 37.71040657216364], [127.20470557787009, 37.710406614769006], [127.20470671201343, 37.71040663984365], [127.20470899166547, 37.71040669898302], [127.20471127131748, 37.7104067581223], [127.20471355096952, 37.71040681726159], [127.20471583062148, 37.710406876400775], [127.20471811027353, 37.71040693553996], [127.20472038992555, 37.7104069946791], [127.20472266955298, 37.71040704480857], [127.20472494920504, 37.710407103947624], [127.20472722885707, 37.71040716308661], [127.20472950848452, 37.71040721321594], [127.20473178811194, 37.71040726334528], [127.204734067764, 37.71040732248412], [127.20473634739142, 37.71040737261338], [127.20473862701888, 37.71040742274251], [127.20474090667093, 37.71040748188125], [127.2047431862984, 37.71040753201032], [127.20474546592588, 37.71040758213939], [127.20474774555333, 37.71040763226837], [127.20475002518079, 37.71040768239736], [127.20475230478367, 37.710407723516624], [127.20475458441109, 37.710407773645485], [127.20475686403861, 37.710407823774304], [127.20475914364147, 37.71040786489347], [127.20476142326896, 37.7104079150222], [127.20476370289643, 37.710407965150885], [127.20476598249928, 37.7104080062699], [127.20476826210222, 37.7104080473889], [127.20477054172969, 37.710408097517465], [127.20477282133258, 37.71040813863636], [127.20477510093548, 37.71040817975521], [127.20477738053837, 37.71040822087404], [127.20477966014127, 37.71040826199281], [127.20478195108483, 37.710408303091995], [127.20478423068771, 37.71040834421067], [127.20478651029066, 37.71040838532931], [127.20478878989351, 37.7104084264479], [127.20479106947185, 37.71040845855685], [127.20479334907473, 37.71040849967535], [127.20479562865305, 37.7104085317842], [127.20479790825596, 37.71040857290259], [127.20480019917493, 37.71040860499183], [127.20480247877789, 37.71040864611015], [127.2048047583562, 37.71040867821884], [127.2048070379345, 37.71040871032746], [127.2048093175128, 37.710408742436066], [127.20481159709112, 37.71040877454459], [127.20481388801018, 37.71040880663353], [127.20481616758845, 37.710408838742005], [127.20481730170725, 37.710408854806], [127.20481844716677, 37.71040887085041], [127.20481959262627, 37.71040888689484], [127.2048207267451, 37.71040890295878], [127.20482187217998, 37.71040890999356], [127.20482300629881, 37.71040892605749], [127.20482415175832, 37.710408942101886], [127.20482528587713, 37.71040895816579], [127.20482643133663, 37.71040897421015], [127.20482757677154, 37.71040898124489], [127.20482871089035, 37.71040899730873], [127.20482985634986, 37.71040901335308], [127.20483100180935, 37.710409029397354], [127.20483213590357, 37.7104090364516], [127.20483328136312, 37.71040905249589], [127.20483441548194, 37.71040906855972], [127.2048355609168, 37.71040907559434], [127.20483670637633, 37.71040909163859], [127.20483784047049, 37.71040909869278], [127.20483898593007, 37.710409114737], [127.20484012004886, 37.710409130800784], [127.20484126548375, 37.71040913783536], [127.2048424109433, 37.710409153879574], [127.2048435450375, 37.71040916093371], [127.20484469049701, 37.71040917697785], [127.20484582459125, 37.710409184031974], [127.20484697005077, 37.710409200076114], [127.20484811548565, 37.71040920711066], [127.20484924957984, 37.710409214164706], [127.20485039503936, 37.71040923020881], [127.20485154047425, 37.71040923724333], [127.20485267456846, 37.71040924429737], [127.204853820028, 37.71040926034146], [127.20485495412223, 37.71040926739547], [127.20485609955713, 37.71040927442993], [127.20485724501664, 37.710409290473955], [127.20485837911085, 37.71040929752795], [127.20485952454575, 37.71040930456238], [127.20486066998065, 37.71040931159679], [127.2048618040995, 37.71040932766034], [127.2048629495344, 37.71040933469471], [127.2048640949693, 37.71040934172906], [127.2048652290635, 37.71040934878301], [127.20486637449844, 37.71040935581736], [127.20486750859263, 37.710409362871246], [127.20486865402755, 37.71040936990559], [127.20486979946244, 37.71040937693991], [127.20487093358126, 37.710409393003395], [127.20487207901617, 37.710409400037705], [127.20487322445109, 37.71040940707195], [127.20487435854528, 37.7104094141258], [127.20487550395558, 37.71040941215045], [127.20487664939051, 37.71040941918472], [127.2048777834847, 37.71040942623848], [127.20487892891961, 37.71040943327274], [127.20488007435453, 37.710409440306954], [127.20488120844874, 37.710409447360696], [127.20488235388362, 37.7104094543949], [127.20488349931856, 37.710409461429094], [127.20488463341279, 37.71040946848284], [127.20488577882304, 37.710409466507386], [127.20488692425798, 37.710409473541525], [127.20488805835218, 37.71040948059525], [127.20488920378709, 37.71040948762937], [127.20489034919737, 37.71040948565388], [127.20489148329162, 37.71040949270752], [127.20489262872651, 37.71040949974164], [127.20489377413682, 37.7104094977661], [127.20489490823101, 37.71040950481974], [127.20489605366593, 37.7104095118538], [127.20489719907621, 37.71040950987826], [127.20489833317039, 37.71040951693186], [127.2048994785807, 37.710409514956275], [127.20490159931548, 37.7104095203081], [127.20489392669879, 37.7103947757349], [127.20475221122874, 37.7104066875681], [127.20467049952813, 37.71036870854335], [127.20470416016016, 37.71040657216364]]]]}}, {"id": "541", "type": "Feature", "properties": {"pnu": "4136026221102470002", "addr": "\uacbd\uae30\ub3c4 \ub0a8\uc591\uc8fc\uc2dc \uc624\ub0a8\uc74d \uc591\uc9c0\ub9ac 247-2", "jibun": "247-2", "jimok": "\ub3c4\ub85c", "area_reg": 107.0, "area_geom": 104.9, "incl_ratio": 1.0, "area_incl": 107.0, "zone": "\uc790\uc5f0\ub179\uc9c0\uc9c0\uc5ed", "use": "\ub3c4\ub85c\ub4f1", "owner": "\ubc95\uc778", "price": 103900.0, "price_year": "2025", "included": true, "free": false, "note": ""}, "geometry": {"type": "MultiPolygon", "coordinates": [[[[127.20377973316069, 37.710520277528936], [127.20377616889931, 37.71046482924687], [127.20372539902522, 37.710323906284664], [127.20368600606638, 37.71029225986106], [127.20363757792214, 37.71020338159261], [127.20361680940913, 37.71019785823529], [127.20368341209742, 37.71031008539666], [127.20374016950464, 37.710467593884566], [127.2037484847915, 37.71059372373282], [127.20377973316069, 37.710520277528936]]]]}}, {"id": "542", "type": "Feature", "properties": {"pnu": "4136026221102470003", "addr": "\uacbd\uae30\ub3c4 \ub0a8\uc591\uc8fc\uc2dc \uc624\ub0a8\uc74d \uc591\uc9c0\ub9ac 247-3", "jibun": "247-3", "jimok": "\ub2f5", "area_reg": 59.0, "area_geom": 56.9, "incl_ratio": 1.0, "area_incl": 59.0, "zone": "\uc790\uc5f0\ub179\uc9c0\uc9c0\uc5ed", "use": "\uc804", "owner": "\uac1c\uc778", "price": 314900.0, "price_year": "2025", "included": true, "free": false, "note": ""}, "geometry": {"type": "MultiPolygon", "coordinates": [[[[127.20372539902522, 37.710323906284664], [127.20377616889931, 37.71046482924687], [127.20377973316069, 37.710520277528936], [127.20380347638671, 37.71046444003768], [127.20380560574011, 37.71038834088002], [127.20372539902522, 37.710323906284664]]]]}}, {"id": "543", "type": "Feature", "properties": {"pnu": "4136026221102470004", "addr": "\uacbd\uae30\ub3c4 \ub0a8\uc591\uc8fc\uc2dc \uc624\ub0a8\uc74d \uc591\uc9c0\ub9ac 247-4", "jibun": "247-4", "jimok": "\uc8fc\uc720\uc18c\uc6a9\uc9c0", "area_reg": 999.0, "area_geom": 1011.0, "incl_ratio": 1.0, "area_incl": 999.0, "zone": "\uc790\uc5f0\ub179\uc9c0\uc9c0\uc5ed", "use": "\uc0c1\uc5c5\uc6a9", "owner": "\ubc95\uc778", "price": 581400.0, "price_year": "2025", "included": true, "free": false, "note": ""}, "geometry": {"type": "MultiPolygon", "coordinates": [[[[127.20321034357957, 37.71052309078958], [127.20327589239109, 37.71055207081266], [127.20343992011024, 37.71058359410897], [127.20347770250592, 37.71046471013998], [127.2035354880674, 37.710449619097325], [127.20357585212474, 37.710350218544995], [127.20352798707886, 37.710264033152896], [127.2034153391033, 37.710176048632675], [127.2034149889837, 37.71008461028813], [127.20336092033747, 37.71006092638321], [127.20321034357957, 37.71052309078958]]]]}}, {"id": "544", "type": "Feature", "properties": {"pnu": "4136026221102470005", "addr": "\uacbd\uae30\ub3c4 \ub0a8\uc591\uc8fc\uc2dc \uc624\ub0a8\uc74d \uc591\uc9c0\ub9ac 247-5", "jibun": "247-5", "jimok": "\uc7a1\uc885\uc9c0", "area_reg": 985.0, "area_geom": 989.2, "incl_ratio": 1.0, "area_incl": 985.0, "zone": "\uc790\uc5f0\ub179\uc9c0\uc9c0\uc5ed", "use": "\uacf5\uc5c5\uae30\ud0c0", "owner": "\ubc95\uc778", "price": 536800.0, "price_year": "2025", "included": true, "free": false, "note": ""}, "geometry": {"type": "MultiPolygon", "coordinates": [[[[127.20296056093851, 37.71037561535058], [127.20295694190423, 37.71041702087597], [127.20321034357957, 37.71052309078958], [127.20335972817405, 37.71006459535171], [127.20318224949293, 37.7099988222328], [127.20319354183478, 37.71000609172749], [127.203184117798, 37.710035416239194], [127.20311176548995, 37.710035900342035], [127.20311504876715, 37.71010503478859], [127.20315206018772, 37.710199599866804], [127.20306452669503, 37.710310514155815], [127.20296056093851, 37.71037561535058]]]]}}, {"id": "545", "type": "Feature", "properties": {"pnu": "4136026221102470006", "addr": "\uacbd\uae30\ub3c4 \ub0a8\uc591\uc8fc\uc2dc \uc624\ub0a8\uc74d \uc591\uc9c0\ub9ac 247-6", "jibun": "247-6", "jimok": "\uc7a1\uc885\uc9c0", "area_reg": 4.0, "area_geom": 4.0, "incl_ratio": 1.0, "area_incl": 4.0, "zone": "\uc790\uc5f0\ub179\uc9c0\uc9c0\uc5ed", "use": "\uacf5\uc5c5\uae30\ud0c0", "owner": "\ubc95\uc778", "price": 536800.0, "price_year": "2025", "included": true, "free": false, "note": ""}, "geometry": {"type": "MultiPolygon", "coordinates": [[[[127.20295694190423, 37.71041702087597], [127.20296056093851, 37.71037561535058], [127.20293790190028, 37.710409052831245], [127.20295694190423, 37.71041702087597]]]]}}, {"id": "546", "type": "Feature", "properties": {"pnu": "4136026221102470007", "addr": "\uacbd\uae30\ub3c4 \ub0a8\uc591\uc8fc\uc2dc \uc624\ub0a8\uc74d \uc591\uc9c0\ub9ac 247-7", "jibun": "247-7", "jimok": "\uc7a1\uc885\uc9c0", "area_reg": 15.0, "area_geom": 15.1, "incl_ratio": 1.0, "area_incl": 15.0, "zone": "\uc790\uc5f0\ub179\uc9c0\uc9c0\uc5ed", "use": "\uacf5\uc5c5\uae30\ud0c0", "owner": "\ubc95\uc778", "price": 536800.0, "price_year": "2025", "included": true, "free": false, "note": ""}, "geometry": {"type": "MultiPolygon", "coordinates": [[[[127.20336092033747, 37.71006092638321], [127.20329255685871, 37.710030996197865], [127.20314976984345, 37.70997792132752], [127.20318224949293, 37.7099988222328], [127.20335972817405, 37.71006459535171], [127.20336092033747, 37.71006092638321]]]]}}, {"id": "547", "type": "Feature", "properties": {"pnu": "4136026221102480001", "addr": "\uacbd\uae30\ub3c4 \ub0a8\uc591\uc8fc\uc2dc \uc624\ub0a8\uc74d \uc591\uc9c0\ub9ac 248-1", "jibun": "248-1", "jimok": "\ub300", "area_reg": 331.0, "area_geom": 330.9, "incl_ratio": 1.0, "area_incl": 331.0, "zone": "\uc790\uc5f0\ub179\uc9c0\uc9c0\uc5ed", "use": "\uc8fc\uc0c1\uc6a9", "owner": "\uac1c\uc778", "price": 525900.0, "price_year": "2025", "included": true, "free": false, "note": ""}, "geometry": {"type": "MultiPolygon", "coordinates": [[[[127.20448618744712, 37.711519711306984], [127.20465527473479, 37.711625607850685], [127.20473483352336, 37.7116056225107], [127.20479649567037, 37.71157710880513], [127.20477370154684, 37.711506935909526], [127.2046961931933, 37.71143050549585], [127.20448618744712, 37.711519711306984]]]]}}, {"id": "548", "type": "Feature", "properties": {"pnu": "4136026221102480002", "addr": "\uacbd\uae30\ub3c4 \ub0a8\uc591\uc8fc\uc2dc \uc624\ub0a8\uc74d \uc591\uc9c0\ub9ac 248-2", "jibun": "248-2", "jimok": "\ub2f5", "area_reg": 86.0, "area_geom": 93.4, "incl_ratio": 1.0, "area_incl": 86.0, "zone": "\uc790\uc5f0\ub179\uc9c0\uc9c0\uc5ed", "use": "\uc804", "owner": "\uac1c\uc778", "price": 314900.0, "price_year": "2025", "included": true, "free": false, "note": ""}, "geometry": {"type": "MultiPolygon", "coordinates": [[[[127.20439546674692, 37.710910607948165], [127.20443605316974, 37.71091388970116], [127.20444255463131, 37.710894255496754], [127.20437990506326, 37.71078919365745], [127.20425736046566, 37.710832353416144], [127.20433012591518, 37.71085002234248], [127.20439546674692, 37.710910607948165]]]]}}, {"id": "549", "type": "Feature", "properties": {"pnu": "4136026221102480003", "addr": "\uacbd\uae30\ub3c4 \ub0a8\uc591\uc8fc\uc2dc \uc624\ub0a8\uc74d \uc591\uc9c0\ub9ac 248-3", "jibun": "248-3", "jimok": "\ub2f5", "area_reg": 1817.0, "area_geom": 1853.0, "incl_ratio": 1.0, "area_incl": 1817.0, "zone": "\uc790\uc5f0\ub179\uc9c0\uc9c0\uc5ed", "use": "\uc804", "owner": "\uac1c\uc778", "price": 314900.0, "price_year": "2025", "included": true, "free": false, "note": ""}, "geometry": {"type": "MultiPolygon", "coordinates": [[[[127.20437990506326, 37.71078919365745], [127.204343691899, 37.71072605326106], [127.20422672416468, 37.71060993080928], [127.20399463689489, 37.71041050453134], [127.2037743383464, 37.71024193364046], [127.20347030657831, 37.71010882359851], [127.20347064614505, 37.710150375525544], [127.20353288307516, 37.7102043628601], [127.20359142189761, 37.71019110846777], [127.20361680940913, 37.71019785823529], [127.20363757792214, 37.71020338159261], [127.20368600606638, 37.71029225986106], [127.20372539902522, 37.710323906284664], [127.20380560574011, 37.71038834088002], [127.20380347638671, 37.71046444003768], [127.20377973316069, 37.710520277528936], [127.2037484847915, 37.71059372373282], [127.20372898547684, 37.71064214800216], [127.20377840432037, 37.71066977692808], [127.20394775308043, 37.710756141136386], [127.2040715116628, 37.71076315435205], [127.20411751681225, 37.710786500405746], [127.20417580976569, 37.710816096039586], [127.20425736046566, 37.710832353416144], [127.20437990506326, 37.71078919365745]]]]}}, {"id": "550", "type": "Feature", "properties": {"pnu": "4136026221102480004", "addr": "\uacbd\uae30\ub3c4 \ub0a8\uc591\uc8fc\uc2dc \uc624\ub0a8\uc74d \uc591\uc9c0\ub9ac 248-4", "jibun": "248-4", "jimok": "\ub300", "area_reg": 627.0, "area_geom": 626.4, "incl_ratio": 1.0, "area_incl": 627.0, "zone": "\uc790\uc5f0\ub179\uc9c0\uc9c0\uc5ed", "use": "\ub2e8\ub3c5", "owner": "\uac1c\uc778", "price": 515400.0, "price_year": "2025", "included": true, "free": false, "note": ""}, "geometry": {"type": "MultiPolygon", "coordinates": [[[[127.2051722533274, 37.71076850215608], [127.2052038013964, 37.710767753922156], [127.20540976523591, 37.71079386831657], [127.20540407554486, 37.710728873534435], [127.20536832897167, 37.7106542093045], [127.20537123412667, 37.710592803520306], [127.20530909953744, 37.71047739820227], [127.20521305284647, 37.710464310961626], [127.20514557892939, 37.710486347977664], [127.2051722533274, 37.71076850215608]]]]}}, {"id": "551", "type": "Feature", "properties": {"pnu": "4136026221102480005", "addr": "\uacbd\uae30\ub3c4 \ub0a8\uc591\uc8fc\uc2dc \uc624\ub0a8\uc74d \uc591\uc9c0\ub9ac 248-5", "jibun": "248-5", "jimok": "\ub300", "area_reg": 844.0, "area_geom": 839.0, "incl_ratio": 1.0, "area_incl": 844.0, "zone": "\uc790\uc5f0\ub179\uc9c0\uc9c0\uc5ed", "use": "\uc8fc\uc0c1\uae30\ud0c0", "owner": "\ubc95\uc778", "price": 598300.0, "price_year": "2025", "included": true, "free": false, "note": ""}, "geometry": {"type": "MultiPolygon", "coordinates": [[[[127.20446421601034, 37.71093183350303], [127.20439515289648, 37.71098268568188], [127.20439511331749, 37.71099312793332], [127.20438238488855, 37.71105406406965], [127.20433449439805, 37.71111302450729], [127.20437165199397, 37.71123133836686], [127.20427812686376, 37.71124911308612], [127.20426592628633, 37.711295713948616], [127.20467049402171, 37.71130977543616], [127.2046732785956, 37.71124552283407], [127.20468423920079, 37.71118515732241], [127.20455908196942, 37.711098078409826], [127.20446421601034, 37.71093183350303]]]]}}, {"id": "552", "type": "Feature", "properties": {"pnu": "4136026221102480008", "addr": "\uacbd\uae30\ub3c4 \ub0a8\uc591\uc8fc\uc2dc \uc624\ub0a8\uc74d \uc591\uc9c0\ub9ac 248-8", "jibun": "248-8", "jimok": "\ub2f5", "area_reg": 278.0, "area_geom": 279.4, "incl_ratio": 1.0, "area_incl": 278.0, "zone": "\uc790\uc5f0\ub179\uc9c0\uc9c0\uc5ed", "use": "\ub3c4\ub85c\ub4f1", "owner": "\uad70\uc720\uc9c0", "price": 103900.0, "price_year": "2025", "included": true, "free": false, "note": ""}, "geometry": {"type": "MultiPolygon", "coordinates": [[[[127.20493614205485, 37.71075346716859], [127.20493010998688, 37.71073732327288], [127.20492103029022, 37.71072229282082], [127.2048863520662, 37.710664898099495], [127.20486585727701, 37.710630967065555], [127.20485345167243, 37.7106438632477], [127.20481642443785, 37.71073120356669], [127.20476790282936, 37.710778957267244], [127.20471818887941, 37.71081370306855], [127.20464402174791, 37.71083928311326], [127.20457624526736, 37.7108420576936], [127.20451312438335, 37.7108760877036], [127.20444695268553, 37.710880976714606], [127.20444255463131, 37.710894255496754], [127.20443605316974, 37.71091388970116], [127.20445391466627, 37.71091377787582], [127.20447531443482, 37.7109136419385], [127.20456104853035, 37.71088360933582], [127.20464648131738, 37.71088448028693], [127.2048256862471, 37.71081290511848], [127.20492113580428, 37.710760898986734], [127.20493614205485, 37.71075346716859]]]]}}, {"id": "553", "type": "Feature", "properties": {"pnu": "4136026221102480009", "addr": "\uacbd\uae30\ub3c4 \ub0a8\uc591\uc8fc\uc2dc \uc624\ub0a8\uc74d \uc591\uc9c0\ub9ac 248-9", "jibun": "248-9", "jimok": "\ub2f5", "area_reg": 316.0, "area_geom": 304.5, "incl_ratio": 1.0, "area_incl": 316.0, "zone": "\uc790\uc5f0\ub179\uc9c0\uc9c0\uc5ed", "use": "\uc804", "owner": "\uad70\uc720\uc9c0", "price": 314900.0, "price_year": "2025", "included": true, "free": false, "note": ""}, "geometry": {"type": "MultiPolygon", "coordinates": [[[[127.20468423920079, 37.71118515732241], [127.20469094299101, 37.71114826026944], [127.20466383300592, 37.71107568019754], [127.20459450093506, 37.71101549804101], [127.20464648131738, 37.71088448028693], [127.20456104853035, 37.71088360933582], [127.20447531443482, 37.7109136419385], [127.20445391466627, 37.71091377787582], [127.20455908196942, 37.711098078409826], [127.20468423920079, 37.71118515732241]]]]}}, {"id": "554", "type": "Feature", "properties": {"pnu": "4136026221102480014", "addr": "\uacbd\uae30\ub3c4 \ub0a8\uc591\uc8fc\uc2dc \uc624\ub0a8\uc74d \uc591\uc9c0\ub9ac 248-14", "jibun": "248-14", "jimok": "\ub300", "area_reg": 664.0, "area_geom": 649.1, "incl_ratio": 1.0, "area_incl": 664.0, "zone": "\uc790\uc5f0\ub179\uc9c0\uc9c0\uc5ed", "use": "\uc8fc\uc0c1\uc6a9", "owner": "\uac1c\uc778", "price": 541700.0, "price_year": "2025", "included": true, "free": false, "note": ""}, "geometry": {"type": "MultiPolygon", "coordinates": [[[[127.20448618744712, 37.711519711306984], [127.2046961931933, 37.71143050549585], [127.20466797678151, 37.71136809922816], [127.20467049402171, 37.71130977543616], [127.20426592628633, 37.711295713948616], [127.2042600449292, 37.711318203134475], [127.2042687676182, 37.71136456079809], [127.20430673143902, 37.71139167762485], [127.20431115990263, 37.71141867192544], [127.20448618744712, 37.711519711306984]]]]}}, {"id": "555", "type": "Feature", "properties": {"pnu": "4136026221102480015", "addr": "\uacbd\uae30\ub3c4 \ub0a8\uc591\uc8fc\uc2dc \uc624\ub0a8\uc74d \uc591\uc9c0\ub9ac 248-15", "jibun": "248-15", "jimok": "\ub3c4\ub85c", "area_reg": 30.0, "area_geom": 29.0, "incl_ratio": 1.0, "area_incl": 30.0, "zone": "\uc790\uc5f0\ub179\uc9c0\uc9c0\uc5ed", "use": "\ub3c4\ub85c\ub4f1", "owner": "\uac1c\uc778", "price": 103900.0, "price_year": "2025", "included": true, "free": false, "note": ""}, "geometry": {"type": "MultiPolygon", "coordinates": [[[[127.20446421601034, 37.71093183350303], [127.20445391466627, 37.71091377787582], [127.20443605316974, 37.71091388970116], [127.20439546674692, 37.710910607948165], [127.20439527232732, 37.71095577365428], [127.20439515289648, 37.71098268568188], [127.20446421601034, 37.71093183350303]]]]}}, {"id": "556", "type": "Feature", "properties": {"pnu": "4136026221102480017", "addr": "\uacbd\uae30\ub3c4 \ub0a8\uc591\uc8fc\uc2dc \uc624\ub0a8\uc74d \uc591\uc9c0\ub9ac 248-17", "jibun": "248-17", "jimok": "\ub2f5", "area_reg": 4.0, "area_geom": 3.9, "incl_ratio": 1.0, "area_incl": 4.0, "zone": "\uc790\uc5f0\ub179\uc9c0\uc9c0\uc5ed", "use": "\uc804\uae30\ud0c0", "owner": "\uad70\uc720\uc9c0", "price": 273900.0, "price_year": "2025", "included": true, "free": false, "note": ""}, "geometry": {"type": "MultiPolygon", "coordinates": [[[[127.2049201521307, 37.710400983197175], [127.20489392669879, 37.7103947757349], [127.20490159931548, 37.7104095203081], [127.20492017552314, 37.7104095423243], [127.20495583054795, 37.710409435767254], [127.2049201521307, 37.710400983197175]]]]}}, {"id": "557", "type": "Feature", "properties": {"pnu": "4136026221102490001", "addr": "\uacbd\uae30\ub3c4 \ub0a8\uc591\uc8fc\uc2dc \uc624\ub0a8\uc74d \uc591\uc9c0\ub9ac 249-1", "jibun": "249-1", "jimok": "\uacf5\uc7a5\uc6a9\uc9c0", "area_reg": 849.0, "area_geom": 846.6, "incl_ratio": 1.0, "area_incl": 849.0, "zone": "\uc790\uc5f0\ub179\uc9c0\uc9c0\uc5ed", "use": "\uacf5\uc5c5\uc6a9", "owner": "\uac1c\uc778", "price": 434300.0, "price_year": "2025", "included": true, "free": false, "note": ""}, "geometry": {"type": "MultiPolygon", "coordinates": [[[[127.20374809720025, 37.71096025496118], [127.20380507449654, 37.711023188735865], [127.20389268832794, 37.71107120398516], [127.2040922459212, 37.710818519068376], [127.2040645950672, 37.710801132895966], [127.20393064793979, 37.710792488397125], [127.20371925445902, 37.71067531119053], [127.20368768619753, 37.71074793804692], [127.20368357785776, 37.710792768097335], [127.2036755438047, 37.71086616546637], [127.20374809720025, 37.71096025496118]]]]}}, {"id": "558", "type": "Feature", "properties": {"pnu": "4136026221102490002", "addr": "\uacbd\uae30\ub3c4 \ub0a8\uc591\uc8fc\uc2dc \uc624\ub0a8\uc74d \uc591\uc9c0\ub9ac 249-2", "jibun": "249-2", "jimok": "\uc804", "area_reg": 2664.0, "area_geom": 2639.8, "incl_ratio": 1.0, "area_incl": 2664.0, "zone": "\uc790\uc5f0\ub179\uc9c0\uc9c0\uc5ed", "use": "\uacfc\uc218\uc6d0", "owner": "\uac1c\uc778", "price": 314900.0, "price_year": "2025", "included": true, "free": false, "note": ""}, "geometry": {"type": "MultiPolygon", "coordinates": [[[[127.20318804798417, 37.710912435888176], [127.20332538127552, 37.710940193911135], [127.20348822765146, 37.71097905301344], [127.20363076829793, 37.710994900014065], [127.20374809720025, 37.71096025496118], [127.2036755438047, 37.71086616546637], [127.20368357785776, 37.710792768097335], [127.20368768619753, 37.71074793804692], [127.20371925445902, 37.71067531119053], [127.20372898547684, 37.71064214800216], [127.20343992011024, 37.71058359410897], [127.20327589239109, 37.71055207081266], [127.20321034357957, 37.71052309078958], [127.20293790190028, 37.710409052831245], [127.20292623187589, 37.71045500396153], [127.2029636114327, 37.71052638663494], [127.20297192124288, 37.71061745999981], [127.20293218780111, 37.71068203696832], [127.20303383862638, 37.710750273565154], [127.20308097878244, 37.71076989709871], [127.20318804798417, 37.710912435888176]]]]}}, {"id": "559", "type": "Feature", "properties": {"pnu": "4136026221102490003", "addr": "\uacbd\uae30\ub3c4 \ub0a8\uc591\uc8fc\uc2dc \uc624\ub0a8\uc74d \uc591\uc9c0\ub9ac 249-3", "jibun": "249-3", "jimok": "\ub3c4\ub85c", "area_reg": 150.0, "area_geom": 149.9, "incl_ratio": 1.0, "area_incl": 150.0, "zone": "\uc790\uc5f0\ub179\uc9c0\uc9c0\uc5ed", "use": "\ub3c4\ub85c\ub4f1", "owner": "\uac1c\uc778", "price": 103900.0, "price_year": "2025", "included": true, "free": false, "note": ""}, "geometry": {"type": "MultiPolygon", "coordinates": [[[[127.20411751681225, 37.710786500405746], [127.2040715116628, 37.71076315435205], [127.20394775308043, 37.710756141136386], [127.20377840432037, 37.71066977692808], [127.20372898547684, 37.71064214800216], [127.20371925445902, 37.71067531119053], [127.20393064793979, 37.710792488397125], [127.2040645950672, 37.710801132895966], [127.2040922459212, 37.710818519068376], [127.20411751681225, 37.710786500405746]]]]}}, {"id": "560", "type": "Feature", "properties": {"pnu": "4136026221102490004", "addr": "\uacbd\uae30\ub3c4 \ub0a8\uc591\uc8fc\uc2dc \uc624\ub0a8\uc74d \uc591\uc9c0\ub9ac 249-4", "jibun": "249-4", "jimok": "\uacf5\uc7a5\uc6a9\uc9c0", "area_reg": 849.0, "area_geom": 840.2, "incl_ratio": 1.0, "area_incl": 849.0, "zone": "\uc790\uc5f0\ub179\uc9c0\uc9c0\uc5ed", "use": "\uacf5\uc5c5\uc6a9", "owner": "\ubc95\uc778", "price": 434300.0, "price_year": "2025", "included": true, "free": false, "note": ""}, "geometry": {"type": "MultiPolygon", "coordinates": [[[[127.20389268832794, 37.71107120398516], [127.20394483430925, 37.71110066612682], [127.20408848146965, 37.711110429160826], [127.20414414078647, 37.71114732714839], [127.20423697099751, 37.71103684444141], [127.20429256456917, 37.71106209299616], [127.20438035651992, 37.71095065480651], [127.20436581532864, 37.71094567045713], [127.20430340548909, 37.71088278233432], [127.20414885345798, 37.71084971231874], [127.2040922459212, 37.710818519068376], [127.20389268832794, 37.71107120398516]]]]}}, {"id": "561", "type": "Feature", "properties": {"pnu": "4136026221102490005", "addr": "\uacbd\uae30\ub3c4 \ub0a8\uc591\uc8fc\uc2dc \uc624\ub0a8\uc74d \uc591\uc9c0\ub9ac 249-5", "jibun": "249-5", "jimok": "\ub3c4\ub85c", "area_reg": 120.0, "area_geom": 131.2, "incl_ratio": 1.0, "area_incl": 120.0, "zone": "\uc790\uc5f0\ub179\uc9c0\uc9c0\uc5ed", "use": "\ub3c4\ub85c\ub4f1", "owner": "\ubc95\uc778", "price": 103900.0, "price_year": "2025", "included": true, "free": false, "note": ""}, "geometry": {"type": "MultiPolygon", "coordinates": [[[[127.20439527232732, 37.71095577365428], [127.20439546674692, 37.710910607948165], [127.20433012591518, 37.71085002234248], [127.20425736046566, 37.710832353416144], [127.20417580976569, 37.710816096039586], [127.20411751681225, 37.710786500405746], [127.2040922459212, 37.710818519068376], [127.20414885345798, 37.71084971231874], [127.20430340548909, 37.71088278233432], [127.20436581532864, 37.71094567045713], [127.20438035651992, 37.71095065480651], [127.20439527232732, 37.71095577365428]]]]}}, {"id": "562", "type": "Feature", "properties": {"pnu": "4136026221102490006", "addr": "\uacbd\uae30\ub3c4 \ub0a8\uc591\uc8fc\uc2dc \uc624\ub0a8\uc74d \uc591\uc9c0\ub9ac 249-6", "jibun": "249-6", "jimok": "\uc804", "area_reg": 359.0, "area_geom": 343.6, "incl_ratio": 1.0, "area_incl": 359.0, "zone": "\uc790\uc5f0\ub179\uc9c0\uc9c0\uc5ed", "use": "\uc804", "owner": "\uac1c\uc778", "price": 314900.0, "price_year": "2025", "included": true, "free": false, "note": ""}, "geometry": {"type": "MultiPolygon", "coordinates": [[[[127.20414414078647, 37.71114732714839], [127.20424615459306, 37.711214949412785], [127.20427812686376, 37.71124911308612], [127.20437165199397, 37.71123133836686], [127.20433449439805, 37.71111302450729], [127.20438238488855, 37.71105406406965], [127.20439511331749, 37.71099312793332], [127.20439527232732, 37.71095577365428], [127.20438035651992, 37.71095065480651], [127.20429256456917, 37.71106209299616], [127.20423697099751, 37.71103684444141], [127.20414414078647, 37.71114732714839]]]]}}, {"id": "563", "type": "Feature", "properties": {"pnu": "4136026221103520003", "addr": "\uacbd\uae30\ub3c4 \ub0a8\uc591\uc8fc\uc2dc \uc624\ub0a8\uc74d \uc591\uc9c0\ub9ac 352-3", "jibun": "352-3", "jimok": "\uad6c\uac70", "area_reg": 2680.2, "area_geom": 2680.2, "incl_ratio": 0.0438, "area_incl": 117.4, "zone": "\uc81c1\uc885\uc77c\ubc18\uc8fc\uac70\uc9c0\uc5ed", "use": null, "owner": null, "price": 180800.0, "price_year": "2025", "included": false, "free": false, "note": ""}, "geometry": {"type": "MultiPolygon", "coordinates": [[[[127.19786103935427, 37.70829190516575], [127.19788395628962, 37.70828252399408], [127.19798351955512, 37.7082417065941], [127.19823560201925, 37.70842908356027], [127.19857576928067, 37.70856583172298], [127.19894009263538, 37.708655399952775], [127.19924509438935, 37.70863812195447], [127.1992449478829, 37.70858297411099], [127.19913896174211, 37.70857088063275], [127.19893481913175, 37.708604026727585], [127.19875811197426, 37.70854416497576], [127.19838147856538, 37.70845645470242], [127.19802498628744, 37.70820108504531], [127.19789865120809, 37.708195700513166], [127.1978772607869, 37.70819479012065], [127.19780219989572, 37.708255486993686], [127.19777805552971, 37.708255256891334], [127.197699563799, 37.708141622597765], [127.19764933211846, 37.70788580493589], [127.19769081026104, 37.707772070133174], [127.19771891699237, 37.70763213045622], [127.19770697700572, 37.7074132337151], [127.19771555092107, 37.70736185540341], [127.19766982082592, 37.70720464091042], [127.1976520107075, 37.707073291731106], [127.19760551591781, 37.70707336905528], [127.19763564568534, 37.7072708736753], [127.19764833447461, 37.707352272830285], [127.19765507995005, 37.70754086973942], [127.19765951134401, 37.707664655032126], [127.19762071158881, 37.70784373239919], [127.1976092162144, 37.707896809373146], [127.19762499773667, 37.708050136461615], [127.1976984068611, 37.70823189224974], [127.19769038263955, 37.70823801414478], [127.19768275454608, 37.708243838061755], [127.19706103956518, 37.707782315000905], [127.19690471649682, 37.70766707034317], [127.19680785151272, 37.70759517157937], [127.19655968337749, 37.7074104068627], [127.19630470536501, 37.70722298600733], [127.1961030083436, 37.70707585796429], [127.19601352287229, 37.70707600559324], [127.19771353976944, 37.70829824119532], [127.19775653216941, 37.70836307520485], [127.19777671321444, 37.70837410547355], [127.19783770685999, 37.70871555991908], [127.19789155077308, 37.70901614942355], [127.19791318518638, 37.70913522100556], [127.19793939438357, 37.70936770747751], [127.19797090482693, 37.70936578998706], [127.19794305838715, 37.70913604518388], [127.19780076970008, 37.70834529760729], [127.19786103935427, 37.70829190516575]]]]}}, {"id": "564", "type": "Feature", "properties": {"pnu": "4136026221103540003", "addr": "\uacbd\uae30\ub3c4 \ub0a8\uc591\uc8fc\uc2dc \uc624\ub0a8\uc74d \uc591\uc9c0\ub9ac 354-3", "jibun": "354-3", "jimok": "\ub2f5", "area_reg": 1553.0, "area_geom": 1561.5, "incl_ratio": 0.0939, "area_incl": 145.8, "zone": "\uc81c1\uc885\uc77c\ubc18\uc8fc\uac70\uc9c0\uc5ed", "use": "\uc8fc\uac70\ub098\uc9c0", "owner": "\ubc95\uc778", "price": 786900.0, "price_year": "2025", "included": true, "free": false, "note": ""}, "geometry": {"type": "MultiPolygon", "coordinates": [[[[127.1990813976581, 37.70973298803832], [127.19931249002954, 37.70974729537479], [127.19921133213353, 37.70902175553685], [127.19899335450994, 37.70903842825131], [127.1990813976581, 37.70973298803832]]]]}}, {"id": "565", "type": "Feature", "properties": {"pnu": "4136026221103540004", "addr": "\uacbd\uae30\ub3c4 \ub0a8\uc591\uc8fc\uc2dc \uc624\ub0a8\uc74d \uc591\uc9c0\ub9ac 354-4", "jibun": "354-4", "jimok": "\uad6c\uac70", "area_reg": 541.0, "area_geom": 569.0, "incl_ratio": 0.1938, "area_incl": 104.8, "zone": "\uc81c1\uc885\uc77c\ubc18\uc8fc\uac70\uc9c0\uc5ed", "use": "\ud558\ucc9c\ub4f1", "owner": "\uad6d\uc720\uc9c0", "price": 180800.0, "price_year": "2025", "included": true, "free": false, "note": ""}, "geometry": {"type": "MultiPolygon", "coordinates": [[[[127.1980202062837, 37.709118140603024], [127.19832081256943, 37.70909325015281], [127.1986530876444, 37.70906641396996], [127.19899335450994, 37.70903842825131], [127.19921133213353, 37.70902175553685], [127.19924610486645, 37.70901848078842], [127.19924597106699, 37.70896811705293], [127.19899632491338, 37.70899110457964], [127.19864196494937, 37.709020213044674], [127.19832059851089, 37.70904660753683], [127.198011444771, 37.7090726834847], [127.1980202062837, 37.709118140603024]]]]}}, {"id": "566", "type": "Feature", "properties": {"pnu": "4136026221103580002", "addr": "\uacbd\uae30\ub3c4 \ub0a8\uc591\uc8fc\uc2dc \uc624\ub0a8\uc74d \uc591\uc9c0\ub9ac 358-2", "jibun": "358-2", "jimok": "\ub300", "area_reg": 696.0, "area_geom": 696.5, "incl_ratio": 0.2733, "area_incl": 190.2, "zone": "\uc81c1\uc885\uc77c\ubc18\uc8fc\uac70\uc9c0\uc5ed", "use": "\uc8fc\uac70\uae30\ud0c0", "owner": "\uac1c\uc778", "price": 543900.0, "price_year": "2025", "included": true, "free": false, "note": ""}, "geometry": {"type": "MultiPolygon", "coordinates": [[[[127.19902932409747, 37.70774686115391], [127.19912720611939, 37.70775672491071], [127.19913973544185, 37.70777314653358], [127.19926028527115, 37.70776960186111], [127.19928667660238, 37.7077662150201], [127.19931147839866, 37.70749327097094], [127.19924131648165, 37.70749774930918], [127.19908598422732, 37.70747912542333], [127.19905458994724, 37.707468952059486], [127.19902932409747, 37.70774686115391]]]]}}, {"id": "567", "type": "Feature", "properties": {"pnu": "4136026221103550003", "addr": "\uacbd\uae30\ub3c4 \ub0a8\uc591\uc8fc\uc2dc \uc624\ub0a8\uc74d \uc591\uc9c0\ub9ac 355-3", "jibun": "355-3", "jimok": "\ub2f5", "area_reg": 834.0, "area_geom": 818.7, "incl_ratio": 0.8171, "area_incl": 681.5, "zone": "\uc81c1\uc885\uc77c\ubc18\uc8fc\uac70\uc9c0\uc5ed", "use": "\uc8fc\uac70\ub098\uc9c0", "owner": "\uac1c\uc778", "price": 548100.0, "price_year": "2025", "included": true, "free": false, "note": ""}, "geometry": {"type": "MultiPolygon", "coordinates": [[[[127.19924597106699, 37.70896811705293], [127.19931533967389, 37.70896331569471], [127.19927930874879, 37.708740603444056], [127.19894701802764, 37.70869677870594], [127.19899632491338, 37.70899110457964], [127.19924597106699, 37.70896811705293]]]]}}, {"id": "568", "type": "Feature", "properties": {"pnu": "4136026221103550004", "addr": "\uacbd\uae30\ub3c4 \ub0a8\uc591\uc8fc\uc2dc \uc624\ub0a8\uc74d \uc591\uc9c0\ub9ac 355-4", "jibun": "355-4", "jimok": "\ub3c4\ub85c", "area_reg": 602.0, "area_geom": 607.3, "incl_ratio": 0.2425, "area_incl": 146.0, "zone": "\uc81c1\uc885\uc77c\ubc18\uc8fc\uac70\uc9c0\uc5ed", "use": "\ub3c4\ub85c\ub4f1", "owner": "\ubc95\uc778", "price": 180800.0, "price_year": "2025", "included": true, "free": false, "note": ""}, "geometry": {"type": "MultiPolygon", "coordinates": [[[[127.19786103935427, 37.70829190516575], [127.19800777063162, 37.70835538604182], [127.19819101368954, 37.70844283459046], [127.19824137177734, 37.708471031893055], [127.19824059675342, 37.708465276017144], [127.1982820935649, 37.708487514684464], [127.1985783221008, 37.70858342331044], [127.1989454048183, 37.7086871500874], [127.19926337798456, 37.70872452090022], [127.19927707174048, 37.70872669629098], [127.19926264523374, 37.70863653385383], [127.19924509438935, 37.70863812195447], [127.19894009263538, 37.708655399952775], [127.19857576928067, 37.70856583172298], [127.19823560201925, 37.70842908356027], [127.19798351955512, 37.7082417065941], [127.19788395628962, 37.70828252399408], [127.19786103935427, 37.70829190516575]]]]}}, {"id": "569", "type": "Feature", "properties": {"pnu": "4136026221103550005", "addr": "\uacbd\uae30\ub3c4 \ub0a8\uc591\uc8fc\uc2dc \uc624\ub0a8\uc74d \uc591\uc9c0\ub9ac 355-5", "jibun": "355-5", "jimok": "\uad6c\uac70", "area_reg": 175.0, "area_geom": 188.8, "incl_ratio": 0.1488, "area_incl": 26.0, "zone": "\uc81c1\uc885\uc77c\ubc18\uc8fc\uac70\uc9c0\uc5ed", "use": "\ub3c4\ub85c\ub4f1", "owner": "\ubc95\uc778", "price": 180800.0, "price_year": "2025", "included": true, "free": false, "note": ""}, "geometry": {"type": "MultiPolygon", "coordinates": [[[[127.19927707174048, 37.70872669629098], [127.19926337798456, 37.70872452090022], [127.1989454048183, 37.7086871500874], [127.1985783221008, 37.70858342331044], [127.1982820935649, 37.708487514684464], [127.19824059675342, 37.708465276017144], [127.19824137177734, 37.708471031893055], [127.19819101368954, 37.70844283459046], [127.19800777063162, 37.70835538604182], [127.19786103935427, 37.70829190516575], [127.19786392540973, 37.708306919453776], [127.19813937764053, 37.7084288296021], [127.19816310692455, 37.70843933132809], [127.19824294429192, 37.70848246252036], [127.19829825127601, 37.70851232733761], [127.19858057415523, 37.708598781006366], [127.19890653116009, 37.7086877287159], [127.19894701802764, 37.70869677870594], [127.19927930874879, 37.708740603444056], [127.19927707174048, 37.70872669629098]]]]}}, {"id": "570", "type": "Feature", "properties": {"pnu": "4136026221103590001", "addr": "\uacbd\uae30\ub3c4 \ub0a8\uc591\uc8fc\uc2dc \uc624\ub0a8\uc74d \uc591\uc9c0\ub9ac 359-1", "jibun": "359-1", "jimok": "\uc804", "area_reg": 188.0, "area_geom": 187.7, "incl_ratio": 1.0, "area_incl": 188.0, "zone": "\uc81c1\uc885\uc77c\ubc18\uc8fc\uac70\uc9c0\uc5ed", "use": "\uc8fc\uac70\ub098\uc9c0", "owner": "\uac1c\uc778", "price": 364300.0, "price_year": "2025", "included": true, "free": false, "note": ""}, "geometry": {"type": "MultiPolygon", "coordinates": [[[[127.19957595125328, 37.70749962935095], [127.199632166559, 37.70738938287366], [127.19955929911428, 37.70740414596319], [127.19950892925074, 37.70736717383354], [127.19947534940647, 37.70732832651789], [127.19942919443235, 37.70746479215364], [127.19954306114487, 37.70751546950417], [127.19957595125328, 37.70749962935095]]]]}}, {"id": "571", "type": "Feature", "properties": {"pnu": "4136026221103590002", "addr": "\uacbd\uae30\ub3c4 \ub0a8\uc591\uc8fc\uc2dc \uc624\ub0a8\uc74d \uc591\uc9c0\ub9ac 359-2", "jibun": "359-2", "jimok": "\uc804", "area_reg": 166.0, "area_geom": 172.4, "incl_ratio": 1.0, "area_incl": 166.0, "zone": "\uc81c1\uc885\uc77c\ubc18\uc8fc\uac70\uc9c0\uc5ed", "use": "\uc8fc\uac70\ub098\uc9c0", "owner": "\uac1c\uc778", "price": 464000.0, "price_year": "2025", "included": true, "free": false, "note": ""}, "geometry": {"type": "MultiPolygon", "coordinates": [[[[127.19947222022815, 37.70711966814682], [127.19945227861149, 37.70715173094746], [127.19945898134908, 37.70719035310013], [127.19938191168913, 37.70742450824528], [127.19937637688342, 37.707441293510435], [127.19942919443235, 37.70746479215364], [127.19947534940647, 37.70732832651789], [127.19950931977716, 37.70720703556071], [127.19947222022815, 37.70711966814682]]]]}}, {"id": "572", "type": "Feature", "properties": {"pnu": "4136026221103590006", "addr": "\uacbd\uae30\ub3c4 \ub0a8\uc591\uc8fc\uc2dc \uc624\ub0a8\uc74d \uc591\uc9c0\ub9ac 359-6", "jibun": "359-6", "jimok": "\ub300", "area_reg": 375.0, "area_geom": 379.6, "incl_ratio": 0.9465, "area_incl": 354.9, "zone": "\uc81c1\uc885\uc77c\ubc18\uc8fc\uac70\uc9c0\uc5ed", "use": "\ub2e8\ub3c5", "owner": "\uac1c\uc778", "price": 533800.0, "price_year": "2025", "included": true, "free": false, "note": ""}, "geometry": {"type": "MultiPolygon", "coordinates": [[[[127.19929495383627, 37.707219477239185], [127.19924668044708, 37.707386759380874], [127.19938191168913, 37.70742450824528], [127.19945898134908, 37.70719035310013], [127.199437180132, 37.707064704995545], [127.19941601761789, 37.70705129810638], [127.199429610386, 37.70707105148847], [127.19942808737416, 37.70710388523045], [127.19937957268793, 37.70715039340042], [127.19929495383627, 37.707219477239185]]]]}}, {"id": "573", "type": "Feature", "properties": {"pnu": "4136026221103590008", "addr": "\uacbd\uae30\ub3c4 \ub0a8\uc591\uc8fc\uc2dc \uc624\ub0a8\uc74d \uc591\uc9c0\ub9ac 359-8", "jibun": "359-8", "jimok": "\ub300", "area_reg": 462.0, "area_geom": 455.8, "incl_ratio": 0.3034, "area_incl": 140.2, "zone": "\uc81c1\uc885\uc77c\ubc18\uc8fc\uac70\uc9c0\uc5ed", "use": "\ub2e8\ub3c5", "owner": "\uac1c\uc778", "price": 533800.0, "price_year": "2025", "included": true, "free": false, "note": ""}, "geometry": {"type": "MultiPolygon", "coordinates": [[[[127.19910456017229, 37.707124753556045], [127.19929495383627, 37.707219477239185], [127.19937957268793, 37.70715039340042], [127.19942808737416, 37.70710388523045], [127.199429610386, 37.70707105148847], [127.19942257505454, 37.707060873375184], [127.19933479181638, 37.70700598968932], [127.19925717331691, 37.70693971870682], [127.19921917844967, 37.70703598752046], [127.19919736398253, 37.707054629031155], [127.19917443469556, 37.70705915427564], [127.19913106007367, 37.70705983061825], [127.19910456017229, 37.707124753556045]]]]}}, {"id": "574", "type": "Feature", "properties": {"pnu": "4136026221103590012", "addr": "\uacbd\uae30\ub3c4 \ub0a8\uc591\uc8fc\uc2dc \uc624\ub0a8\uc74d \uc591\uc9c0\ub9ac 359-12", "jibun": "359-12", "jimok": "\ub300", "area_reg": 13.0, "area_geom": 13.4, "incl_ratio": 1.0, "area_incl": 13.0, "zone": "\uc81c1\uc885\uc77c\ubc18\uc8fc\uac70\uc9c0\uc5ed", "use": "\ub2e8\ub3c5", "owner": "\uac1c\uc778", "price": 533800.0, "price_year": "2025", "included": true, "free": false, "note": ""}, "geometry": {"type": "MultiPolygon", "coordinates": [[[[127.19947222022815, 37.70711966814682], [127.19945376747702, 37.70707620951349], [127.19944523522862, 37.70707029548144], [127.199437180132, 37.707064704995545], [127.19945227861149, 37.70715173094746], [127.19947222022815, 37.70711966814682]]]]}}, {"id": "575", "type": "Feature", "properties": {"pnu": "4136026221103590013", "addr": "\uacbd\uae30\ub3c4 \ub0a8\uc591\uc8fc\uc2dc \uc624\ub0a8\uc74d \uc591\uc9c0\ub9ac 359-13", "jibun": "359-13", "jimok": "\ub3c4\ub85c", "area_reg": 10.0, "area_geom": 12.7, "incl_ratio": 0.4002, "area_incl": 4.0, "zone": "\uc81c1\uc885\uc77c\ubc18\uc8fc\uac70\uc9c0\uc5ed", "use": "\ub3c4\ub85c\ub4f1", "owner": "\uac1c\uc778", "price": 176100.0, "price_year": "2025", "included": true, "free": false, "note": ""}, "geometry": {"type": "MultiPolygon", "coordinates": [[[[127.19942257505454, 37.707060873375184], [127.19941601761789, 37.70705129810638], [127.1993450442022, 37.7070062968377], [127.19926068780198, 37.7069308112732], [127.19925717331691, 37.70693971870682], [127.19933479181638, 37.70700598968932], [127.19942257505454, 37.707060873375184]]]]}}, {"id": "576", "type": "Feature", "properties": {"pnu": "4136026221103590014", "addr": "\uacbd\uae30\ub3c4 \ub0a8\uc591\uc8fc\uc2dc \uc624\ub0a8\uc74d \uc591\uc9c0\ub9ac 359-14", "jibun": "359-14", "jimok": "\uc804", "area_reg": 331.0, "area_geom": 328.4, "incl_ratio": 0.4578, "area_incl": 151.5, "zone": "\uc81c1\uc885\uc77c\ubc18\uc8fc\uac70\uc9c0\uc5ed", "use": "\uc8fc\uac70\ub098\uc9c0", "owner": "\uac1c\uc778", "price": 377100.0, "price_year": "2025", "included": true, "free": false, "note": ""}, "geometry": {"type": "MultiPolygon", "coordinates": [[[[127.19954306114487, 37.70751546950417], [127.19942919443235, 37.70746479215364], [127.19937637688342, 37.707441293510435], [127.19938191168913, 37.70742450824528], [127.19924668044708, 37.707386759380874], [127.1991228320873, 37.707352189714435], [127.19909578536324, 37.70748029827622], [127.19924131648165, 37.70749774930918], [127.19931147839866, 37.70749327097094], [127.19945577672907, 37.70750340796688], [127.1995262310199, 37.70752357942667], [127.19954306114487, 37.70751546950417]]]]}}, {"id": "577", "type": "Feature", "properties": {"pnu": "4136026221103610005", "addr": "\uacbd\uae30\ub3c4 \ub0a8\uc591\uc8fc\uc2dc \uc624\ub0a8\uc74d \uc591\uc9c0\ub9ac 361-5", "jibun": "361-5", "jimok": "\ub3c4\ub85c", "area_reg": 775.8, "area_geom": 775.8, "incl_ratio": 0.0111, "area_incl": 8.6, "zone": "\uc81c1\uc885\uc77c\ubc18\uc8fc\uac70\uc9c0\uc5ed", "use": null, "owner": null, "price": 162900.0, "price_year": "2025", "included": false, "free": false, "note": ""}, "geometry": {"type": "MultiPolygon", "coordinates": [[[[127.1976763240804, 37.70707325128894], [127.1976520107075, 37.707073291731106], [127.19766982082592, 37.70720464091042], [127.19771555092107, 37.70736185540341], [127.19770697700572, 37.7074132337151], [127.19771891699237, 37.70763213045622], [127.19769081026104, 37.707772070133174], [127.19764933211846, 37.70788580493589], [127.197699563799, 37.708141622597765], [127.19777805552971, 37.708255256891334], [127.19780219989572, 37.708255486993686], [127.1978772607869, 37.70819479012065], [127.19796163461858, 37.708165151983174], [127.19802783768017, 37.708129940062726], [127.19808592286961, 37.708095453400105], [127.19823350411514, 37.70807298047764], [127.1984181633176, 37.70800145096291], [127.19858210998805, 37.70801382664903], [127.19880277705188, 37.70797324758214], [127.19883767116026, 37.707943214076955], [127.19884622283828, 37.70788799761282], [127.19884420903405, 37.707829915738714], [127.19889671102082, 37.70780279890637], [127.1989769376464, 37.707779023258674], [127.19908551277041, 37.707788553805855], [127.19914726516717, 37.70784565262548], [127.19924295269628, 37.707831932687775], [127.1992429024107, 37.7078130034875], [127.19917907286425, 37.70782354367798], [127.19913581160839, 37.70782010242053], [127.19911845128071, 37.707773776838955], [127.19911787275812, 37.70777371474077], [127.19900826164472, 37.707762663326754], [127.19900594616831, 37.707761892374315], [127.198907548037, 37.70778404969412], [127.198837591152, 37.70781892602436], [127.1988209891141, 37.70787035388433], [127.19882245506788, 37.7079399510137], [127.19879601187115, 37.7079451938264], [127.19861818594465, 37.70798039459403], [127.19857378893754, 37.707989181130166], [127.19839530425834, 37.707976919802235], [127.19822690401159, 37.70805581908638], [127.1981051253703, 37.70807090611883], [127.19808864181599, 37.70807294275081], [127.19800976324811, 37.708109284015265], [127.19795146323882, 37.70815262748846], [127.19788739209272, 37.70817063638556], [127.19785444346066, 37.70818603469108], [127.19779971397642, 37.70821158708626], [127.19773219579662, 37.70814376665948], [127.1977081606145, 37.708068783257715], [127.197698547985, 37.70794553816513], [127.19769209571533, 37.707885454501955], [127.19773439112049, 37.70780214392925], [127.19775084674234, 37.707694901651294], [127.19775119223411, 37.7076926036143], [127.19775523386215, 37.7076641894458], [127.19774958923038, 37.70745020150563], [127.19775267180457, 37.70736772198884], [127.19774710420978, 37.707333494562405], [127.19772537466928, 37.70727697711103], [127.1976978331457, 37.70720535112187], [127.19768302094653, 37.7071186037669], [127.1976763240804, 37.70707325128894]]]]}}, {"id": "578", "type": "Feature", "properties": {"pnu": "4136026221103860005", "addr": "\uacbd\uae30\ub3c4 \ub0a8\uc591\uc8fc\uc2dc \uc624\ub0a8\uc74d \uc591\uc9c0\ub9ac 386-5", "jibun": "386-5", "jimok": "\ub3c4\ub85c", "area_reg": 1186.8, "area_geom": 1186.8, "incl_ratio": 0.0362, "area_incl": 43.0, "zone": "\uc81c1\uc885\uc77c\ubc18\uc8fc\uac70\uc9c0\uc5ed", "use": null, "owner": null, "price": 162900.0, "price_year": "2025", "included": false, "free": false, "note": ""}, "geometry": {"type": "MultiPolygon", "coordinates": [[[[127.19810205635602, 37.70606303730861], [127.19810192091803, 37.70606328079518], [127.19802302086696, 37.706206656845026], [127.197933276064, 37.70631870630555], [127.19789160420166, 37.70641874686433], [127.19781753669612, 37.70655443849353], [127.19778995282026, 37.706612903023085], [127.19768196710471, 37.70686073113967], [127.19768801630408, 37.706884092125286], [127.1976520107075, 37.707073291731106], [127.1976763240804, 37.70707325128894], [127.19767506577529, 37.70706482034396], [127.19772159474272, 37.70689272156909], [127.1977627147085, 37.70690145557849], [127.19785513255161, 37.706921086945265], [127.19799900750108, 37.706908801396835], [127.19807340728283, 37.70689034275716], [127.1981882744871, 37.706861122123286], [127.19829693842834, 37.706853318672806], [127.1983366925694, 37.706851567521234], [127.19845104164172, 37.70684516895573], [127.19850852749244, 37.70683319821087], [127.19873862042289, 37.70678617962819], [127.19885535127929, 37.706771406716406], [127.19892755571546, 37.7067548342298], [127.19891503801067, 37.70687526924151], [127.19885371554756, 37.70699707431316], [127.19880441822926, 37.70709497463487], [127.19882540878007, 37.70711199479354], [127.19893153684319, 37.706883377341256], [127.19895459317311, 37.706764303160966], [127.19900988719591, 37.70675119161511], [127.19902813063986, 37.70676290965189], [127.19909106309436, 37.70677360680535], [127.19910674232719, 37.70677627442149], [127.19926068780198, 37.7069308112732], [127.1993450442022, 37.7070062968377], [127.19941601761789, 37.70705129810638], [127.199437180132, 37.707064704995545], [127.19944523522862, 37.70707029548144], [127.1995215660534, 37.707070167337264], [127.19950634586826, 37.70706530965937], [127.19948756179834, 37.707059304726826], [127.19941725384263, 37.7070300242341], [127.19937264347419, 37.70698815914398], [127.19932062692223, 37.70694589201601], [127.19931175423083, 37.70693987943895], [127.19923366901138, 37.70687717704688], [127.19914501352551, 37.70677980514088], [127.19904201977856, 37.70673628988196], [127.19904149659271, 37.70672716397634], [127.19904058132275, 37.70671130851413], [127.19903992777733, 37.70670006555757], [127.1990864424848, 37.70666912956119], [127.1990668945096, 37.70665725154484], [127.19901002714992, 37.706697088393724], [127.19899587492787, 37.70662454832092], [127.19902154589529, 37.706533597892225], [127.19900749655201, 37.706435713481625], [127.19898003932522, 37.70637483616231], [127.19897885292949, 37.70637218930978], [127.1989251462446, 37.70626964121656], [127.19885738606091, 37.70618297361278], [127.19880634862888, 37.7060862232142], [127.1987411008369, 37.70602319267871], [127.1987642746276, 37.7059612665804], [127.19879479053253, 37.70591411304255], [127.19877752853931, 37.70588752739064], [127.19874857132356, 37.70595372473359], [127.19872053306099, 37.70600297336605], [127.19863317945122, 37.705921239647495], [127.19861345206273, 37.70590146038422], [127.19852592045005, 37.70584235914267], [127.198471488487, 37.705821043120366], [127.19844255692904, 37.70576843899718], [127.19838896671337, 37.70572234497111], [127.19834979358359, 37.705660550051405], [127.19833058898445, 37.705611128091554], [127.1983078333327, 37.705664025733356], [127.19829068917372, 37.7056905066988], [127.19828859075, 37.70569460058512], [127.19822222491425, 37.70580896278136], [127.19811844351568, 37.70603326009953], [127.19811799210362, 37.706034089740605], [127.19811440841245, 37.70604259182246], [127.19810205635602, 37.70606303730861]], [[127.1978612589473, 37.70690060680558], [127.19771981775688, 37.70686820925072], [127.19774335676492, 37.70680244463943], [127.1977966936381, 37.706636208794954], [127.19783216451198, 37.70657555980684], [127.19785567409284, 37.70652880559512], [127.19796277545541, 37.70631581912438], [127.19803639847075, 37.70623531229115], [127.19807126277384, 37.70617270914257], [127.19814110036866, 37.706045898911896], [127.19816273410511, 37.70599748998588], [127.19824134340357, 37.70581722878349], [127.1983206195112, 37.705674861033046], [127.19836919859462, 37.70573000014304], [127.19842539852296, 37.7057723778413], [127.19846249228705, 37.70583256347859], [127.19852346007556, 37.70587250956824], [127.19860459313055, 37.705921990181466], [127.19872436501907, 37.70604112285753], [127.19875365000073, 37.70606864343122], [127.19878711017293, 37.70610548200841], [127.19895025764974, 37.706343973895386], [127.19896783279306, 37.70637739732502], [127.19899275542625, 37.70644893731581], [127.19899595982555, 37.706536866200025], [127.19898263286666, 37.70662577779007], [127.19899050052447, 37.70669325595228], [127.19900338022488, 37.706730687524995], [127.19877699865022, 37.7067573566119], [127.19859579029345, 37.7067903376227], [127.19856269287195, 37.70679636633493], [127.19841748668948, 37.70682400724839], [127.19829062783867, 37.706825525403765], [127.19820254993067, 37.70683895257832], [127.19817007045108, 37.70684281783215], [127.19799586424115, 37.70689514799513], [127.1978612589473, 37.70690060680558]]]]}}, {"id": "579", "type": "Feature", "properties": {"pnu": "4136026221104260008", "addr": "\uacbd\uae30\ub3c4 \ub0a8\uc591\uc8fc\uc2dc \uc624\ub0a8\uc74d \uc591\uc9c0\ub9ac 426-8", "jibun": "426-8", "jimok": "\uc784\uc57c", "area_reg": 18435.0, "area_geom": 18525.0, "incl_ratio": 0.7176, "area_incl": 13229.0, "zone": "\uc81c1\uc885\uc77c\ubc18\uc8fc\uac70\uc9c0\uc5ed", "use": "\uc790\uc5f0\ub9bc", "owner": "\uc885\uc911", "price": 89700.0, "price_year": "2025", "included": true, "free": false, "note": ""}, "geometry": {"type": "MultiPolygon", "coordinates": [[[[127.20143841971237, 37.70464711932457], [127.20130567363006, 37.70458316849631], [127.20115670367746, 37.70446968284762], [127.20102584064428, 37.7044015300124], [127.2009805009745, 37.70436655012498], [127.20096058471114, 37.704407559743466], [127.20093691288801, 37.70445626995869], [127.20088412201626, 37.70456489859005], [127.20074724993928, 37.70461998972887], [127.20044442059498, 37.704705543139966], [127.20036339070292, 37.704698886519466], [127.2002131932302, 37.70460088935439], [127.20010409498549, 37.70465712222111], [127.19999103034402, 37.70465908747388], [127.19999394814768, 37.70470716711547], [127.1999068553887, 37.70475729925898], [127.19981122952868, 37.70469898740746], [127.19976412301911, 37.70458377900616], [127.19976689322213, 37.70444875558812], [127.19974117947159, 37.70431436567823], [127.19970405376229, 37.704148578253935], [127.19972891824939, 37.7040918296611], [127.19972966541047, 37.70401469670203], [127.19969364125105, 37.703968708872374], [127.19953189960471, 37.70392513055592], [127.1995353285592, 37.703982182978926], [127.19953480856184, 37.70398279650903], [127.19965380490356, 37.704245732772385], [127.19918108798699, 37.7044785248319], [127.19912083413953, 37.70457907451108], [127.19918170830627, 37.704605370792166], [127.19914894070848, 37.70467544878751], [127.19912711928899, 37.705246535572506], [127.19936444656993, 37.705209837717234], [127.19936462975936, 37.70528729344546], [127.19965077442409, 37.70522459231193], [127.20056047289548, 37.705311976654315], [127.20128380379118, 37.70537934404807], [127.20142506594469, 37.70538778096011], [127.20176450081806, 37.70548713116502], [127.20143841971237, 37.70464711932457]]]]}}, {"id": "580", "type": "Feature", "properties": {"pnu": "4136026221200120002", "addr": "\uacbd\uae30\ub3c4 \ub0a8\uc591\uc8fc\uc2dc \uc624\ub0a8\uc74d \uc591\uc9c0\ub9ac \uc0b0 12-2", "jibun": "\uc0b012-2", "jimok": "\uc784\uc57c", "area_reg": 84.0, "area_geom": 59.6, "incl_ratio": 0.3313, "area_incl": 27.8, "zone": "\uc81c1\uc885\uc77c\ubc18\uc8fc\uac70\uc9c0\uc5ed", "use": "\ub3c4\ub85c\ub4f1", "owner": "\uc885\uc911", "price": 77600.0, "price_year": "2025", "included": true, "free": false, "note": ""}, "geometry": {"type": "MultiPolygon", "coordinates": [[[[127.19899507667391, 37.707913714250296], [127.1993733057895, 37.70781324425115], [127.19924295269628, 37.707831932687775], [127.19914726516717, 37.70784565262548], [127.19905186239944, 37.70787694984484], [127.19899507667391, 37.707913714250296]]]]}}, {"id": "581", "type": "Feature", "properties": {"pnu": "4136026221200100001", "addr": "\uacbd\uae30\ub3c4 \ub0a8\uc591\uc8fc\uc2dc \uc624\ub0a8\uc74d \uc591\uc9c0\ub9ac \uc0b0 10-1", "jibun": "\uc0b010-1", "jimok": "\uc784\uc57c", "area_reg": 40939.0, "area_geom": 40939.0, "incl_ratio": 0.0259, "area_incl": 1060.3, "zone": "\ub18d\ub9bc\uc9c0\uc5ed", "use": null, "owner": null, "price": 21300.0, "price_year": "2025", "included": false, "free": false, "note": ""}, "geometry": {"type": "MultiPolygon", "coordinates": [[[[127.20392630582667, 37.71283618132284], [127.20373539875924, 37.71269771526839], [127.20252726456894, 37.71221029584176], [127.20241144693438, 37.712083114819755], [127.20178417625006, 37.712778582382235], [127.20175866172853, 37.71286819962069], [127.20169123959914, 37.712944409571406], [127.20161421526859, 37.71297145211776], [127.20150135715093, 37.71296632788788], [127.20141918616183, 37.71301111902932], [127.20126932970506, 37.713038501032], [127.20117997695276, 37.71306964554847], [127.201072705711, 37.713088332953326], [127.20103977377156, 37.71312321096484], [127.20089390176683, 37.71313517925295], [127.20083625797407, 37.71314489900827], [127.20068202349474, 37.71318928886734], [127.20065933500469, 37.713242087675646], [127.20061187284374, 37.71328049485806], [127.20063357878139, 37.71344538878641], [127.20061619490984, 37.71353946983309], [127.20066910610552, 37.71356229200958], [127.2006741063191, 37.71357029313936], [127.20093020201054, 37.71359543870101], [127.20097222109234, 37.713794237536455], [127.20104052796258, 37.71393746542876], [127.20106304694772, 37.714024487521776], [127.2012345871871, 37.71424536585866], [127.20130720559291, 37.71427487555922], [127.20130806753075, 37.71427487409879], [127.20135228783806, 37.71422435416456], [127.20150032739923, 37.714321848813846], [127.20153163818631, 37.71444321868274], [127.20136504746696, 37.71445262791926], [127.20119552498495, 37.714464159151575], [127.2010771904832, 37.71442236553133], [127.20095132669647, 37.71444874248638], [127.20084561223032, 37.714448146410646], [127.20085838596182, 37.71450866962596], [127.20084818335508, 37.71456543862246], [127.2007822046398, 37.71458441633486], [127.2006980860395, 37.71456340381465], [127.20094199433758, 37.714834434101405], [127.20136094546181, 37.71490159443647], [127.20253620180571, 37.714179554973995], [127.20243123433085, 37.713711989152166], [127.20376777983431, 37.71315338565921], [127.20377296853789, 37.7131429976472], [127.20392630582667, 37.71283618132284]], [[127.20236051982471, 37.71267760404398], [127.20230542757889, 37.71266603037612], [127.20227215842901, 37.712634481181425], [127.20244570506279, 37.71251042907376], [127.20258661583105, 37.71248869185917], [127.20256365493641, 37.71258700823949], [127.20236051982471, 37.71267760404398]]]]}}, {"id": "582", "type": "Feature", "properties": {"pnu": "4136026221200120003", "addr": "\uacbd\uae30\ub3c4 \ub0a8\uc591\uc8fc\uc2dc \uc624\ub0a8\uc74d \uc591\uc9c0\ub9ac \uc0b0 12-3", "jibun": "\uc0b012-3", "jimok": "\uad6c\uac70", "area_reg": 925.0, "area_geom": 922.3, "incl_ratio": 0.4586, "area_incl": 424.2, "zone": "\uc81c1\uc885\uc77c\ubc18\uc8fc\uac70\uc9c0\uc5ed", "use": "\ud558\ucc9c\ub4f1", "owner": "\ubc95\uc778", "price": 77600.0, "price_year": "2025", "included": true, "free": false, "note": ""}, "geometry": {"type": "MultiPolygon", "coordinates": [[[[127.19971840243402, 37.70870691792314], [127.19956609056386, 37.708575650912515], [127.19952882831898, 37.70857234387901], [127.1993826587152, 37.708503232923995], [127.19899653072395, 37.708457471475285], [127.19857206321663, 37.70837822088507], [127.19854676323232, 37.708361288972824], [127.19847683479455, 37.70840718384564], [127.1986551598239, 37.70847437717449], [127.19890886209116, 37.70854893110114], [127.19931792229504, 37.70856959852453], [127.19948355673883, 37.708610557754014], [127.19958192992094, 37.70865538677098], [127.19961568843411, 37.70868016066804], [127.19971840243402, 37.70870691792314]]]]}}, {"id": "583", "type": "Feature", "properties": {"pnu": "4136026221200160003", "addr": "\uacbd\uae30\ub3c4 \ub0a8\uc591\uc8fc\uc2dc \uc624\ub0a8\uc74d \uc591\uc9c0\ub9ac \uc0b0 16-3", "jibun": "\uc0b016-3", "jimok": "\uad6c\uac70", "area_reg": 117.0, "area_geom": 129.1, "incl_ratio": 0.0539, "area_incl": 6.3, "zone": "\uc81c1\uc885\uc77c\ubc18\uc8fc\uac70\uc9c0\uc5ed", "use": "\ud558\ucc9c\ub4f1", "owner": "\ubc95\uc778", "price": 38900.0, "price_year": "2025", "included": true, "free": false, "note": ""}, "geometry": {"type": "MultiPolygon", "coordinates": [[[[127.19958797602699, 37.70579652279757], [127.1995805679891, 37.705791138455325], [127.19928912952413, 37.70559508190752], [127.1992170458359, 37.7056438549331], [127.19927491368537, 37.70565228103883], [127.19939286115446, 37.705703420211954], [127.19943170847276, 37.70571911291105], [127.19947514954704, 37.70575651116132], [127.19950952049867, 37.70578608622206], [127.19958797602699, 37.70579652279757]]]]}}, {"id": "584", "type": "Feature", "properties": {"pnu": "4136026221200160012", "addr": "\uacbd\uae30\ub3c4 \ub0a8\uc591\uc8fc\uc2dc \uc624\ub0a8\uc74d \uc591\uc9c0\ub9ac \uc0b0 16-12", "jibun": "\uc0b016-12", "jimok": "\uc784\uc57c", "area_reg": 4816.0, "area_geom": 4268.5, "incl_ratio": 1.0, "area_incl": 4816.0, "zone": "\uc790\uc5f0\ub179\uc9c0\uc9c0\uc5ed", "use": "\uc790\uc5f0\ub9bc", "owner": "\uac1c\uc778", "price": 49100.0, "price_year": "2025", "included": true, "free": false, "note": ""}, "geometry": {"type": "MultiPolygon", "coordinates": [[[[127.20524478948676, 37.706936337475135], [127.20545151686365, 37.70690559958221], [127.2054241134337, 37.7068663468543], [127.20536076115562, 37.70684349978275], [127.20546366791963, 37.70680006649347], [127.20552876713785, 37.706790016235665], [127.20555193809663, 37.70645185277718], [127.20557336012114, 37.706294840471685], [127.20452909883409, 37.70670006824196], [127.20438427322063, 37.70664177273924], [127.20433004777931, 37.706925985503965], [127.20441572676461, 37.7069481189913], [127.20446203155701, 37.70695325589938], [127.2045907482865, 37.70689281376855], [127.20465847261251, 37.70686809175135], [127.20483805110374, 37.706891144294], [127.20491058214476, 37.706899091864315], [127.20499960030293, 37.70687327879165], [127.20516896702024, 37.70690253808418], [127.20524478948676, 37.706936337475135]]]]}}, {"id": "585", "type": "Feature", "properties": {"pnu": "4136026221200120001", "addr": "\uacbd\uae30\ub3c4 \ub0a8\uc591\uc8fc\uc2dc \uc624\ub0a8\uc74d \uc591\uc9c0\ub9ac \uc0b0 12-1", "jibun": "\uc0b012-1", "jimok": "\uad6c\uac70", "area_reg": 1050.0, "area_geom": 1174.8, "incl_ratio": 0.2135, "area_incl": 224.2, "zone": "\uc81c1\uc885\uc77c\ubc18\uc8fc\uac70\uc9c0\uc5ed", "use": "\ud558\ucc9c\ub4f1", "owner": "\ubc95\uc778", "price": 77600.0, "price_year": "2025", "included": true, "free": false, "note": ""}, "geometry": {"type": "MultiPolygon", "coordinates": [[[[127.19854676323232, 37.708361288972824], [127.19846802334207, 37.70830864195773], [127.19848441716304, 37.70823411374542], [127.19859047132769, 37.70814791237188], [127.1996649237951, 37.70777094078377], [127.19966569998714, 37.70774301855937], [127.19947228047306, 37.707790445889565], [127.1993733057895, 37.70781324425115], [127.19899507667391, 37.707913714250296], [127.1989289982057, 37.70795289976347], [127.19888560908413, 37.70794830539265], [127.19883767116026, 37.707943214076955], [127.19880277705188, 37.70797324758214], [127.19875945492073, 37.70798965455763], [127.19849394778883, 37.708090186617355], [127.19836981663941, 37.70819341029157], [127.19836302231163, 37.70831722329175], [127.19841241287573, 37.70834835928417], [127.19847683479455, 37.70840718384564], [127.19854676323232, 37.708361288972824]]]]}}, {"id": "586", "type": "Feature", "properties": {"pnu": "4136026221200160001", "addr": "\uacbd\uae30\ub3c4 \ub0a8\uc591\uc8fc\uc2dc \uc624\ub0a8\uc74d \uc591\uc9c0\ub9ac \uc0b0 16-1", "jibun": "\uc0b016-1", "jimok": "\uad6c\uac70", "area_reg": 348.0, "area_geom": 178.7, "incl_ratio": 1.0, "area_incl": 348.0, "zone": "\uc81c1\uc885\uc77c\ubc18\uc8fc\uac70\uc9c0\uc5ed", "use": "\ud558\ucc9c\ub4f1", "owner": "\ubc95\uc778", "price": 38900.0, "price_year": "2025", "included": true, "free": false, "note": ""}, "geometry": {"type": "MultiPolygon", "coordinates": [[[[127.20030249129206, 37.70658691796618], [127.20027417251603, 37.70651807786692], [127.20015106618428, 37.70632350552863], [127.19994089346052, 37.706057452814974], [127.19999977487845, 37.706160901713474], [127.20003917130826, 37.706242030426054], [127.20003842779661, 37.706260888889936], [127.20003787550226, 37.70627490884603], [127.20007102720488, 37.706297863694715], [127.20017116411474, 37.70636720454742], [127.20016634079806, 37.706442281133086], [127.20022477735596, 37.706489303181854], [127.20023929685318, 37.70655455367647], [127.20030247992786, 37.706586908975645], [127.20030249129206, 37.70658691796618]]]]}}, {"id": "587", "type": "Feature", "properties": {"pnu": "4136026221200160002", "addr": "\uacbd\uae30\ub3c4 \ub0a8\uc591\uc8fc\uc2dc \uc624\ub0a8\uc74d \uc591\uc9c0\ub9ac \uc0b0 16-2", "jibun": "\uc0b016-2", "jimok": "\uad6c\uac70", "area_reg": 49.0, "area_geom": 82.4, "incl_ratio": 1.0, "area_incl": 49.0, "zone": "\uc81c1\uc885\uc77c\ubc18\uc8fc\uac70\uc9c0\uc5ed", "use": "\ud558\ucc9c\ub4f1", "owner": "\ubc95\uc778", "price": 38900.0, "price_year": "2025", "included": true, "free": false, "note": ""}, "geometry": {"type": "MultiPolygon", "coordinates": [[[[127.19994089346052, 37.706057452814974], [127.19982484030373, 37.705968551534085], [127.1998317070705, 37.7060091194834], [127.19983208884973, 37.706033237694264], [127.19983236291415, 37.70605097724876], [127.19989411880312, 37.70607992951991], [127.19991398710152, 37.70610137511743], [127.19994802790987, 37.70610907515589], [127.19999977487845, 37.706160901713474], [127.19994089346052, 37.706057452814974]]]]}}, {"id": "588", "type": "Feature", "properties": {"pnu": "4136026221200250005", "addr": "\uacbd\uae30\ub3c4 \ub0a8\uc591\uc8fc\uc2dc \uc624\ub0a8\uc74d \uc591\uc9c0\ub9ac \uc0b0 25-5", "jibun": "\uc0b025-5", "jimok": "\uc784\uc57c", "area_reg": 363.0, "area_geom": 350.9, "incl_ratio": 1.0, "area_incl": 363.0, "zone": "\ub18d\ub9bc\uc9c0\uc5ed", "use": "\uc790\uc5f0\ub9bc", "owner": "\uac1c\uc778", "price": 10800.0, "price_year": "2025", "included": true, "free": false, "note": ""}, "geometry": {"type": "MultiPolygon", "coordinates": [[[[127.2079735974282, 37.7051208487543], [127.20815176012829, 37.705251879485225], [127.20827405476992, 37.70514326092762], [127.20809343337797, 37.70500887408377], [127.2079735974282, 37.7051208487543]]]]}}, {"id": "589", "type": "Feature", "properties": {"pnu": "4136026221200120004", "addr": "\uacbd\uae30\ub3c4 \ub0a8\uc591\uc8fc\uc2dc \uc624\ub0a8\uc74d \uc591\uc9c0\ub9ac \uc0b0 12-4", "jibun": "\uc0b012-4", "jimok": "\uc784\uc57c", "area_reg": 20466.0, "area_geom": 20478.1, "incl_ratio": 0.8936, "area_incl": 18288.4, "zone": "\uc81c1\uc885\uc77c\ubc18\uc8fc\uac70\uc9c0\uc5ed", "use": "\uc790\uc5f0\ub9bc", "owner": "\uc885\uc911", "price": 117900.0, "price_year": "2025", "included": true, "free": false, "note": ""}, "geometry": {"type": "MultiPolygon", "coordinates": [[[[127.20048610732249, 37.70870655304673], [127.20051568586624, 37.708635398950896], [127.20057054694236, 37.70851935211672], [127.20071233505739, 37.70820939683192], [127.20131420952204, 37.708430799906445], [127.20172796479069, 37.708481020696816], [127.20210757869054, 37.7086253769147], [127.20238381688428, 37.708732959456675], [127.20258137734297, 37.70880767317027], [127.20274528161137, 37.70854759123141], [127.20261768667446, 37.70846240639835], [127.2025212355475, 37.708399205954834], [127.20244233465014, 37.708401394622506], [127.20241224875285, 37.70835528942784], [127.20239851156796, 37.708349636748835], [127.20225930022342, 37.70828378801007], [127.20213910099173, 37.70822833093076], [127.20207201840529, 37.70819737975577], [127.20196588523201, 37.70815171008789], [127.20192286942573, 37.70815109846758], [127.20180819084501, 37.7081494643488], [127.20172125521519, 37.708094626061744], [127.20166487814994, 37.70813111175718], [127.20148297085814, 37.70810309401898], [127.2013065339916, 37.70805129926411], [127.20126430912238, 37.70804113583003], [127.20114226511454, 37.70802469265851], [127.2010746803479, 37.707950026922155], [127.20097125874858, 37.70792561455138], [127.20091230175667, 37.70779498417236], [127.20074860631233, 37.70780864019307], [127.20067159088946, 37.707871063039825], [127.2005227313885, 37.70793248089688], [127.20042080048334, 37.70798204379941], [127.200334974012, 37.70799809958661], [127.20020629070235, 37.70794562802232], [127.20012710323103, 37.70795501433719], [127.19997014816336, 37.70793640336175], [127.19986566242275, 37.7078955221632], [127.1997046837822, 37.70786916929882], [127.19966362990073, 37.70781738772801], [127.1996649237951, 37.70777094078377], [127.19859047132769, 37.70814791237188], [127.19848441716304, 37.70823411374542], [127.19846802334207, 37.70830864195773], [127.19854676323232, 37.708361288972824], [127.19857206321663, 37.70837822088507], [127.19899653072395, 37.708457471475285], [127.1993826587152, 37.708503232923995], [127.19952882831898, 37.70857234387901], [127.19956609056386, 37.708575650912515], [127.20007345323043, 37.70866117324049], [127.2000167155423, 37.708805279060414], [127.20009948408686, 37.708854107167454], [127.20048610732249, 37.70870655304673]]]]}}, {"id": "590", "type": "Feature", "properties": {"pnu": "4136026221200130001", "addr": "\uacbd\uae30\ub3c4 \ub0a8\uc591\uc8fc\uc2dc \uc624\ub0a8\uc74d \uc591\uc9c0\ub9ac \uc0b0 13-1", "jibun": "\uc0b013-1", "jimok": "\ub3c4\ub85c", "area_reg": 1892.0, "area_geom": 1906.6, "incl_ratio": 1.0, "area_incl": 1892.0, "zone": "\uc81c1\uc885\uc77c\ubc18\uc8fc\uac70\uc9c0\uc5ed", "use": "\ub3c4\ub85c\ub4f1", "owner": "\uad70\uc720\uc9c0", "price": 141700.0, "price_year": "2025", "included": true, "free": false, "note": ""}, "geometry": {"type": "MultiPolygon", "coordinates": [[[[127.20287368548132, 37.7097113470319], [127.2030981110835, 37.70959618063251], [127.20275714854398, 37.70941338056274], [127.20252358362907, 37.70941141840414], [127.20230960435663, 37.709409611636715], [127.20222747926094, 37.70942773471608], [127.2020359633684, 37.709441908375936], [127.2021177358242, 37.709570625334194], [127.20217971694798, 37.709484009201326], [127.20222950250442, 37.70955139775227], [127.20228281463821, 37.70957657906911], [127.20243174146061, 37.709644447390794], [127.20246599829635, 37.709660056801496], [127.20255863852827, 37.709693117478615], [127.20260411682214, 37.709664596463504], [127.20270938116894, 37.70969836527527], [127.20272755749112, 37.70967218825312], [127.20287368548132, 37.7097113470319]]]]}}, {"id": "591", "type": "Feature", "properties": {"pnu": "4136026221200250007", "addr": "\uacbd\uae30\ub3c4 \ub0a8\uc591\uc8fc\uc2dc \uc624\ub0a8\uc74d \uc591\uc9c0\ub9ac \uc0b0 25-7", "jibun": "\uc0b025-7", "jimok": "\uc784\uc57c", "area_reg": 4316.0, "area_geom": 4044.0, "incl_ratio": 1.0, "area_incl": 4316.0, "zone": "\ub18d\ub9bc\uc9c0\uc5ed", "use": "\uc790\uc5f0\ub9bc", "owner": "\uac1c\uc778", "price": 11800.0, "price_year": "2025", "included": true, "free": false, "note": ""}, "geometry": {"type": "MultiPolygon", "coordinates": [[[[127.20698543057907, 37.70490158577742], [127.20740904678053, 37.70445971601666], [127.20725763957198, 37.70435799994373], [127.20720407904344, 37.704283214101935], [127.20720476173373, 37.70424711120718], [127.20718558653503, 37.704193906575725], [127.2071820442415, 37.70418825468768], [127.20710831714084, 37.70407073511658], [127.20701136905473, 37.7040815084669], [127.20666491499163, 37.70408939149207], [127.20665658709807, 37.704692656706165], [127.20674540374664, 37.704726549666994], [127.20698543057907, 37.70490158577742]]]]}}, {"id": "592", "type": "Feature", "properties": {"pnu": "4136026221200140001", "addr": "\uacbd\uae30\ub3c4 \ub0a8\uc591\uc8fc\uc2dc \uc624\ub0a8\uc74d \uc591\uc9c0\ub9ac \uc0b0 14-1", "jibun": "\uc0b014-1", "jimok": "\uc784\uc57c", "area_reg": 29656.0, "area_geom": 30401.3, "incl_ratio": 0.9669, "area_incl": 28674.4, "zone": "\ub18d\ub9bc\uc9c0\uc5ed", "use": "\uc790\uc5f0\ub9bc", "owner": "\uc885\uc911", "price": 16800.0, "price_year": "2025", "included": true, "free": false, "note": ""}, "geometry": {"type": "MultiPolygon", "coordinates": [[[[127.20495842943032, 37.71240559997932], [127.20494691305264, 37.71236635580679], [127.2050473039146, 37.71196823545911], [127.20506909599263, 37.71180459165054], [127.20505796833501, 37.71177477090545], [127.20479649567037, 37.71157710880513], [127.20473483352336, 37.7116056225107], [127.20465527473479, 37.711625607850685], [127.20448618744712, 37.711519711306984], [127.20431115990263, 37.71141867192544], [127.20430673143902, 37.71139167762485], [127.2042687676182, 37.71136456079809], [127.2042600449292, 37.711318203134475], [127.20426592628633, 37.711295713948616], [127.20427812686376, 37.71124911308612], [127.20424615459306, 37.711214949412785], [127.20414414078647, 37.71114732714839], [127.20408848146965, 37.711110429160826], [127.20394483430925, 37.71110066612682], [127.20389268832794, 37.71107120398516], [127.20380507449654, 37.711023188735865], [127.20374809720025, 37.71096025496118], [127.20363076829793, 37.710994900014065], [127.20348822765146, 37.71097905301344], [127.20332538127552, 37.710940193911135], [127.20318804798417, 37.710912435888176], [127.2031275832821, 37.71100204114083], [127.2031184699064, 37.711158662444355], [127.2030557530976, 37.71127105690925], [127.20303361513933, 37.71132948627873], [127.20298309066116, 37.71134175365798], [127.2028915870644, 37.71133980170252], [127.20241144693438, 37.712083114819755], [127.20252726456894, 37.71221029584176], [127.20373539875924, 37.71269771526839], [127.20392630582667, 37.71283618132284], [127.20489209009959, 37.7124201839096], [127.20495842943032, 37.71240559997932]]]]}}, {"id": "593", "type": "Feature", "properties": {"pnu": "4136026221200140012", "addr": "\uacbd\uae30\ub3c4 \ub0a8\uc591\uc8fc\uc2dc \uc624\ub0a8\uc74d \uc591\uc9c0\ub9ac \uc0b0 14-12", "jibun": "\uc0b014-12", "jimok": "\uc784\uc57c", "area_reg": 10837.0, "area_geom": 10428.4, "incl_ratio": 1.0, "area_incl": 10837.0, "zone": "\uc81c1\uc885\uc77c\ubc18\uc8fc\uac70\uc9c0\uc5ed", "use": "\uc790\uc5f0\ub9bc", "owner": "\uac1c\uc778", "price": 107300.0, "price_year": "2025", "included": true, "free": false, "note": ""}, "geometry": {"type": "MultiPolygon", "coordinates": [[[[127.20277505647269, 37.70892311680559], [127.2044456581351, 37.709096041007435], [127.20531894334788, 37.7091770002689], [127.20541312082547, 37.708802288206016], [127.20529005475468, 37.708823394320895], [127.205096516558, 37.7088105564979], [127.20494687299286, 37.70875042305141], [127.20491167652139, 37.708722995315775], [127.2046314512058, 37.70873482148483], [127.20447270393689, 37.70867548695559], [127.2043861108965, 37.708651589199114], [127.20429436545577, 37.70861378032562], [127.20415219819748, 37.708658478340936], [127.2040419402328, 37.708643846879795], [127.20392268049403, 37.70860929240535], [127.2036764481762, 37.70851034733608], [127.20349138161058, 37.708472148198446], [127.20344971966816, 37.70848575204912], [127.20330796861286, 37.70849583324789], [127.20317747550799, 37.70849221837056], [127.20298561904586, 37.7085471988736], [127.20277505647269, 37.70892311680559]]]]}}, {"id": "594", "type": "Feature", "properties": {"pnu": "4136026221200140013", "addr": "\uacbd\uae30\ub3c4 \ub0a8\uc591\uc8fc\uc2dc \uc624\ub0a8\uc74d \uc591\uc9c0\ub9ac \uc0b0 14-13", "jibun": "\uc0b014-13", "jimok": "\uc784\uc57c", "area_reg": 8762.0, "area_geom": 9092.0, "incl_ratio": 1.0, "area_incl": 8762.0, "zone": "\uc81c1\uc885\uc77c\ubc18\uc8fc\uac70\uc9c0\uc5ed", "use": "\uc790\uc5f0\ub9bc", "owner": "\uc885\uc911", "price": 118100.0, "price_year": "2025", "included": true, "free": false, "note": ""}, "geometry": {"type": "MultiPolygon", "coordinates": [[[[127.20442360472282, 37.70927636209225], [127.2044456581351, 37.709096041007435], [127.20277505647269, 37.70892311680559], [127.20252358362907, 37.70941141840414], [127.20275714854398, 37.70941338056274], [127.2030981110835, 37.70959618063251], [127.20311236914677, 37.70958887645923], [127.20319988735672, 37.709577284547024], [127.20332183331838, 37.70949790810501], [127.20333782848041, 37.70950807965558], [127.20368738844284, 37.70938587758907], [127.20381336314107, 37.709562358826176], [127.2035970177007, 37.70965826812413], [127.20352860485416, 37.70957662275882], [127.2033771892262, 37.70962840825479], [127.2033679915968, 37.70971189841898], [127.20399023156871, 37.70992090066008], [127.20402493469048, 37.70933346586098], [127.20402918489428, 37.70926168767554], [127.20442360472282, 37.70927636209225]]]]}}, {"id": "595", "type": "Feature", "properties": {"pnu": "4136026221200140036", "addr": "\uacbd\uae30\ub3c4 \ub0a8\uc591\uc8fc\uc2dc \uc624\ub0a8\uc74d \uc591\uc9c0\ub9ac \uc0b0 14-36", "jibun": "\uc0b014-36", "jimok": "\ub3c4\ub85c", "area_reg": 7502.0, "area_geom": 7669.6, "incl_ratio": 1.0, "area_incl": 7502.0, "zone": "\uc0dd\uc0b0\uad00\ub9ac\uc9c0\uc5ed", "use": "\ub3c4\ub85c\ub4f1", "owner": "\uad70\uc720\uc9c0", "price": 67700.0, "price_year": "2025", "included": true, "free": false, "note": ""}, "geometry": {"type": "MultiPolygon", "coordinates": [[[[127.20464648131738, 37.71088448028693], [127.20459450093506, 37.71101549804101], [127.20466383300592, 37.71107568019754], [127.20469094299101, 37.71114826026944], [127.20468423920079, 37.71118515732241], [127.2046732785956, 37.71124552283407], [127.20467049402171, 37.71130977543616], [127.20466797678151, 37.71136809922816], [127.2046961931933, 37.71143050549585], [127.20477370154684, 37.711506935909526], [127.20479649567037, 37.71157710880513], [127.20505796833501, 37.71177477090545], [127.20506909599263, 37.71180459165054], [127.2050473039146, 37.71196823545911], [127.20494691305264, 37.71236635580679], [127.20495842943032, 37.71240559997932], [127.20505496881782, 37.71236157441803], [127.20526453247633, 37.71227597222746], [127.20552548303851, 37.71225287078789], [127.20568804166241, 37.712239120007695], [127.20548747938349, 37.71173155724411], [127.20545518229675, 37.7116784651939], [127.20538679243717, 37.711527978178225], [127.20529538780936, 37.71138418001454], [127.20508537318617, 37.711117415692456], [127.20507623540334, 37.710936058223346], [127.20498206751198, 37.71086786453825], [127.20497773808401, 37.71086472764096], [127.20493614205485, 37.71075346716859], [127.20492113580428, 37.710760898986734], [127.2048256862471, 37.71081290511848], [127.20464648131738, 37.71088448028693]]]]}}, {"id": "596", "type": "Feature", "properties": {"pnu": "4136026221200140037", "addr": "\uacbd\uae30\ub3c4 \ub0a8\uc591\uc8fc\uc2dc \uc624\ub0a8\uc74d \uc591\uc9c0\ub9ac \uc0b0 14-37", "jibun": "\uc0b014-37", "jimok": "\uc784\uc57c", "area_reg": 38416.0, "area_geom": 38236.2, "incl_ratio": 1.0, "area_incl": 38416.0, "zone": "\ub18d\ub9bc\uc9c0\uc5ed", "use": "\uc790\uc5f0\ub9bc", "owner": "\uc885\uc911", "price": 19500.0, "price_year": "2025", "included": true, "free": false, "note": ""}, "geometry": {"type": "MultiPolygon", "coordinates": [[[[127.20508537318617, 37.711117415692456], [127.20529538780936, 37.71138418001454], [127.20538679243717, 37.711527978178225], [127.20545518229675, 37.7116784651939], [127.20548747938349, 37.71173155724411], [127.20568804166241, 37.712239120007695], [127.20615145504965, 37.712180033291226], [127.20661641063762, 37.71187424891886], [127.20720953120556, 37.71158258256074], [127.20771347054792, 37.71177275199432], [127.20812901665789, 37.71165505235622], [127.20894139061154, 37.71168754744647], [127.2098958333054, 37.71127450215089], [127.21007376382109, 37.71126763756935], [127.21039989348269, 37.71119894736176], [127.21040027619352, 37.710640321453575], [127.21023426957058, 37.71064428233407], [127.21023411080036, 37.71064428261511], [127.21023411082564, 37.71064429162471], [127.20951635506206, 37.71066140786039], [127.20836662287167, 37.71068881950591], [127.20823039733975, 37.71069700490328], [127.20811313044098, 37.71070405775129], [127.20800449990745, 37.710680588687886], [127.2077834998796, 37.710630746684], [127.20778363788695, 37.710635530566336], [127.20779780713563, 37.71112409002689], [127.20768479513256, 37.71120174362041], [127.20749910722512, 37.71121264546115], [127.20694331381709, 37.711204434202465], [127.20672092112184, 37.711122815608086], [127.20598799733563, 37.71121429339608], [127.20550775729325, 37.71111104570475], [127.2054094828368, 37.71107576270562], [127.20508537318617, 37.711117415692456]], [[127.20877709231257, 37.71133253187801], [127.20841514695313, 37.71132405875312], [127.20832986705547, 37.7110641628771], [127.20870990580208, 37.711046278282275], [127.20877709231257, 37.71133253187801]]]]}}, {"id": "597", "type": "Feature", "properties": {"pnu": "4136026221200140039", "addr": "\uacbd\uae30\ub3c4 \ub0a8\uc591\uc8fc\uc2dc \uc624\ub0a8\uc74d \uc591\uc9c0\ub9ac \uc0b0 14-39", "jibun": "\uc0b014-39", "jimok": "\ub3c4\ub85c", "area_reg": 3427.0, "area_geom": 3768.7, "incl_ratio": 1.0, "area_incl": 3427.0, "zone": "\uc81c1\uc885\uc77c\ubc18\uc8fc\uac70\uc9c0\uc5ed", "use": "\ub3c4\ub85c\ub4f1", "owner": "\uad70\uc720\uc9c0", "price": 131500.0, "price_year": "2025", "included": true, "free": false, "note": ""}, "geometry": {"type": "MultiPolygon", "coordinates": [[[[127.20494596320745, 37.71036762098562], [127.20486726223254, 37.7103108968307], [127.20483430033252, 37.710275590792264], [127.20470905760155, 37.71017331289108], [127.2046761415142, 37.71014643075168], [127.20465816033202, 37.71014001982972], [127.20461197001734, 37.710123539656685], [127.20423704026645, 37.70996728175134], [127.20404554563957, 37.70993129290286], [127.20399023156871, 37.70992090066008], [127.2033679915968, 37.70971189841898], [127.20345851432444, 37.70985045601784], [127.20330827027797, 37.70987029119472], [127.20319940630635, 37.70981407702537], [127.20315893338962, 37.709793847497465], [127.203017699454, 37.709769672769795], [127.20288433260272, 37.7097568095702], [127.20281505833356, 37.70975474751267], [127.20280467109151, 37.709759234031246], [127.20270826368305, 37.709800987110086], [127.20265923578313, 37.709795962278555], [127.20263430400323, 37.709798302264915], [127.2025414557784, 37.70975127704309], [127.20247201561756, 37.709708770741926], [127.20241199622308, 37.70968181702759], [127.20228646104808, 37.70963768532734], [127.20218305497036, 37.70967052132893], [127.20219791164955, 37.7096959212823], [127.20250781302978, 37.70977830928756], [127.20268132264309, 37.709857145181026], [127.20290412323993, 37.70984945805411], [127.20300550831757, 37.70987023229863], [127.20313279200269, 37.70985202246564], [127.20336307021789, 37.70995878029206], [127.20354737021164, 37.70998479988278], [127.20385764643734, 37.710108132553046], [127.20403791994207, 37.7101462582455], [127.20415969854102, 37.71017200583431], [127.20427792810911, 37.71021459843632], [127.20459994294751, 37.71029592399104], [127.20462753150763, 37.71030712952675], [127.20476668923948, 37.710363650544664], [127.20489495698311, 37.7103526448344], [127.20492004541195, 37.7103619355581], [127.20494596320745, 37.71036762098562]]]]}}, {"id": "598", "type": "Feature", "properties": {"pnu": "4136026221200140050", "addr": "\uacbd\uae30\ub3c4 \ub0a8\uc591\uc8fc\uc2dc \uc624\ub0a8\uc74d \uc591\uc9c0\ub9ac \uc0b0 14-50", "jibun": "\uc0b014-50", "jimok": "\uc784\uc57c", "area_reg": 885.0, "area_geom": 873.7, "incl_ratio": 1.0, "area_incl": 885.0, "zone": "\uc81c1\uc885\uc77c\ubc18\uc8fc\uac70\uc9c0\uc5ed", "use": "\uc790\uc5f0\ub9bc", "owner": "\uac1c\uc778", "price": 88800.0, "price_year": "2025", "included": true, "free": false, "note": ""}, "geometry": {"type": "MultiPolygon", "coordinates": [[[[127.20277505647269, 37.70892311680559], [127.20298561904586, 37.7085471988736], [127.20294409978531, 37.70855909947743], [127.20290549273149, 37.70857015719532], [127.20274528161137, 37.70854759123141], [127.20258137734297, 37.70880767317027], [127.20252774205173, 37.708902014588325], [127.20277505647269, 37.70892311680559]]]]}}, {"id": "599", "type": "Feature", "properties": {"pnu": "4136026221200140051", "addr": "\uacbd\uae30\ub3c4 \ub0a8\uc591\uc8fc\uc2dc \uc624\ub0a8\uc74d \uc591\uc9c0\ub9ac \uc0b0 14-51", "jibun": "\uc0b014-51", "jimok": "\uc784\uc57c", "area_reg": 1323.0, "area_geom": 1337.7, "incl_ratio": 1.0, "area_incl": 1323.0, "zone": "\uc81c1\uc885\uc77c\ubc18\uc8fc\uac70\uc9c0\uc5ed", "use": "\uc790\uc5f0\ub9bc", "owner": "\uac1c\uc778", "price": 87800.0, "price_year": "2025", "included": true, "free": false, "note": ""}, "geometry": {"type": "MultiPolygon", "coordinates": [[[[127.20222747926094, 37.70942773471608], [127.20230960435663, 37.709409611636715], [127.20252358362907, 37.70941141840414], [127.20277505647269, 37.70892311680559], [127.20252774205173, 37.708902014588325], [127.20245469308577, 37.709030499607834], [127.20237260336289, 37.709170820643095], [127.20222747926094, 37.70942773471608]]]]}}, {"id": "600", "type": "Feature", "properties": {"pnu": "4136026221200140059", "addr": "\uacbd\uae30\ub3c4 \ub0a8\uc591\uc8fc\uc2dc \uc624\ub0a8\uc74d \uc591\uc9c0\ub9ac \uc0b0 14-59", "jibun": "\uc0b014-59", "jimok": "\uc784\uc57c", "area_reg": 6528.0, "area_geom": 6121.8, "incl_ratio": 1.0, "area_incl": 6528.0, "zone": "\ub18d\ub9bc\uc9c0\uc5ed", "use": "\uc790\uc5f0\ub9bc", "owner": "\uc885\uc911", "price": 12700.0, "price_year": "2025", "included": true, "free": false, "note": ""}, "geometry": {"type": "MultiPolygon", "coordinates": [[[[127.20647266301835, 37.70756639918149], [127.20648105722931, 37.70764550737334], [127.20652524104159, 37.7080620369527], [127.20741343974069, 37.70799110610392], [127.20779454399153, 37.70774947687308], [127.20786647407132, 37.70770386128288], [127.20745183934636, 37.70741357430037], [127.20706150237189, 37.70747779141343], [127.20654393003254, 37.70755567092924], [127.20647266301835, 37.70756639918149]]]]}}, {"id": "601", "type": "Feature", "properties": {"pnu": "4136026221200140060", "addr": "\uacbd\uae30\ub3c4 \ub0a8\uc591\uc8fc\uc2dc \uc624\ub0a8\uc74d \uc591\uc9c0\ub9ac \uc0b0 14-60", "jibun": "\uc0b014-60", "jimok": "\uc784\uc57c", "area_reg": 5014.0, "area_geom": 4463.3, "incl_ratio": 1.0, "area_incl": 5014.0, "zone": "\ub18d\ub9bc\uc9c0\uc5ed", "use": "\uc790\uc5f0\ub9bc", "owner": "\uc885\uc911", "price": 10800.0, "price_year": "2025", "included": true, "free": false, "note": ""}, "geometry": {"type": "MultiPolygon", "coordinates": [[[[127.20781271340906, 37.70698513809958], [127.2078396708343, 37.707329403894846], [127.20775448846516, 37.70742154147483], [127.20745183934636, 37.70741357430037], [127.20786647407132, 37.70770386128288], [127.20787465875699, 37.707698675418946], [127.20823394369734, 37.70738850145352], [127.20856156040045, 37.707105681240705], [127.20839443110368, 37.70677635634468], [127.20833259780237, 37.706839298140835], [127.20818696656904, 37.70685551857382], [127.20812625980244, 37.70687499571152], [127.20813062361567, 37.70681701994538], [127.20808619621924, 37.70678150964201], [127.2079433275479, 37.706775660289466], [127.20801268283711, 37.70681196489537], [127.20795407457219, 37.70688889283975], [127.20788503205115, 37.70692042134478], [127.20781271340906, 37.70698513809958]]]]}}, {"id": "602", "type": "Feature", "properties": {"pnu": "4136026221200160004", "addr": "\uacbd\uae30\ub3c4 \ub0a8\uc591\uc8fc\uc2dc \uc624\ub0a8\uc74d \uc591\uc9c0\ub9ac \uc0b0 16-4", "jibun": "\uc0b016-4", "jimok": "\uad6c\uac70", "area_reg": 2381.0, "area_geom": 2346.3, "incl_ratio": 1.0, "area_incl": 2381.0, "zone": "\ubcf4\uc804\uad00\ub9ac\uc9c0\uc5ed", "use": "\ud558\ucc9c\ub4f1", "owner": "\uad6d\uc720\uc9c0", "price": 29800.0, "price_year": "2025", "included": true, "free": false, "note": ""}, "geometry": {"type": "MultiPolygon", "coordinates": [[[[127.2064575104531, 37.707524521615404], [127.20647266301835, 37.70756639918149], [127.20706150237189, 37.70747779141343], [127.20745183934636, 37.70741357430037], [127.20775448846516, 37.70742154147483], [127.2078396708343, 37.707329403894846], [127.20781271340906, 37.70698513809958], [127.20780682364128, 37.706954984078735], [127.20787256184641, 37.706872791102555], [127.2079433275479, 37.706775660289466], [127.20808619621924, 37.70678150964201], [127.20815043190392, 37.70674239430252], [127.20822249376505, 37.70676916182729], [127.20830861877208, 37.70674739666402], [127.20837379527447, 37.706769392043654], [127.20859820603204, 37.70672035504297], [127.20919367889255, 37.70659017244639], [127.20930626096033, 37.70660530855289], [127.20949610085827, 37.70671684677112], [127.20969232427495, 37.70678727136646], [127.20976988358127, 37.70685344547915], [127.2098374683415, 37.706872678841336], [127.21011343044762, 37.70696102619669], [127.20990142227421, 37.706834491041725], [127.209277829426, 37.70651124378955], [127.20918605473865, 37.70653605586442], [127.2086996556117, 37.70666748838104], [127.20848483278584, 37.70671025604664], [127.20802819495631, 37.70671340814201], [127.20788694761565, 37.70675647830931], [127.20779041773183, 37.70698485275475], [127.20779544126974, 37.70706253422031], [127.20779857427652, 37.70719050187383], [127.20778332552278, 37.7072532898008], [127.20773703979219, 37.70734932357319], [127.2075520565373, 37.70736960331101], [127.2072368822029, 37.707371856396946], [127.20716438637166, 37.70736459493131], [127.20707625410087, 37.70736209074809], [127.20702852462297, 37.707403807552936], [127.20692612812425, 37.70737322700436], [127.20686909569822, 37.70740122923618], [127.2064575104531, 37.707524521615404]]]]}}, {"id": "603", "type": "Feature", "properties": {"pnu": "4136026221200160014", "addr": "\uacbd\uae30\ub3c4 \ub0a8\uc591\uc8fc\uc2dc \uc624\ub0a8\uc74d \uc591\uc9c0\ub9ac \uc0b0 16-14", "jibun": "\uc0b016-14", "jimok": "\uc784\uc57c", "area_reg": 19200.0, "area_geom": 20834.6, "incl_ratio": 1.0, "area_incl": 19200.0, "zone": "\uc790\uc5f0\ub179\uc9c0\uc9c0\uc5ed", "use": "\uc790\uc5f0\ub9bc", "owner": "\uac1c\uc778", "price": 53600.0, "price_year": "2025", "included": true, "free": false, "note": ""}, "geometry": {"type": "MultiPolygon", "coordinates": [[[[127.20575640562302, 37.705399666441984], [127.20567207951201, 37.7053906766696], [127.20557341155467, 37.70540354205554], [127.20544518245069, 37.70538824924581], [127.20535557397783, 37.705367573846246], [127.20528662094556, 37.7053198337147], [127.2052285783664, 37.70534716118296], [127.20504548671333, 37.70535678430739], [127.2049431688935, 37.70530802039676], [127.20490635917061, 37.70535360969133], [127.20483670006979, 37.70535033317523], [127.20483268255397, 37.70532011270019], [127.20475244432595, 37.70531306130776], [127.2047006653844, 37.70540007571338], [127.20461242490222, 37.70540690387685], [127.2045940317636, 37.70536545508918], [127.20442294961771, 37.70543353825305], [127.20424189887127, 37.70537238575658], [127.20412759811187, 37.70542051357838], [127.20415005377895, 37.70545891920327], [127.20423684784815, 37.70551638678919], [127.20429839663807, 37.70566449884028], [127.20428219084293, 37.70570996240872], [127.20423127101455, 37.70571299611107], [127.20418228051389, 37.705679104899986], [127.20397574040845, 37.705777637920306], [127.20388123841293, 37.705792332707944], [127.20387082190727, 37.70583171377522], [127.20381846913574, 37.706029385378606], [127.20381597238894, 37.706141334647256], [127.20378658046269, 37.70620452474004], [127.2037718153299, 37.706271185485264], [127.20377056740388, 37.70642541492342], [127.20398538744516, 37.70662272714355], [127.20438427322063, 37.70664177273924], [127.20452909883409, 37.70670006824196], [127.20557336012114, 37.706294840471685], [127.20577813738844, 37.706215354129526], [127.20587090000548, 37.70539354874021], [127.20575640562302, 37.705399666441984]]]]}}, {"id": "604", "type": "Feature", "properties": {"pnu": "4136026221200160026", "addr": "\uacbd\uae30\ub3c4 \ub0a8\uc591\uc8fc\uc2dc \uc624\ub0a8\uc74d \uc591\uc9c0\ub9ac \uc0b0 16-26", "jibun": "\uc0b016-26", "jimok": "\uc784\uc57c", "area_reg": 830.0, "area_geom": 807.3, "incl_ratio": 1.0, "area_incl": 830.0, "zone": "\ub18d\ub9bc\uc9c0\uc5ed", "use": "\uc790\uc5f0\ub9bc", "owner": "\ubc95\uc778", "price": 13700.0, "price_year": "2025", "included": true, "free": false, "note": ""}, "geometry": {"type": "MultiPolygon", "coordinates": [[[[127.2072272310856, 37.7070967454132], [127.20703823142901, 37.7070668565843], [127.20706236014925, 37.70709851049416], [127.20705604906593, 37.70712511799544], [127.20690492753413, 37.707116398680846], [127.20688194966748, 37.707074381631536], [127.20691172956637, 37.70704576915892], [127.20674160685127, 37.70702647836552], [127.20676005450878, 37.70705421401502], [127.20680102902381, 37.707264725350726], [127.20679695108205, 37.707389732395534], [127.20678116766845, 37.707427564380225], [127.20686909569822, 37.70740122923618], [127.20683116633941, 37.707373869893935], [127.20685314893282, 37.70727706792894], [127.20690119669028, 37.70721917830984], [127.20702226378302, 37.707251474217635], [127.20723732471464, 37.707252955215786], [127.20726784167044, 37.70719562759926], [127.20720779921677, 37.70717253248655], [127.2072272310856, 37.7070967454132]]]]}}, {"id": "605", "type": "Feature", "properties": {"pnu": "4136026221200180003", "addr": "\uacbd\uae30\ub3c4 \ub0a8\uc591\uc8fc\uc2dc \uc624\ub0a8\uc74d \uc591\uc9c0\ub9ac \uc0b0 18-3", "jibun": "\uc0b018-3", "jimok": "\uad6c\uac70", "area_reg": 13.0, "area_geom": 26.9, "incl_ratio": 1.0, "area_incl": 13.0, "zone": "\uc81c1\uc885\uc77c\ubc18\uc8fc\uac70\uc9c0\uc5ed", "use": "\ud558\ucc9c\ub4f1", "owner": "\ubc95\uc778", "price": 38900.0, "price_year": "2025", "included": true, "free": false, "note": ""}, "geometry": {"type": "MultiPolygon", "coordinates": [[[[127.20154122392513, 37.70343055977282], [127.20156046532458, 37.703429797351504], [127.2015608265766, 37.703323698967814], [127.20152797327745, 37.703352396407645], [127.20152283384013, 37.70335988314329], [127.20154122392513, 37.70343055977282]]]]}}, {"id": "606", "type": "Feature", "properties": {"pnu": "4136026221200250001", "addr": "\uacbd\uae30\ub3c4 \ub0a8\uc591\uc8fc\uc2dc \uc624\ub0a8\uc74d \uc591\uc9c0\ub9ac \uc0b0 25-1", "jibun": "\uc0b025-1", "jimok": "\uc784\uc57c", "area_reg": 35603.0, "area_geom": 35778.6, "incl_ratio": 0.9728, "area_incl": 34634.6, "zone": "\ub18d\ub9bc\uc9c0\uc5ed", "use": "\uc790\uc5f0\ub9bc", "owner": "\ubc95\uc778", "price": 10300.0, "price_year": "2025", "included": true, "free": false, "note": ""}, "geometry": {"type": "MultiPolygon", "coordinates": [[[[127.209689155863, 37.70425947358766], [127.20989407426846, 37.70417321357883], [127.21006584927368, 37.7041043103771], [127.21031611017689, 37.70408925385863], [127.21030891176557, 37.70414669416979], [127.21027585917284, 37.70415986174038], [127.20997898398667, 37.70420869670974], [127.20990472988085, 37.70422856811247], [127.20987816769659, 37.70426347341813], [127.20976339302959, 37.70434296115511], [127.209689155863, 37.70425947358766], [127.20954232035793, 37.70499932653831], [127.20861424808302, 37.704778673792944], [127.20839055747886, 37.70542748247674], [127.20834642634885, 37.705555478999045], [127.2086407117664, 37.705400915356954], [127.20898736997944, 37.70538686355697], [127.21011962936917, 37.7053409529862], [127.21085454396285, 37.705528132670814], [127.21131182011557, 37.70527529289449], [127.21141745729646, 37.70521688450636], [127.21173081864049, 37.70448758016276], [127.2117027756747, 37.703576077919074], [127.21156839159408, 37.70364940372264], [127.20988684206174, 37.703910811028486], [127.20974664272532, 37.70417220364268], [127.209689155863, 37.70425947358766]], [[127.21140704185959, 37.70434226349433], [127.21135965214619, 37.704313895331445], [127.21138469105234, 37.70424974705264], [127.21141611176988, 37.704144512374974], [127.21153341404259, 37.70418592814728], [127.21153075795944, 37.70433373632507], [127.21140704185959, 37.70434226349433]]]]}}, {"id": "607", "type": "Feature", "properties": {"pnu": "4136026221200250003", "addr": "\uacbd\uae30\ub3c4 \ub0a8\uc591\uc8fc\uc2dc \uc624\ub0a8\uc74d \uc591\uc9c0\ub9ac \uc0b0 25-3", "jibun": "\uc0b025-3", "jimok": "\uc784\uc57c", "area_reg": 3868.0, "area_geom": 3732.0, "incl_ratio": 1.0, "area_incl": 3868.0, "zone": "\ub18d\ub9bc\uc9c0\uc5ed", "use": "\uc790\uc5f0\ub9bc", "owner": "\uc885\uc911", "price": 11700.0, "price_year": "2025", "included": true, "free": false, "note": ""}, "geometry": {"type": "MultiPolygon", "coordinates": [[[[127.20665658709807, 37.704692656706165], [127.20666491499163, 37.70408939149207], [127.206668694897, 37.70381506780879], [127.20637166563756, 37.70379179866998], [127.2060143827871, 37.70450532611119], [127.20624875132427, 37.70453704789213], [127.20665658709807, 37.704692656706165]]]]}}, {"id": "608", "type": "Feature", "properties": {"pnu": "4136026221200250004", "addr": "\uacbd\uae30\ub3c4 \ub0a8\uc591\uc8fc\uc2dc \uc624\ub0a8\uc74d \uc591\uc9c0\ub9ac \uc0b0 25-4", "jibun": "\uc0b025-4", "jimok": "\uc784\uc57c", "area_reg": 6645.0, "area_geom": 7419.2, "incl_ratio": 1.0, "area_incl": 6645.0, "zone": "\ub18d\ub9bc\uc9c0\uc5ed", "use": "\uc790\uc5f0\ub9bc", "owner": "\uac1c\uc778", "price": 10500.0, "price_year": "2025", "included": true, "free": false, "note": ""}, "geometry": {"type": "MultiPolygon", "coordinates": [[[[127.20861424808302, 37.704778673792944], [127.20954232035793, 37.70499932653831], [127.209689155863, 37.70425947358766], [127.20974664272532, 37.70417220364268], [127.20988684206174, 37.703910811028486], [127.2090546261815, 37.704040125664065], [127.20910662326888, 37.7045336643374], [127.20912420994412, 37.704557545010374], [127.20913251085388, 37.704602317407776], [127.2089933439908, 37.70473919380856], [127.20896604893537, 37.70472293434747], [127.2083583578596, 37.70454812427985], [127.2083128018113, 37.70464878800422], [127.20827258366742, 37.70464628176323], [127.20831365997198, 37.70454541868814], [127.20808821808926, 37.70448620591684], [127.20806822046193, 37.70454553350881], [127.20800651768192, 37.70451188237843], [127.20807163166859, 37.70445487234886], [127.20784296347624, 37.70440976487436], [127.20790814075481, 37.70448599866668], [127.20787839770222, 37.70451921527287], [127.20776915124527, 37.704523911227966], [127.20745980756989, 37.70449382804326], [127.20780771478417, 37.704584100369416], [127.20795120332748, 37.704618716647786], [127.20861424808302, 37.704778673792944]], [[127.20939793497487, 37.704343605964944], [127.20946555392794, 37.70437593052498], [127.2093879964916, 37.70450838311017], [127.20934368150404, 37.70450473121982], [127.20939793497487, 37.704343605964944]]]]}}, {"id": "609", "type": "Feature", "properties": {"pnu": "4136026221200250006", "addr": "\uacbd\uae30\ub3c4 \ub0a8\uc591\uc8fc\uc2dc \uc624\ub0a8\uc74d \uc591\uc9c0\ub9ac \uc0b0 25-6", "jibun": "\uc0b025-6", "jimok": "\uc784\uc57c", "area_reg": 3273.0, "area_geom": 4016.4, "incl_ratio": 1.0, "area_incl": 3273.0, "zone": "\ub18d\ub9bc\uc9c0\uc5ed", "use": "\uc790\uc5f0\ub9bc", "owner": "\uc885\uc911", "price": 12100.0, "price_year": "2025", "included": true, "free": false, "note": ""}, "geometry": {"type": "MultiPolygon", "coordinates": [[[[127.206668694897, 37.70381506780879], [127.20667121726007, 37.70363169882021], [127.20662329784531, 37.70359958165066], [127.20651734013224, 37.703525661439215], [127.20644888261434, 37.70350515731317], [127.20629468739159, 37.703542977439774], [127.20621268217609, 37.70348652112752], [127.20592513396717, 37.70344659356028], [127.20592134797022, 37.70345538454178], [127.2059000974929, 37.7034554213742], [127.20593619949818, 37.70449474918218], [127.2060143827871, 37.70450532611119], [127.20637166563756, 37.70379179866998], [127.206668694897, 37.70381506780879]]]]}}, {"id": "610", "type": "Feature", "properties": {"pnu": "4136026221200250008", "addr": "\uacbd\uae30\ub3c4 \ub0a8\uc591\uc8fc\uc2dc \uc624\ub0a8\uc74d \uc591\uc9c0\ub9ac \uc0b0 25-8", "jibun": "\uc0b025-8", "jimok": "\uc784\uc57c", "area_reg": 915.0, "area_geom": 887.8, "incl_ratio": 1.0, "area_incl": 915.0, "zone": "\ub18d\ub9bc\uc9c0\uc5ed", "use": "\uc790\uc5f0\ub9bc", "owner": "\uc885\uc911", "price": 12100.0, "price_year": "2025", "included": true, "free": false, "note": ""}, "geometry": {"type": "MultiPolygon", "coordinates": [[[[127.20666491499163, 37.70408939149207], [127.20701136905473, 37.7040815084669], [127.20710831714084, 37.70407073511658], [127.20704422597626, 37.70405477360443], [127.20699396651897, 37.70405421249413], [127.2069663918617, 37.704051440514895], [127.20688668852644, 37.704020000491674], [127.20693574221413, 37.70399044445632], [127.20701658364091, 37.704027486471475], [127.2070388990697, 37.704027033137315], [127.20702457213055, 37.703988325579544], [127.20694204359872, 37.703931636440835], [127.20667121726007, 37.70363169882021], [127.206668694897, 37.70381506780879], [127.20666491499163, 37.70408939149207]]]]}}, {"id": "611", "type": "Feature", "properties": {"pnu": "4136026221200250009", "addr": "\uacbd\uae30\ub3c4 \ub0a8\uc591\uc8fc\uc2dc \uc624\ub0a8\uc74d \uc591\uc9c0\ub9ac \uc0b0 25-9", "jibun": "\uc0b025-9", "jimok": "\uc784\uc57c", "area_reg": 3563.0, "area_geom": 3612.4, "incl_ratio": 1.0, "area_incl": 3563.0, "zone": "\ub18d\ub9bc\uc9c0\uc5ed", "use": "\uc790\uc5f0\ub9bc", "owner": "\uac1c\uc778", "price": 11700.0, "price_year": "2025", "included": true, "free": false, "note": ""}, "geometry": {"type": "MultiPolygon", "coordinates": [[[[127.2075485735641, 37.70531239863637], [127.20780771478417, 37.704584100369416], [127.20745980756989, 37.70449382804326], [127.20740904678053, 37.70445971601666], [127.20698543057907, 37.70490158577742], [127.2075485735641, 37.70531239863637]]]]}}, {"id": "612", "type": "Feature", "properties": {"pnu": "4136026221200250010", "addr": "\uacbd\uae30\ub3c4 \ub0a8\uc591\uc8fc\uc2dc \uc624\ub0a8\uc74d \uc591\uc9c0\ub9ac \uc0b0 25-10", "jibun": "\uc0b025-10", "jimok": "\uc784\uc57c", "area_reg": 3206.0, "area_geom": 3281.6, "incl_ratio": 1.0, "area_incl": 3206.0, "zone": "\ub18d\ub9bc\uc9c0\uc5ed", "use": "\uc790\uc5f0\ub9bc", "owner": "\uac1c\uc778", "price": 11900.0, "price_year": "2025", "included": true, "free": false, "note": ""}, "geometry": {"type": "MultiPolygon", "coordinates": [[[[127.20834642634885, 37.705555478999045], [127.20839055747886, 37.70542748247674], [127.20792270204325, 37.70508342163482], [127.20785392174515, 37.704938946004695], [127.20793882257827, 37.704762703651134], [127.20790623312591, 37.70468958424891], [127.20795120332748, 37.704618716647786], [127.20780771478417, 37.704584100369416], [127.2075485735641, 37.70531239863637], [127.2077629128108, 37.70546880100088], [127.20834642634885, 37.705555478999045]]]]}}, {"id": "613", "type": "Feature", "properties": {"pnu": "4136026221200250011", "addr": "\uacbd\uae30\ub3c4 \ub0a8\uc591\uc8fc\uc2dc \uc624\ub0a8\uc74d \uc591\uc9c0\ub9ac \uc0b0 25-11", "jibun": "\uc0b025-11", "jimok": "\uc784\uc57c", "area_reg": 3306.0, "area_geom": 3196.3, "incl_ratio": 1.0, "area_incl": 3306.0, "zone": "\ub18d\ub9bc\uc9c0\uc5ed", "use": "\uc790\uc5f0\ub9bc", "owner": "\uac1c\uc778", "price": 11700.0, "price_year": "2025", "included": true, "free": false, "note": ""}, "geometry": {"type": "MultiPolygon", "coordinates": [[[[127.20815176012829, 37.705251879485225], [127.20839055747886, 37.70542748247674], [127.20861424808302, 37.704778673792944], [127.20795120332748, 37.704618716647786], [127.20790623312591, 37.70468958424891], [127.20793882257827, 37.704762703651134], [127.20785392174515, 37.704938946004695], [127.20792270204325, 37.70508342163482], [127.2079735974282, 37.7051208487543], [127.20809343337797, 37.70500887408377], [127.20827405476992, 37.70514326092762], [127.20815176012829, 37.705251879485225]]]]}}, {"id": "614", "type": "Feature", "properties": {"pnu": "4136026221100070068", "addr": "\uacbd\uae30\ub3c4 \ub0a8\uc591\uc8fc\uc2dc \uc624\ub0a8\uc74d \uc591\uc9c0\ub9ac 7-68", "jibun": "7-68", "jimok": "\ub3c4\ub85c", "area_reg": 92.0, "area_geom": 91.9, "incl_ratio": 1.0, "area_incl": 92.0, "zone": "\uacc4\ud68d\uad00\ub9ac\uc9c0\uc5ed", "use": null, "owner": "\uac1c\uc778", "price": null, "price_year": "", "included": true, "free": false, "note": ""}, "geometry": {"type": "MultiPolygon", "coordinates": [[[[127.20865328917417, 37.70882849018773], [127.20865843730506, 37.708848698803195], [127.20909949860062, 37.7088143081828], [127.20909439580416, 37.7087738007611], [127.20908788868452, 37.70878276780958], [127.20907862274441, 37.70879063152665], [127.20907216111799, 37.70879558018942], [127.20865328917417, 37.70882849018773]]]]}}, {"id": "615", "type": "Feature", "properties": {"pnu": "4136026221100070067", "addr": "\uacbd\uae30\ub3c4 \ub0a8\uc591\uc8fc\uc2dc \uc624\ub0a8\uc74d \uc591\uc9c0\ub9ac 7-67", "jibun": "7-67", "jimok": "\ucc3d\uace0\uc6a9\uc9c0", "area_reg": 147.0, "area_geom": 147.5, "incl_ratio": 1.0, "area_incl": 147.0, "zone": "\uc81c1\uc885\uc77c\ubc18\uc8fc\uac70\uc9c0\uc5ed", "use": "\uacf5\uc5c5\uc6a9", "owner": "\uc2dc  \ub3c4\uc720\uc9c0", "price": 0.0, "price_year": "2025", "included": true, "free": false, "note": ""}, "geometry": {"type": "MultiPolygon", "coordinates": [[[[127.20750628249472, 37.710465660952266], [127.20760144752349, 37.7104878476113], [127.20768216716445, 37.71049053554004], [127.20792591620086, 37.710507632889545], [127.20792581585071, 37.71047145031313], [127.20768511818036, 37.71045456385975], [127.20760888991987, 37.71045202124726], [127.20751904718817, 37.7104310776374], [127.20750628249472, 37.710465660952266]]]]}}, {"id": "616", "type": "Feature", "properties": {"pnu": "4136026221100190004", "addr": "\uacbd\uae30\ub3c4 \ub0a8\uc591\uc8fc\uc2dc \uc624\ub0a8\uc74d \uc591\uc9c0\ub9ac 19-4", "jibun": "19-4", "jimok": "\ub2f5", "area_reg": 335.0, "area_geom": 337.0, "incl_ratio": 1.0, "area_incl": 335.0, "zone": "\ubcf4\uc804\uad00\ub9ac\uc9c0\uc5ed", "use": "\uc804", "owner": "\uac1c\uc778", "price": 0.0, "price_year": "2025", "included": true, "free": false, "note": ""}, "geometry": {"type": "MultiPolygon", "coordinates": [[[[127.20683875162023, 37.70734048492698], [127.206862059914, 37.70735838256261], [127.20689464204709, 37.70737125467425], [127.20691364827519, 37.707371221570426], [127.20703398158591, 37.70734302792391], [127.20720586084803, 37.70731645608885], [127.20716929315674, 37.70725248825378], [127.20702226378302, 37.707251474217635], [127.20690119669028, 37.70721917830984], [127.20685314893282, 37.70727706792894], [127.20683875162023, 37.70734048492698]]]]}}, {"id": "617", "type": "Feature", "properties": {"pnu": "4136026221100190005", "addr": "\uacbd\uae30\ub3c4 \ub0a8\uc591\uc8fc\uc2dc \uc624\ub0a8\uc74d \uc591\uc9c0\ub9ac 19-5", "jibun": "19-5", "jimok": "\ub2f5", "area_reg": 202.0, "area_geom": 203.2, "incl_ratio": 1.0, "area_incl": 202.0, "zone": "\ubcf4\uc804\uad00\ub9ac\uc9c0\uc5ed", "use": "\uc804", "owner": "\ubc95\uc778", "price": 0.0, "price_year": "2025", "included": true, "free": false, "note": ""}, "geometry": {"type": "MultiPolygon", "coordinates": [[[[127.20716929315674, 37.70725248825378], [127.20720586084803, 37.70731645608885], [127.20703398158591, 37.70734302792391], [127.20691364827519, 37.707371221570426], [127.20689464204709, 37.70737125467425], [127.206862059914, 37.70735838256261], [127.20683875162023, 37.70734048492698], [127.20683116633941, 37.707373869893935], [127.20686909569822, 37.70740122923618], [127.20692612812425, 37.70737322700436], [127.20702852462297, 37.707403807552936], [127.20707625410087, 37.70736209074809], [127.20716438637166, 37.70736459493131], [127.2072368822029, 37.707371856396946], [127.20729258254696, 37.70731739495697], [127.20723732471464, 37.707252955215786], [127.20716929315674, 37.70725248825378]]]]}}, {"id": "618", "type": "Feature", "properties": {"pnu": "4136026221100190006", "addr": "\uacbd\uae30\ub3c4 \ub0a8\uc591\uc8fc\uc2dc \uc624\ub0a8\uc74d \uc591\uc9c0\ub9ac 19-6", "jibun": "19-6", "jimok": "\uc784\uc57c", "area_reg": 990.0, "area_geom": 1162.6, "incl_ratio": 1.0, "area_incl": 990.0, "zone": "\ub18d\ub9bc\uc9c0\uc5ed", "use": "\uc790\uc5f0\ub9bc", "owner": "\ubc95\uc778", "price": 14000.0, "price_year": "2026", "included": true, "free": false, "note": ""}, "geometry": {"type": "MultiPolygon", "coordinates": [[[[127.20778120604265, 37.70696315559972], [127.20747670826658, 37.7070528023205], [127.20757435226177, 37.7071076987459], [127.2076425583042, 37.70715893457315], [127.20735984128912, 37.70725162421739], [127.2072368822029, 37.707371856396946], [127.2075520565373, 37.70736960331101], [127.20773703979219, 37.70734932357319], [127.20778332552278, 37.7072532898008], [127.20779857427652, 37.70719050187383], [127.20779544126974, 37.70706253422031], [127.20779041773183, 37.70698485275475], [127.2078022023462, 37.70695697428716], [127.20778120604265, 37.70696315559972]]]]}}, {"id": "619", "type": "Feature", "properties": {"pnu": "4136026221101950011", "addr": "\uacbd\uae30\ub3c4 \ub0a8\uc591\uc8fc\uc2dc \uc624\ub0a8\uc74d \uc591\uc9c0\ub9ac 195-11", "jibun": "195-11", "jimok": "\uc784\uc57c", "area_reg": 1.0, "area_geom": 1.2, "incl_ratio": 1.0, "area_incl": 1.0, "zone": "\uc81c1\uc885\uc77c\ubc18\uc8fc\uac70\uc9c0\uc5ed", "use": "\uc790\uc5f0\ub9bc", "owner": "\uac1c\uc778", "price": 0.0, "price_year": "2025", "included": true, "free": false, "note": ""}, "geometry": {"type": "MultiPolygon", "coordinates": [[[[127.20062660845818, 37.706558675459746], [127.20061778392014, 37.70652829177848], [127.20061370505545, 37.7065423537294], [127.20062660845818, 37.706558675459746]]]]}}, {"id": "620", "type": "Feature", "properties": {"pnu": "4136026221101950008", "addr": "\uacbd\uae30\ub3c4 \ub0a8\uc591\uc8fc\uc2dc \uc624\ub0a8\uc74d \uc591\uc9c0\ub9ac 195-8", "jibun": "195-8", "jimok": "\uc784\uc57c", "area_reg": 61.0, "area_geom": 61.3, "incl_ratio": 1.0, "area_incl": 61.0, "zone": "\uc81c1\uc885\uc77c\ubc18\uc8fc\uac70\uc9c0\uc5ed", "use": "\uc790\uc5f0\ub9bc", "owner": "\ubc95\uc778", "price": 0.0, "price_year": "2025", "included": true, "free": false, "note": ""}, "geometry": {"type": "MultiPolygon", "coordinates": [[[[127.20068171230221, 37.70675013670794], [127.20068259302427, 37.70674871169474], [127.20072959684893, 37.70668891629611], [127.20062660843406, 37.70655866645016], [127.20068171230221, 37.70675013670794]]]]}}, {"id": "621", "type": "Feature", "properties": {"pnu": "4136026221101950009", "addr": "\uacbd\uae30\ub3c4 \ub0a8\uc591\uc8fc\uc2dc \uc624\ub0a8\uc74d \uc591\uc9c0\ub9ac 195-9", "jibun": "195-9", "jimok": "\uc784\uc57c", "area_reg": 2329.0, "area_geom": 2329.0, "incl_ratio": 1.0, "area_incl": 2329.0, "zone": "\uc81c1\uc885\uc77c\ubc18\uc8fc\uac70\uc9c0\uc5ed", "use": "\uc790\uc5f0\ub9bc", "owner": "\ubc95\uc778", "price": 0.0, "price_year": "2025", "included": true, "free": false, "note": ""}, "geometry": {"type": "MultiPolygon", "coordinates": [[[[127.20045715684905, 37.705957837142], [127.20061778392014, 37.70652829177848], [127.20062450334275, 37.706505116606166], [127.20096013541058, 37.70633912311852], [127.20098052698573, 37.706191762718824], [127.20105138944461, 37.70604300151198], [127.20093181253009, 37.70599380383445], [127.20072687975029, 37.70584316637193], [127.20066466286137, 37.705828450573435], [127.20060575422755, 37.70593130518771], [127.20045715684905, 37.705957837142]]]]}}, {"id": "622", "type": "Feature", "properties": {"pnu": "4136026221101950010", "addr": "\uacbd\uae30\ub3c4 \ub0a8\uc591\uc8fc\uc2dc \uc624\ub0a8\uc74d \uc591\uc9c0\ub9ac 195-10", "jibun": "195-10", "jimok": "\uc784\uc57c", "area_reg": 172.0, "area_geom": 171.5, "incl_ratio": 1.0, "area_incl": 172.0, "zone": "\uc81c1\uc885\uc77c\ubc18\uc8fc\uac70\uc9c0\uc5ed", "use": "\uc790\uc5f0\ub9bc", "owner": "\uac1c\uc778", "price": 0.0, "price_year": "2025", "included": true, "free": false, "note": ""}, "geometry": {"type": "MultiPolygon", "coordinates": [[[[127.20054186737113, 37.70586884095924], [127.20043731655112, 37.705887505186766], [127.20045715684905, 37.705957837142], [127.20060575422755, 37.70593130518771], [127.20066466286137, 37.705828450573435], [127.20057689205653, 37.70580769636236], [127.20054186737113, 37.70586884095924]]]]}}, {"id": "623", "type": "Feature", "properties": {"pnu": "4136026221100070058", "addr": "\uacbd\uae30\ub3c4 \ub0a8\uc591\uc8fc\uc2dc \uc624\ub0a8\uc74d \uc591\uc9c0\ub9ac 7-58", "jibun": "7-58", "jimok": "\uc784\uc57c", "area_reg": 85.0, "area_geom": 84.6, "incl_ratio": 1.0, "area_incl": 85.0, "zone": "\ub18d\ub9bc\uc9c0\uc5ed", "use": "\uacf5\uc5c5\ub098\uc9c0", "owner": "\uac1c\uc778", "price": 260300.0, "price_year": "2025", "included": true, "free": false, "note": ""}, "geometry": {"type": "MultiPolygon", "coordinates": [[[[127.20979342130931, 37.708063571599574], [127.21002626239795, 37.70813245335374], [127.20999096071088, 37.708047779985094], [127.20979342130931, 37.708063571599574]]]]}}, {"id": "624", "type": "Feature", "properties": {"pnu": "4136025328100930000", "addr": "\uacbd\uae30\ub3c4 \ub0a8\uc591\uc8fc\uc2dc \uc9c4\uc811\uc74d \uae08\uace1\ub9ac 93", "jibun": "93", "jimok": "\uc804", "area_reg": 691.0, "area_geom": 666.4, "incl_ratio": 1.0, "area_incl": 691.0, "zone": "\uacc4\ud68d\uad00\ub9ac\uc9c0\uc5ed", "use": "\uc804", "owner": "\uac1c\uc778", "price": 311900.0, "price_year": "2025", "included": true, "free": false, "note": ""}, "geometry": {"type": "MultiPolygon", "coordinates": [[[[127.21482214998635, 37.7116771281443], [127.21475953423547, 37.711692116323285], [127.21460917089098, 37.711733895589866], [127.21434572560473, 37.711838739125696], [127.2141862240002, 37.7119450974716], [127.21422180578, 37.71198656776134], [127.21458104279327, 37.711871649854416], [127.21475326654993, 37.71182011869578], [127.21483804780893, 37.71170802049181], [127.21482214998635, 37.7116771281443]]]]}}, {"id": "625", "type": "Feature", "properties": {"pnu": "4136025328100950000", "addr": "\uacbd\uae30\ub3c4 \ub0a8\uc591\uc8fc\uc2dc \uc9c4\uc811\uc74d \uae08\uace1\ub9ac 95", "jibun": "95", "jimok": "\ub300", "area_reg": 2301.0, "area_geom": 2287.9, "incl_ratio": 0.1523, "area_incl": 350.4, "zone": "\uacc4\ud68d\uad00\ub9ac\uc9c0\uc5ed", "use": "\uc8fc\uc0c1\uae30\ud0c0", "owner": "\ubc95\uc778", "price": 754600.0, "price_year": "2025", "included": true, "free": false, "note": ""}, "geometry": {"type": "MultiPolygon", "coordinates": [[[[127.21362781151798, 37.71208650961026], [127.21371514526199, 37.71218080059882], [127.21342157844386, 37.712354439864995], [127.21332444710877, 37.71241187968677], [127.21337242941841, 37.712463076391096], [127.2132649701801, 37.71252590446719], [127.21319625788634, 37.71250312531912], [127.2131079592188, 37.71238846487351], [127.2130293275809, 37.71233912497136], [127.21304527302378, 37.7124388511659], [127.21302596524222, 37.712584625827425], [127.21304341459476, 37.71263887764027], [127.21307805887625, 37.712725677477785], [127.21309518132774, 37.71271678126483], [127.21323441079927, 37.71263921058378], [127.21349521121367, 37.7125837381421], [127.21365760297081, 37.712559462420046], [127.21370373014925, 37.71255256813206], [127.21380339615465, 37.71244942651401], [127.21382133318647, 37.712420013765865], [127.21389636604697, 37.71229697807008], [127.21395072353273, 37.71219762088519], [127.21397396901078, 37.712156630163605], [127.21371265743925, 37.71211571038318], [127.21362781151798, 37.71208650961026]]]]}}, {"id": "626", "type": "Feature", "properties": {"pnu": "4136025328100960000", "addr": "\uacbd\uae30\ub3c4 \ub0a8\uc591\uc8fc\uc2dc \uc9c4\uc811\uc74d \uae08\uace1\ub9ac 96", "jibun": "96", "jimok": "\uacf5\uc7a5\uc6a9\uc9c0", "area_reg": 1848.0, "area_geom": 1836.6, "incl_ratio": 1.0, "area_incl": 1848.0, "zone": "\uacc4\ud68d\uad00\ub9ac\uc9c0\uc5ed", "use": "\uacf5\uc5c5\uc6a9", "owner": "\ubc95\uc778", "price": 554900.0, "price_year": "2025", "included": true, "free": false, "note": ""}, "geometry": {"type": "MultiPolygon", "coordinates": [[[[127.2132521916161, 37.71183731115612], [127.2132845311522, 37.71181964823199], [127.21322629914806, 37.711769172641134], [127.21313604655441, 37.71168895958925], [127.21306286643683, 37.71160223790342], [127.21307342408645, 37.71149425636152], [127.21303462226597, 37.71143679036338], [127.213108677594, 37.71132482975792], [127.21305646649928, 37.71126181986414], [127.2129895936479, 37.71123539739168], [127.21290917447693, 37.71124701086984], [127.21285203979492, 37.71130714456404], [127.21281339509495, 37.71146869372757], [127.2127673072797, 37.71143331433245], [127.21271247361257, 37.71135724499692], [127.21268851008473, 37.71148506273264], [127.21277679065768, 37.71161393175782], [127.21290117309735, 37.71180385744413], [127.2128679248043, 37.711956801735234], [127.21300288463353, 37.71186975181385], [127.21314394754394, 37.711815296695214], [127.2132521916161, 37.71183731115612]]]]}}, {"id": "627", "type": "Feature", "properties": {"pnu": "4136025328100970000", "addr": "\uacbd\uae30\ub3c4 \ub0a8\uc591\uc8fc\uc2dc \uc9c4\uc811\uc74d \uae08\uace1\ub9ac 97", "jibun": "97", "jimok": "\uacf5\uc7a5\uc6a9\uc9c0", "area_reg": 1719.0, "area_geom": 1690.2, "incl_ratio": 1.0, "area_incl": 1719.0, "zone": "\uacc4\ud68d\uad00\ub9ac\uc9c0\uc5ed", "use": "\uacf5\uc5c5\uc6a9", "owner": "\ubc95\uc778", "price": 554900.0, "price_year": "2025", "included": true, "free": false, "note": ""}, "geometry": {"type": "MultiPolygon", "coordinates": [[[[127.21271247361257, 37.71135724499692], [127.2127673072797, 37.71143331433245], [127.21281339509495, 37.71146869372757], [127.21285203979492, 37.71130714456404], [127.21290917447693, 37.71124701086984], [127.2129895936479, 37.71123539739168], [127.21305646649928, 37.71126181986414], [127.21309916017171, 37.71124021020753], [127.21294867567605, 37.71105173702167], [127.21290452852723, 37.71099681227137], [127.21299566317882, 37.71096078145236], [127.21297408663219, 37.71089470734967], [127.21289081475251, 37.71081218411777], [127.21278788932435, 37.71078953812437], [127.21275812923474, 37.71092474517354], [127.2126523095933, 37.71098927259192], [127.21254502283554, 37.71103240462672], [127.21264117076082, 37.71125636552488], [127.21271247361257, 37.71135724499692]]]]}}, {"id": "628", "type": "Feature", "properties": {"pnu": "4136025328100980000", "addr": "\uacbd\uae30\ub3c4 \ub0a8\uc591\uc8fc\uc2dc \uc9c4\uc811\uc74d \uae08\uace1\ub9ac 98", "jibun": "98", "jimok": "\uacf5\uc7a5\uc6a9\uc9c0", "area_reg": 756.0, "area_geom": 754.7, "incl_ratio": 1.0, "area_incl": 756.0, "zone": "\uacc4\ud68d\uad00\ub9ac\uc9c0\uc5ed", "use": "\uacf5\uc5c5\uc6a9", "owner": "\ubc95\uc778", "price": 554900.0, "price_year": "2025", "included": true, "free": false, "note": ""}, "geometry": {"type": "MultiPolygon", "coordinates": [[[[127.21254502283554, 37.71103240462672], [127.2126523095933, 37.71098927259192], [127.21275812923474, 37.71092474517354], [127.21278788932435, 37.71078953812437], [127.21281887739411, 37.71070741371276], [127.21271618593566, 37.71069921871299], [127.21256049715447, 37.710686379412955], [127.2125633495447, 37.710708438936855], [127.2124792742418, 37.71082634548727], [127.21252239929119, 37.71090491354459], [127.21250222570124, 37.71097353108341], [127.21254502283554, 37.71103240462672]]]]}}, {"id": "629", "type": "Feature", "properties": {"pnu": "4136025328101000000", "addr": "\uacbd\uae30\ub3c4 \ub0a8\uc591\uc8fc\uc2dc \uc9c4\uc811\uc74d \uae08\uace1\ub9ac 100", "jibun": "100", "jimok": "\uacf5\uc7a5\uc6a9\uc9c0", "area_reg": 1907.0, "area_geom": 1921.5, "incl_ratio": 1.0, "area_incl": 1907.0, "zone": "\uacc4\ud68d\uad00\ub9ac\uc9c0\uc5ed", "use": "\uacf5\uc5c5\uc6a9", "owner": "\ubc95\uc778", "price": 554900.0, "price_year": "2025", "included": true, "free": false, "note": ""}, "geometry": {"type": "MultiPolygon", "coordinates": [[[[127.21237110063336, 37.71120086281259], [127.21237494331756, 37.71125223796172], [127.21240544205898, 37.71140141922119], [127.21246217560177, 37.71157170819076], [127.21251929687263, 37.711686659182824], [127.21255244703967, 37.7117508566599], [127.21262505952154, 37.7118735101479], [127.21267540918329, 37.71195594835733], [127.21275692280116, 37.71201398665504], [127.21278132037553, 37.711995103775], [127.21280172388903, 37.71195154161528], [127.2127891708005, 37.711876126337096], [127.21278914776133, 37.71178411986667], [127.21269307541473, 37.71160318004005], [127.21263674109292, 37.711493858751325], [127.21259281067456, 37.711343422228744], [127.2125729846334, 37.71127067778403], [127.21253985518636, 37.71117772147474], [127.21250126433736, 37.71106245802883], [127.21244616300837, 37.71097178440344], [127.21246469280466, 37.71089536745953], [127.21242432083675, 37.71084382340149], [127.21235117423474, 37.71089244413588], [127.21235495453186, 37.710985858417835], [127.21237110063336, 37.71120086281259]]]]}}, {"id": "630", "type": "Feature", "properties": {"pnu": "4136025328120560000", "addr": "\uacbd\uae30\ub3c4 \ub0a8\uc591\uc8fc\uc2dc \uc9c4\uc811\uc74d \uae08\uace1\ub9ac 2056", "jibun": "2056", "jimok": "\uacf5\uc7a5\uc6a9\uc9c0", "area_reg": 2066.1, "area_geom": 2066.1, "incl_ratio": 1.0, "area_incl": 2066.1, "zone": "\uc77c\ubc18\uacf5\uc5c5\uc9c0\uc5ed", "use": "\uacf5\uc5c5\uc6a9", "owner": "\ubc95\uc778", "price": 502400.0, "price_year": "2025", "included": true, "free": false, "note": ""}, "geometry": {"type": "MultiPolygon", "coordinates": [[[[127.21138897572726, 37.70889445981558], [127.2121032991756, 37.70900914051361], [127.2121876431291, 37.70867815546011], [127.21173086759823, 37.70860464100765], [127.21169909364045, 37.7086374927789], [127.21152721679061, 37.708733751800885], [127.21146814755186, 37.70877917553377], [127.21140240211167, 37.708829836717825], [127.211400264612, 37.7088761501308], [127.21138897572726, 37.70889445981558]]]]}}, {"id": "631", "type": "Feature", "properties": {"pnu": "4136025328120820000", "addr": "\uacbd\uae30\ub3c4 \ub0a8\uc591\uc8fc\uc2dc \uc9c4\uc811\uc74d \uae08\uace1\ub9ac 2082", "jibun": "2082", "jimok": "\uacf5\uc7a5\uc6a9\uc9c0", "area_reg": 1855.3, "area_geom": 1855.2, "incl_ratio": 1.0, "area_incl": 1855.3, "zone": "\uc77c\ubc18\uacf5\uc5c5\uc9c0\uc5ed", "use": "\uacf5\uc5c5\uc6a9", "owner": "\uac1c\uc778", "price": 544700.0, "price_year": "2025", "included": true, "free": false, "note": ""}, "geometry": {"type": "MultiPolygon", "coordinates": [[[[127.21305966319139, 37.70937412149108], [127.21349420649439, 37.709443886694075], [127.21360086149198, 37.70902483626324], [127.21316632028322, 37.70895498134521], [127.21305966319139, 37.70937412149108]]]]}}, {"id": "632", "type": "Feature", "properties": {"pnu": "4136025328120830000", "addr": "\uacbd\uae30\ub3c4 \ub0a8\uc591\uc8fc\uc2dc \uc9c4\uc811\uc74d \uae08\uace1\ub9ac 2083", "jibun": "2083", "jimok": "\uacf5\uc7a5\uc6a9\uc9c0", "area_reg": 1855.2, "area_geom": 1854.9, "incl_ratio": 1.0, "area_incl": 1855.2, "zone": "\uc77c\ubc18\uacf5\uc5c5\uc9c0\uc5ed", "use": "\uacf5\uc5c5\uc6a9", "owner": "\ubc95\uc778", "price": 544700.0, "price_year": "2025", "included": true, "free": false, "note": ""}, "geometry": {"type": "MultiPolygon", "coordinates": [[[[127.212625234101, 37.7093043544804], [127.21305966319139, 37.70937412149108], [127.21316632028322, 37.70895498134521], [127.21273189354316, 37.70888521471549], [127.212625234101, 37.7093043544804]]]]}}, {"id": "633", "type": "Feature", "properties": {"pnu": "4136025328120750000", "addr": "\uacbd\uae30\ub3c4 \ub0a8\uc591\uc8fc\uc2dc \uc9c4\uc811\uc74d \uae08\uace1\ub9ac 2075", "jibun": "2075", "jimok": "\uacf5\uc7a5\uc6a9\uc9c0", "area_reg": 1562.7, "area_geom": 1562.8, "incl_ratio": 1.0, "area_incl": 1562.7, "zone": "\uc77c\ubc18\uacf5\uc5c5\uc9c0\uc5ed", "use": "\uacf5\uc5c5\uc6a9", "owner": "\ubc95\uc778", "price": 550100.0, "price_year": "2025", "included": true, "free": false, "note": ""}, "geometry": {"type": "MultiPolygon", "coordinates": [[[[127.21212268076663, 37.70952634994602], [127.21219960077296, 37.709617300103496], [127.2125320324805, 37.70967067348941], [127.212625234101, 37.7093043544804], [127.2121963652189, 37.70923547689844], [127.21212268076663, 37.70952634994602]]]]}}, {"id": "634", "type": "Feature", "properties": {"pnu": "4136025328120760000", "addr": "\uacbd\uae30\ub3c4 \ub0a8\uc591\uc8fc\uc2dc \uc9c4\uc811\uc74d \uae08\uace1\ub9ac 2076", "jibun": "2076", "jimok": "\uacf5\uc7a5\uc6a9\uc9c0", "area_reg": 1620.7, "area_geom": 1621.1, "incl_ratio": 1.0, "area_incl": 1620.7, "zone": "\uc77c\ubc18\uacf5\uc5c5\uc9c0\uc5ed", "use": "\uacf5\uc5c5\uc6a9", "owner": "\ubc95\uc778", "price": 550100.0, "price_year": "2025", "included": true, "free": false, "note": ""}, "geometry": {"type": "MultiPolygon", "coordinates": [[[[127.2125320324805, 37.70967067348941], [127.21296657677499, 37.70974035053359], [127.21305966319139, 37.70937412149108], [127.212625234101, 37.7093043544804], [127.2125320324805, 37.70967067348941]]]]}}, {"id": "635", "type": "Feature", "properties": {"pnu": "4136025328120770000", "addr": "\uacbd\uae30\ub3c4 \ub0a8\uc591\uc8fc\uc2dc \uc9c4\uc811\uc74d \uae08\uace1\ub9ac 2077", "jibun": "2077", "jimok": "\uacf5\uc7a5\uc6a9\uc9c0", "area_reg": 1620.8, "area_geom": 1620.9, "incl_ratio": 1.0, "area_incl": 1620.8, "zone": "\uc77c\ubc18\uacf5\uc5c5\uc9c0\uc5ed", "use": "\uacf5\uc5c5\uc6a9", "owner": "\ubc95\uc778", "price": 550100.0, "price_year": "2025", "included": true, "free": false, "note": ""}, "geometry": {"type": "MultiPolygon", "coordinates": [[[[127.21296657677499, 37.70974035053359], [127.2134010087264, 37.709810116272855], [127.21349420649439, 37.709443886694075], [127.21305966319139, 37.70937412149108], [127.21296657677499, 37.70974035053359]]]]}}, {"id": "636", "type": "Feature", "properties": {"pnu": "4136025328120510000", "addr": "\uacbd\uae30\ub3c4 \ub0a8\uc591\uc8fc\uc2dc \uc9c4\uc811\uc74d \uae08\uace1\ub9ac 2051", "jibun": "2051", "jimok": "\uacf5\uc7a5\uc6a9\uc9c0", "area_reg": 3998.6, "area_geom": 3999.0, "incl_ratio": 1.0, "area_incl": 3998.6, "zone": "\uc77c\ubc18\uacf5\uc5c5\uc9c0\uc5ed", "use": "\uacf5\uc5c5\uc6a9", "owner": "\ubc95\uc778", "price": 492300.0, "price_year": "2025", "included": true, "free": false, "note": ""}, "geometry": {"type": "MultiPolygon", "coordinates": [[[[127.21065772448634, 37.71046316788411], [127.2118357698447, 37.7106523474404], [127.21191551731566, 37.71033911987768], [127.21190941550702, 37.71034696915955], [127.21190274564414, 37.710354459068675], [127.21189505359035, 37.71036141022216], [127.21188736051643, 37.710368000991], [127.21187944037278, 37.71037450206793], [127.21187106634562, 37.710380913857506], [127.21186155570189, 37.71038642670915], [127.21185136130528, 37.71039076952527], [127.21184059681772, 37.71039403219945], [127.21182960373312, 37.71039666460496], [127.21181963080068, 37.71039911499704], [127.21180852303486, 37.71040129712264], [127.2117971869272, 37.71040293907548], [127.21178562120521, 37.71040359037524], [127.21177394003983, 37.71040352110785], [127.21176248263406, 37.710402370282424], [127.21175136315877, 37.710400407985], [127.21174024241158, 37.710397995206336], [127.21172923405408, 37.71039522184028], [127.21171856439126, 37.710391907290514], [127.21170800660953, 37.7103880519614], [127.21169812698018, 37.71038338455414], [127.21168858553717, 37.710377995771395], [127.21167994931507, 37.71037188460257], [127.2116723319751, 37.71036514094179], [127.21166482728015, 37.710358126790254], [127.21165811541678, 37.710350750839424], [127.21165196957125, 37.71034301349353], [127.21164673021826, 37.710335004242474], [127.21164194347605, 37.71032663379867], [127.21163794981918, 37.71031799165199], [127.21163565624724, 37.710308986089785], [127.21163426967539, 37.710299888814845], [127.21163379035777, 37.710290789923235], [127.21163433170067, 37.71028168921292], [127.21163521300925, 37.710272497800325], [127.21163711523212, 37.710263394665006], [127.21164037935216, 37.710254649488775], [127.21164409760678, 37.710246083696205], [127.21164849655486, 37.71023760678699], [127.21165369011159, 37.71022939875102], [127.21166013241196, 37.71022163897186], [127.21166737084692, 37.71021468864193], [127.21167483634814, 37.71020782800338], [127.2116828698987, 37.71020132673791], [127.2109857800042, 37.71008895542565], [127.21065772448634, 37.71046316788411]]]]}}, {"id": "637", "type": "Feature", "properties": {"pnu": "4136025328120570000", "addr": "\uacbd\uae30\ub3c4 \ub0a8\uc591\uc8fc\uc2dc \uc9c4\uc811\uc74d \uae08\uace1\ub9ac 2057", "jibun": "2057", "jimok": "\uacf5\uc7a5\uc6a9\uc9c0", "area_reg": 4083.4, "area_geom": 4083.3, "incl_ratio": 1.0, "area_incl": 4083.4, "zone": "\uc77c\ubc18\uacf5\uc5c5\uc9c0\uc5ed", "use": "\uacf5\uc5c5\uc6a9", "owner": "\ubc95\uc778", "price": 492300.0, "price_year": "2025", "included": true, "free": false, "note": ""}, "geometry": {"type": "MultiPolygon", "coordinates": [[[[127.21173086759823, 37.70860464100765], [127.2121876431291, 37.70867815546011], [127.21250725006446, 37.70872947962124], [127.21267794896528, 37.70805858567459], [127.21266136958872, 37.708050686868134], [127.21264899968295, 37.70804755563832], [127.21242653537962, 37.708019573337985], [127.21237027613024, 37.708015709701584], [127.21231392670344, 37.708020044983435], [127.2122591845584, 37.70803131479836], [127.21220752468875, 37.70804978680283], [127.21216030588218, 37.70807473780132], [127.21211922816214, 37.70810580437688], [127.21208530858894, 37.70814172336836], [127.21206170946681, 37.708177894212845], [127.21195204166153, 37.708376302321945], [127.21173086759823, 37.70860464100765]]]]}}, {"id": "638", "type": "Feature", "properties": {"pnu": "4136025328120500000", "addr": "\uacbd\uae30\ub3c4 \ub0a8\uc591\uc8fc\uc2dc \uc9c4\uc811\uc74d \uae08\uace1\ub9ac 2050", "jibun": "2050", "jimok": "\uacf5\uc7a5\uc6a9\uc9c0", "area_reg": 6308.7, "area_geom": 6308.6, "incl_ratio": 1.0, "area_incl": 6308.7, "zone": "\uc77c\ubc18\uacf5\uc5c5\uc9c0\uc5ed", "use": "\uacf5\uc5c5\uc6a9", "owner": "\ubc95\uc778", "price": 537700.0, "price_year": "2025", "included": true, "free": false, "note": ""}, "geometry": {"type": "MultiPolygon", "coordinates": [[[[127.2117124259621, 37.711149719763746], [127.21195629663103, 37.71108441532948], [127.21195469923906, 37.711080994514035], [127.21194142546365, 37.71103912333896], [127.21193443294672, 37.711012737548295], [127.2119295946733, 37.71098616772008], [127.2119264570101, 37.710959414664046], [127.21192445291688, 37.71093247939215], [127.2119247167237, 37.710905449976856], [127.21192634218606, 37.71087868842115], [127.21192910121364, 37.710851744649645], [127.21193356186195, 37.710824978034445], [127.21194040559297, 37.71079874774528], [127.21194793001875, 37.710772606337365], [127.21195715580538, 37.71074655198905], [127.21196853861883, 37.71072130465852], [127.21197936203139, 37.71069876121983], [127.21199234374367, 37.71067747527841], [127.2118357698447, 37.7106523474404], [127.21065772448634, 37.71046316788411], [127.21079995406681, 37.71067067804091], [127.21083563881199, 37.71081819274558], [127.21087399403609, 37.710947413108215], [127.21089015243048, 37.71096675516235], [127.21098725478173, 37.71101586548346], [127.21112972303268, 37.71118661543329], [127.21115074033001, 37.71119964205984], [127.21118665542132, 37.711187054793584], [127.211268765875, 37.71126844607586], [127.2117124259621, 37.711149719763746]]]]}}, {"id": "639", "type": "Feature", "properties": {"pnu": "4136025328120530000", "addr": "\uacbd\uae30\ub3c4 \ub0a8\uc591\uc8fc\uc2dc \uc9c4\uc811\uc74d \uae08\uace1\ub9ac 2053", "jibun": "2053", "jimok": "\uacf5\uc7a5\uc6a9\uc9c0", "area_reg": 3302.5, "area_geom": 3302.0, "incl_ratio": 1.0, "area_incl": 3302.5, "zone": "\uc77c\ubc18\uacf5\uc5c5\uc9c0\uc5ed", "use": "\uacf5\uc5c5\uc6a9", "owner": "\ubc95\uc778", "price": 502400.0, "price_year": "2025", "included": true, "free": false, "note": ""}, "geometry": {"type": "MultiPolygon", "coordinates": [[[[127.21106352302778, 37.709465529705966], [127.21105688029945, 37.7094826598462], [127.21105465835451, 37.70949906135849], [127.21105686734222, 37.70951833808521], [127.21106212458409, 37.70953274418373], [127.21112682646097, 37.709674981663795], [127.21190197062245, 37.709799466043], [127.21199865336288, 37.70941980703984], [127.21160169986689, 37.70935603285384], [127.21115952301919, 37.70928498586422], [127.21106352302778, 37.709465529705966]]]]}}, {"id": "640", "type": "Feature", "properties": {"pnu": "4136025328120520000", "addr": "\uacbd\uae30\ub3c4 \ub0a8\uc591\uc8fc\uc2dc \uc9c4\uc811\uc74d \uae08\uace1\ub9ac 2052", "jibun": "2052", "jimok": "\uacf5\uc7a5\uc6a9\uc9c0", "area_reg": 3257.2, "area_geom": 3256.5, "incl_ratio": 1.0, "area_incl": 3257.2, "zone": "\uc77c\ubc18\uacf5\uc5c5\uc9c0\uc5ed", "use": "\uacf5\uc5c5\uc6a9", "owner": "\ubc95\uc778", "price": 502400.0, "price_year": "2025", "included": true, "free": false, "note": ""}, "geometry": {"type": "MultiPolygon", "coordinates": [[[[127.21190197062245, 37.709799466043], [127.21112682646097, 37.709674981663795], [127.21113994958432, 37.70970387931276], [127.211061144596, 37.70994998282252], [127.21104076290064, 37.710001464139815], [127.2110133436419, 37.71005070554413], [127.2109857800042, 37.71008895542565], [127.2116828698987, 37.71020132673791], [127.211691698566, 37.71019527453711], [127.21170109680926, 37.71019012228535], [127.21171106386521, 37.71018559969436], [127.21172125849647, 37.710181346986325], [127.21173213611073, 37.71017799402475], [127.21174324333653, 37.71017563171428], [127.21175412349405, 37.7101731797111], [127.21176488948069, 37.71017045762102], [127.21177576887307, 37.7101677353277], [127.21178619285675, 37.71016438317], [127.21179604649753, 37.71015986077406], [127.2118051042549, 37.71015461902467], [127.21181302565464, 37.71014856843275], [127.21190197062245, 37.709799466043]]]]}}, {"id": "641", "type": "Feature", "properties": {"pnu": "4136025328120710000", "addr": "\uacbd\uae30\ub3c4 \ub0a8\uc591\uc8fc\uc2dc \uc9c4\uc811\uc74d \uae08\uace1\ub9ac 2071", "jibun": "2071", "jimok": "\uacf5\uc7a5\uc6a9\uc9c0", "area_reg": 3264.1, "area_geom": 3262.9, "incl_ratio": 1.0, "area_incl": 3264.1, "zone": "\uc77c\ubc18\uacf5\uc5c5\uc9c0\uc5ed", "use": "\uacf5\uc5c5\uc6a9", "owner": "\ubc95\uc778", "price": 550100.0, "price_year": "2025", "included": true, "free": false, "note": ""}, "geometry": {"type": "MultiPolygon", "coordinates": [[[[127.21194007956632, 37.71024222232071], [127.21255706902957, 37.710341306992746], [127.21269075980103, 37.70981589518555], [127.21216760425769, 37.70973186991905], [127.21205550549674, 37.70979324564342], [127.21194007956632, 37.71024222232071]]]]}}, {"id": "642", "type": "Feature", "properties": {"pnu": "4136025328120720000", "addr": "\uacbd\uae30\ub3c4 \ub0a8\uc591\uc8fc\uc2dc \uc9c4\uc811\uc74d \uae08\uace1\ub9ac 2072", "jibun": "2072", "jimok": "\uacf5\uc7a5\uc6a9\uc9c0", "area_reg": 2272.8, "area_geom": 2272.2, "incl_ratio": 1.0, "area_incl": 2272.8, "zone": "\uc77c\ubc18\uacf5\uc5c5\uc9c0\uc5ed", "use": "\uacf5\uc5c5\uc6a9", "owner": "\uac1c\uc778", "price": 560300.0, "price_year": "2025", "included": true, "free": false, "note": ""}, "geometry": {"type": "MultiPolygon", "coordinates": [[[[127.21261544686597, 37.71011189791749], [127.21255706902957, 37.710341306992746], [127.2126785836951, 37.710360820583674], [127.21268289366589, 37.710360993058465], [127.21271680921116, 37.71036336492315], [127.21275038888521, 37.710367269020026], [127.21289380780115, 37.71039259942017], [127.2129835594877, 37.71040892615627], [127.21311702311448, 37.709884415247615], [127.21269075980103, 37.70981589518555], [127.21261544686597, 37.71011189791749]]]]}}, {"id": "643", "type": "Feature", "properties": {"pnu": "4136025328120730000", "addr": "\uacbd\uae30\ub3c4 \ub0a8\uc591\uc8fc\uc2dc \uc9c4\uc811\uc74d \uae08\uace1\ub9ac 2073", "jibun": "2073", "jimok": "\uacf5\uc7a5\uc6a9\uc9c0", "area_reg": 3030.9, "area_geom": 3030.0, "incl_ratio": 1.0, "area_incl": 3030.9, "zone": "\uc77c\ubc18\uacf5\uc5c5\uc9c0\uc5ed", "use": "\uacf5\uc5c5\uc6a9", "owner": "\ubc95\uc778", "price": 566000.0, "price_year": "2025", "included": true, "free": false, "note": ""}, "geometry": {"type": "MultiPolygon", "coordinates": [[[[127.2129835594877, 37.71040892615627], [127.21298719030052, 37.710409550320335], [127.21342650601645, 37.71048047844882], [127.21355040293754, 37.7105000769556], [127.2136838624698, 37.709975475328946], [127.21311702311448, 37.709884415247615], [127.21303814519491, 37.71019439860714], [127.2129835594877, 37.71040892615627]]]]}}, {"id": "644", "type": "Feature", "properties": {"pnu": "4136025328120740000", "addr": "\uacbd\uae30\ub3c4 \ub0a8\uc591\uc8fc\uc2dc \uc9c4\uc811\uc74d \uae08\uace1\ub9ac 2074", "jibun": "2074", "jimok": "\uacf5\uc7a5\uc6a9\uc9c0", "area_reg": 2769.4, "area_geom": 2769.3, "incl_ratio": 1.0, "area_incl": 2769.4, "zone": "\uc77c\ubc18\uacf5\uc5c5\uc9c0\uc5ed", "use": "\uacf5\uc5c5\uc6a9", "owner": "\ubc95\uc778", "price": 549000.0, "price_year": "2025", "included": true, "free": false, "note": ""}, "geometry": {"type": "MultiPolygon", "coordinates": [[[[127.21355040293754, 37.7105000769556], [127.21358024336418, 37.71050506869745], [127.21367610287861, 37.710515617746154], [127.21383810804537, 37.71053631863348], [127.21387190927041, 37.71053832998559], [127.21390592779814, 37.71053700736669], [127.21393948498162, 37.71053298267447], [127.21397235220265, 37.71052562564596], [127.21400373663667, 37.710515298096205], [127.21403363930955, 37.71050236041059], [127.21406126559802, 37.710486543732976], [127.2140866178163, 37.71046865892914], [127.21410958255701, 37.71044870620506], [127.21412913890052, 37.71042659730637], [127.21414494739965, 37.7104026031363], [127.21415419965705, 37.710386098795254], [127.21416714284972, 37.71035156849994], [127.21423255127905, 37.71014350782932], [127.21415494369097, 37.71005111870589], [127.2136838624698, 37.709975475328946], [127.21355040293754, 37.7105000769556]]]]}}, {"id": "645", "type": "Feature", "properties": {"pnu": "4136025328120470000", "addr": "\uacbd\uae30\ub3c4 \ub0a8\uc591\uc8fc\uc2dc \uc9c4\uc811\uc74d \uae08\uace1\ub9ac 2047", "jibun": "2047", "jimok": "\ub300", "area_reg": 1744.8, "area_geom": 1744.6, "incl_ratio": 1.0, "area_incl": 1744.8, "zone": "\uc900\uacf5\uc5c5\uc9c0\uc5ed", "use": "\uacf5\uc5c5\ub098\uc9c0", "owner": "\uac1c\uc778", "price": 422000.0, "price_year": "2025", "included": true, "free": false, "note": ""}, "geometry": {"type": "MultiPolygon", "coordinates": [[[[127.21180046005387, 37.71160148672252], [127.21184732185458, 37.71169014816708], [127.21202268379503, 37.71202184072122], [127.21246600690617, 37.71194311501731], [127.21242837090706, 37.71190876549135], [127.2124138154664, 37.71189500676584], [127.21239198269849, 37.711874503818144], [127.21237060255795, 37.71185363967104], [127.21234978794334, 37.711832233930025], [127.21232886095255, 37.711811188772046], [127.21230895184755, 37.71178915072947], [127.21229051579517, 37.71176665956805], [127.21227253236916, 37.711743807208805], [127.21225488841552, 37.71172068395057], [127.21223883041127, 37.711696927180185], [127.21222390497512, 37.71167262780486], [127.21220875324127, 37.711648509024826], [127.21219473458463, 37.711624027832414], [127.21218207556676, 37.71159909372681], [127.21216998564097, 37.71157487937484], [127.21215845996119, 37.71154967295239], [127.21214784053815, 37.71152410452397], [127.21214190351223, 37.71151006007929], [127.21180046005387, 37.71160148672252]]]]}}, {"id": "646", "type": "Feature", "properties": {"pnu": "4136025328120490000", "addr": "\uacbd\uae30\ub3c4 \ub0a8\uc591\uc8fc\uc2dc \uc9c4\uc811\uc74d \uae08\uace1\ub9ac 2049", "jibun": "2049", "jimok": "\uc8fc\ucc28\uc7a5", "area_reg": 335.8, "area_geom": 335.8, "incl_ratio": 1.0, "area_incl": 335.8, "zone": "\uc900\uacf5\uc5c5\uc9c0\uc5ed", "use": "\uacf5\uc5c5\uae30\ud0c0", "owner": "\ubc95\uc778", "price": 422000.0, "price_year": "2025", "included": true, "free": false, "note": ""}, "geometry": {"type": "MultiPolygon", "coordinates": [[[[127.2117124259621, 37.711149719763746], [127.2117657425867, 37.71127530929715], [127.21189861387045, 37.71123974548063], [127.2120124467839, 37.71120927892365], [127.21195629663103, 37.71108441532948], [127.2117124259621, 37.711149719763746]]]]}}, {"id": "647", "type": "Feature", "properties": {"pnu": "4136025328120580000", "addr": "\uacbd\uae30\ub3c4 \ub0a8\uc591\uc8fc\uc2dc \uc9c4\uc811\uc74d \uae08\uace1\ub9ac 2058", "jibun": "2058", "jimok": "\uacf5\uc7a5\uc6a9\uc9c0", "area_reg": 3350.9, "area_geom": 3350.1, "incl_ratio": 1.0, "area_incl": 3350.9, "zone": "\uc77c\ubc18\uacf5\uc5c5\uc9c0\uc5ed", "use": "\uacf5\uc5c5\uc6a9", "owner": "\ubc95\uc778", "price": 533800.0, "price_year": "2025", "included": true, "free": false, "note": ""}, "geometry": {"type": "MultiPolygon", "coordinates": [[[[127.21315791040278, 37.70843422056748], [127.21319784721115, 37.708277218764955], [127.21313226993021, 37.70826679517321], [127.21311910896105, 37.708264656474256], [127.21310821529684, 37.708262243415895], [127.21309913532299, 37.708259556812685], [127.21308800896257, 37.708255071950006], [127.21301998725912, 37.70822248893721], [127.21267794896528, 37.70805858567459], [127.21250725006446, 37.70872947962124], [127.21306023788011, 37.70881822500398], [127.21315791040278, 37.70843422056748]]]]}}, {"id": "648", "type": "Feature", "properties": {"pnu": "4136025328120590000", "addr": "\uacbd\uae30\ub3c4 \ub0a8\uc591\uc8fc\uc2dc \uc9c4\uc811\uc74d \uae08\uace1\ub9ac 2059", "jibun": "2059", "jimok": "\uacf5\uc7a5\uc6a9\uc9c0", "area_reg": 2965.3, "area_geom": 2964.0, "incl_ratio": 1.0, "area_incl": 2965.3, "zone": "\uc77c\ubc18\uacf5\uc5c5\uc9c0\uc5ed", "use": "\uacf5\uc5c5\uc6a9", "owner": "\ubc95\uc778", "price": 533800.0, "price_year": "2025", "included": true, "free": false, "note": ""}, "geometry": {"type": "MultiPolygon", "coordinates": [[[[127.21373666830242, 37.708369950662345], [127.21354355649682, 37.70833570098357], [127.21319784721115, 37.708277218764955], [127.21306023788011, 37.70881822500398], [127.21360063318645, 37.708904918219645], [127.21373666830242, 37.708369950662345]]]]}}, {"id": "649", "type": "Feature", "properties": {"pnu": "4136025328120600000", "addr": "\uacbd\uae30\ub3c4 \ub0a8\uc591\uc8fc\uc2dc \uc9c4\uc811\uc74d \uae08\uace1\ub9ac 2060", "jibun": "2060", "jimok": "\ub3c4\ub85c", "area_reg": 181.8, "area_geom": 181.8, "incl_ratio": 1.0, "area_incl": 181.8, "zone": "\uc77c\ubc18\uacf5\uc5c5\uc9c0\uc5ed", "use": "\ub3c4\ub85c\ub4f1", "owner": "\uad70\uc720\uc9c0", "price": 179700.0, "price_year": "2025", "included": true, "free": false, "note": ""}, "geometry": {"type": "MultiPolygon", "coordinates": [[[[127.21363398954635, 37.70891026401246], [127.21376991282672, 37.708375927294355], [127.21373666830242, 37.708369950662345], [127.21360063318645, 37.708904918219645], [127.21363398954635, 37.70891026401246]]]]}}, {"id": "650", "type": "Feature", "properties": {"pnu": "4136025328120610000", "addr": "\uacbd\uae30\ub3c4 \ub0a8\uc591\uc8fc\uc2dc \uc9c4\uc811\uc74d \uae08\uace1\ub9ac 2061", "jibun": "2061", "jimok": "\uacf5\uc7a5\uc6a9\uc9c0", "area_reg": 3004.6, "area_geom": 3004.0, "incl_ratio": 1.0, "area_incl": 3004.6, "zone": "\uc77c\ubc18\uacf5\uc5c5\uc9c0\uc5ed", "use": "\uacf5\uc5c5\ub098\uc9c0", "owner": "\ubc95\uc778", "price": 533800.0, "price_year": "2025", "included": true, "free": false, "note": ""}, "geometry": {"type": "MultiPolygon", "coordinates": [[[[127.21363398954635, 37.70891026401246], [127.21399217379916, 37.70896773140283], [127.21401509235176, 37.708971474157664], [127.21403710624163, 37.70897611950356], [127.2140691133861, 37.70898552194761], [127.21408898031326, 37.708992874048995], [127.21439690297757, 37.70856625215498], [127.21436244079926, 37.7085310866272], [127.21419527913673, 37.70845057166174], [127.21376991282672, 37.708375927294355], [127.21363398954635, 37.70891026401246]]]]}}, {"id": "651", "type": "Feature", "properties": {"pnu": "4136025328120620000", "addr": "\uacbd\uae30\ub3c4 \ub0a8\uc591\uc8fc\uc2dc \uc9c4\uc811\uc74d \uae08\uace1\ub9ac 2062", "jibun": "2062", "jimok": "\uacf5\uc7a5\uc6a9\uc9c0", "area_reg": 3243.0, "area_geom": 3243.0, "incl_ratio": 0.7555, "area_incl": 2450.1, "zone": "\uc77c\ubc18\uacf5\uc5c5\uc9c0\uc5ed", "use": "\uacf5\uc5c5\uc6a9", "owner": "\uac1c\uc778", "price": 533800.0, "price_year": "2025", "included": true, "free": false, "note": ""}, "geometry": {"type": "MultiPolygon", "coordinates": [[[[127.21494866161486, 37.70917511804429], [127.21490906467609, 37.70908959802782], [127.21439690297757, 37.70856625215498], [127.21408898031326, 37.708992874048995], [127.21410010581475, 37.70899699843197], [127.21412985620539, 37.70901036917425], [127.21415825038268, 37.70902536409176], [127.21418460972086, 37.70904261508496], [127.21420938552306, 37.70906131047256], [127.21423167158055, 37.70908181227631], [127.21425158052531, 37.709103850004894], [127.2142696780934, 37.70912697215624], [127.21428573670131, 37.709150908852294], [127.21429975634761, 37.70917566009391], [127.21431310330081, 37.70920311544279], [127.21434471539482, 37.70927261289269], [127.21437768789592, 37.70934192768449], [127.21466317507675, 37.709258523209606], [127.21494866161486, 37.70917511804429]]]]}}, {"id": "652", "type": "Feature", "properties": {"pnu": "4136025328120630000", "addr": "\uacbd\uae30\ub3c4 \ub0a8\uc591\uc8fc\uc2dc \uc9c4\uc811\uc74d \uae08\uace1\ub9ac 2063", "jibun": "2063", "jimok": "\uacf5\uc7a5\uc6a9\uc9c0", "area_reg": 2515.0, "area_geom": 2386.5, "incl_ratio": 0.3265, "area_incl": 821.1, "zone": "\uc77c\ubc18\uacf5\uc5c5\uc9c0\uc5ed", "use": "\uacf5\uc5c5\uc6a9", "owner": "\ubc95\uc778", "price": 533800.0, "price_year": "2025", "included": true, "free": false, "note": ""}, "geometry": {"type": "MultiPolygon", "coordinates": [[[[127.21437768789592, 37.70934192768449], [127.21447375258428, 37.70954357039636], [127.2144839201862, 37.709569589921834], [127.21449136709091, 37.70959597474622], [127.21449275167792, 37.70960426112335], [127.21504007544692, 37.709692106462086], [127.21509244466239, 37.70948596093145], [127.21494866161486, 37.70917511804429], [127.21437768789592, 37.70934192768449]]]]}}, {"id": "653", "type": "Feature", "properties": {"pnu": "4136025328120660000", "addr": "\uacbd\uae30\ub3c4 \ub0a8\uc591\uc8fc\uc2dc \uc9c4\uc811\uc74d \uae08\uace1\ub9ac 2066", "jibun": "2066", "jimok": "\uc8fc\ucc28\uc7a5", "area_reg": 459.0, "area_geom": 459.0, "incl_ratio": 0.9531, "area_incl": 437.5, "zone": "\uc900\uacf5\uc5c5\uc9c0\uc5ed", "use": "\uacf5\uc5c5\uae30\ud0c0", "owner": "\uac1c\uc778", "price": 358600.0, "price_year": "2025", "included": true, "free": false, "note": ""}, "geometry": {"type": "MultiPolygon", "coordinates": [[[[127.21442239218324, 37.71030119445846], [127.21449251002547, 37.71031241999425], [127.21476738207448, 37.710342465926225], [127.21477373053104, 37.71034164357668], [127.21477610897551, 37.71034055811732], [127.2148022571428, 37.71032348258839], [127.21480802513685, 37.710317976269565], [127.21482428732466, 37.710254518926064], [127.21437589602036, 37.71018253122789], [127.21435875481264, 37.71025599080769], [127.21435227436196, 37.71028996888082], [127.21442239218324, 37.71030119445846]]]]}}, {"id": "654", "type": "Feature", "properties": {"pnu": "4136025328120680000", "addr": "\uacbd\uae30\ub3c4 \ub0a8\uc591\uc8fc\uc2dc \uc9c4\uc811\uc74d \uae08\uace1\ub9ac 2068", "jibun": "2068", "jimok": "\uacf5\uc7a5\uc6a9\uc9c0", "area_reg": 2982.0, "area_geom": 2981.7, "incl_ratio": 1.0, "area_incl": 2982.0, "zone": "\uc77c\ubc18\uacf5\uc5c5\uc9c0\uc5ed", "use": "\uacf5\uc5c5\uc6a9", "owner": "\ubc95\uc778", "price": 537700.0, "price_year": "2025", "included": true, "free": false, "note": ""}, "geometry": {"type": "MultiPolygon", "coordinates": [[[[127.21415664069663, 37.710684764239666], [127.21410453235032, 37.71062611528813], [127.21408278518317, 37.710635614623776], [127.2140518576834, 37.7106471126251], [127.2140195631127, 37.71065645076632], [127.2139864679952, 37.710663447832616], [127.21395302853483, 37.710669003966274], [127.21391901509028, 37.71067212851933], [127.2138849967582, 37.710673541238194], [127.21385074775435, 37.71067360291533], [127.21381660650351, 37.71067168226597], [127.21378291091752, 37.710666967813424], [127.21355551616048, 37.710622959366695], [127.21346394983358, 37.7106067264252], [127.21305628851292, 37.71054087715589], [127.21303441841043, 37.7106268684351], [127.21323027517124, 37.71090644671981], [127.21376511090128, 37.710867554622304], [127.21385932326325, 37.71089684655338], [127.21383323265351, 37.71101374866658], [127.21406390009876, 37.711051624113715], [127.21415664069663, 37.710684764239666]]]]}}, {"id": "655", "type": "Feature", "properties": {"pnu": "4136025328120690000", "addr": "\uacbd\uae30\ub3c4 \ub0a8\uc591\uc8fc\uc2dc \uc9c4\uc811\uc74d \uae08\uace1\ub9ac 2069", "jibun": "2069", "jimok": "\uc218\ub3c4\uc6a9\uc9c0", "area_reg": 1325.2, "area_geom": 1325.1, "incl_ratio": 1.0, "area_incl": 1325.2, "zone": "\uc77c\ubc18\uacf5\uc5c5\uc9c0\uc5ed", "use": "\uacf5\uc5c5\ub098\uc9c0", "owner": "\uad70\uc720\uc9c0", "price": 537700.0, "price_year": "2025", "included": true, "free": false, "note": ""}, "geometry": {"type": "MultiPolygon", "coordinates": [[[[127.21209833005472, 37.71086018191404], [127.21224380135584, 37.71136977800702], [127.21234797311064, 37.71135175269542], [127.21231589149909, 37.71087592045336], [127.21246645707897, 37.71066158194851], [127.21229215719289, 37.71058432056091], [127.21209833005472, 37.71086018191404]]]]}}, {"id": "656", "type": "Feature", "properties": {"pnu": "4136025328120700000", "addr": "\uacbd\uae30\ub3c4 \ub0a8\uc591\uc8fc\uc2dc \uc9c4\uc811\uc74d \uae08\uace1\ub9ac 2070", "jibun": "2070", "jimok": "\uacf5\uc6d0", "area_reg": 1351.2, "area_geom": 1350.9, "incl_ratio": 1.0, "area_incl": 1351.2, "zone": "\uc77c\ubc18\uacf5\uc5c5\uc9c0\uc5ed", "use": "\uacf5\uc6d0\ub4f1", "owner": "\uad70\uc720\uc9c0", "price": 186700.0, "price_year": "2025", "included": true, "free": false, "note": ""}, "geometry": {"type": "MultiPolygon", "coordinates": [[[[127.2118357698447, 37.7106523474404], [127.21199234374367, 37.71067747527841], [127.21200758543996, 37.71065330221374], [127.21202419005205, 37.71062984748585], [127.21204238413863, 37.710607020593145], [127.21206239578747, 37.71058527161009], [127.21208331646613, 37.71056415167576], [127.21210514540958, 37.71054339050151], [127.21212822462333, 37.71052361815144], [127.21215266776935, 37.71050492451831], [127.21217813411656, 37.71048713001695], [127.21220507831329, 37.710470594220354], [127.21223293281501, 37.710455137948784], [127.21226135663596, 37.71044049152148], [127.21229046318373, 37.71042665473536], [127.2123207083833, 37.71041443764328], [127.2123516378428, 37.71040357076729], [127.21238325079773, 37.7103937838188], [127.21241531992492, 37.710384897010854], [127.21244761866694, 37.71037700084484], [127.21248014549268, 37.71036955474435], [127.21251369961456, 37.710364449305445], [127.21254725909664, 37.710361235873634], [127.21258116365097, 37.710359733647955], [127.21261507024822, 37.71035895218079], [127.21264909382988, 37.71035943184526], [127.2126785836951, 37.710360820583674], [127.21255706902957, 37.710341306992746], [127.21194007956632, 37.71024222232071], [127.21192841569058, 37.71028837253808], [127.21192854718237, 37.710294769154345], [127.21192800613007, 37.71030395996193], [127.2119256498053, 37.710312883719126], [127.21192283959812, 37.71032171818965], [127.21191968916992, 37.710330553267205], [127.21191551731566, 37.71033911987768], [127.2118357698447, 37.7106523474404]]]]}}, {"id": "657", "type": "Feature", "properties": {"pnu": "4136025328120780000", "addr": "\uacbd\uae30\ub3c4 \ub0a8\uc591\uc8fc\uc2dc \uc9c4\uc811\uc74d \uae08\uace1\ub9ac 2078", "jibun": "2078", "jimok": "\uacf5\uc7a5\uc6a9\uc9c0", "area_reg": 1577.1, "area_geom": 1577.2, "incl_ratio": 1.0, "area_incl": 1577.1, "zone": "\uc77c\ubc18\uacf5\uc5c5\uc9c0\uc5ed", "use": "\uacf5\uc5c5\uc6a9", "owner": "\ubc95\uc778", "price": 544700.0, "price_year": "2025", "included": true, "free": false, "note": ""}, "geometry": {"type": "MultiPolygon", "coordinates": [[[[127.21388677127753, 37.70950696866652], [127.21349420649439, 37.709443886694075], [127.2134010087264, 37.709810116272855], [127.21382386840972, 37.70987791912282], [127.2139170644357, 37.7095117793161], [127.21388677127753, 37.70950696866652]]]]}}, {"id": "658", "type": "Feature", "properties": {"pnu": "4136025328120790000", "addr": "\uacbd\uae30\ub3c4 \ub0a8\uc591\uc8fc\uc2dc \uc9c4\uc811\uc74d \uae08\uace1\ub9ac 2079", "jibun": "2079", "jimok": "\uacf5\uc7a5\uc6a9\uc9c0", "area_reg": 1654.1, "area_geom": 1654.3, "incl_ratio": 1.0, "area_incl": 1654.1, "zone": "\uc77c\ubc18\uacf5\uc5c5\uc9c0\uc5ed", "use": "\uacf5\uc5c5\uc6a9", "owner": "\ubc95\uc778", "price": 560300.0, "price_year": "2025", "included": true, "free": false, "note": ""}, "geometry": {"type": "MultiPolygon", "coordinates": [[[[127.21382386840972, 37.70987791912282], [127.21418795741985, 37.70993636633321], [127.21429938217628, 37.709877782792475], [127.21434402622019, 37.70970579811034], [127.21435027517589, 37.70967019871519], [127.21435019762454, 37.70964307980934], [127.2143460384993, 37.70961632865617], [127.21433791172541, 37.7095901252427], [127.21433232161549, 37.709578512883304], [127.2139170644357, 37.7095117793161], [127.21382386840972, 37.70987791912282]]]]}}, {"id": "659", "type": "Feature", "properties": {"pnu": "4136025328120800000", "addr": "\uacbd\uae30\ub3c4 \ub0a8\uc591\uc8fc\uc2dc \uc9c4\uc811\uc74d \uae08\uace1\ub9ac 2080", "jibun": "2080", "jimok": "\uacf5\uc7a5\uc6a9\uc9c0", "area_reg": 1166.4, "area_geom": 1166.3, "incl_ratio": 1.0, "area_incl": 1166.4, "zone": "\uc77c\ubc18\uacf5\uc5c5\uc9c0\uc5ed", "use": "\uacf5\uc5c5\uc6a9", "owner": "\ubc95\uc778", "price": 522900.0, "price_year": "2025", "included": true, "free": false, "note": ""}, "geometry": {"type": "MultiPolygon", "coordinates": [[[[127.21388677127753, 37.70950696866652], [127.2139170644357, 37.7095117793161], [127.21433232161549, 37.709578512883304], [127.21417978619165, 37.70925957617008], [127.214172479609, 37.70924256110777], [127.21416049973922, 37.709217265593935], [127.21414636724094, 37.70919269473243], [127.21412849676243, 37.70916966224943], [127.21410722929278, 37.70914843781809], [127.21408335969734, 37.7091293803897], [127.21405609619976, 37.70911321216189], [127.21402645995772, 37.709100111485064], [127.21399297413318, 37.70908918005348], [127.21393453467893, 37.70931907647687], [127.21388677127753, 37.70950696866652]]]]}}, {"id": "660", "type": "Feature", "properties": {"pnu": "4136025328120840000", "addr": "\uacbd\uae30\ub3c4 \ub0a8\uc591\uc8fc\uc2dc \uc9c4\uc811\uc74d \uae08\uace1\ub9ac 2084", "jibun": "2084", "jimok": "\uacf5\uc7a5\uc6a9\uc9c0", "area_reg": 1791.7, "area_geom": 1791.5, "incl_ratio": 1.0, "area_incl": 1791.7, "zone": "\uc77c\ubc18\uacf5\uc5c5\uc9c0\uc5ed", "use": "\uacf5\uc5c5\uc6a9", "owner": "\ubc95\uc778", "price": 544700.0, "price_year": "2025", "included": true, "free": false, "note": ""}, "geometry": {"type": "MultiPolygon", "coordinates": [[[[127.2121963652189, 37.70923547689844], [127.212625234101, 37.7093043544804], [127.21273189354316, 37.70888521471549], [127.21240014588828, 37.708831930755], [127.21228520819938, 37.708891419755574], [127.2121963652189, 37.70923547689844]]]]}}, {"id": "661", "type": "Feature", "properties": {"pnu": "4136025328120810000", "addr": "\uacbd\uae30\ub3c4 \ub0a8\uc591\uc8fc\uc2dc \uc9c4\uc811\uc74d \uae08\uace1\ub9ac 2081", "jibun": "2081", "jimok": "\uacf5\uc7a5\uc6a9\uc9c0", "area_reg": 1675.5, "area_geom": 1675.4, "incl_ratio": 1.0, "area_incl": 1675.5, "zone": "\uc77c\ubc18\uacf5\uc5c5\uc9c0\uc5ed", "use": "\uacf5\uc5c5\uc6a9", "owner": "\ubc95\uc778", "price": 550100.0, "price_year": "2025", "included": true, "free": false, "note": ""}, "geometry": {"type": "MultiPolygon", "coordinates": [[[[127.21349420649439, 37.709443886694075], [127.21388677127753, 37.70950696866652], [127.21399297413318, 37.70908918005348], [127.21396222340809, 37.709082928703126], [127.21360086149198, 37.70902483626324], [127.21356934731715, 37.70914864049229], [127.21349420649439, 37.709443886694075]]]]}}, {"id": "662", "type": "Feature", "properties": {"pnu": "4136025328120850000", "addr": "\uacbd\uae30\ub3c4 \ub0a8\uc591\uc8fc\uc2dc \uc9c4\uc811\uc74d \uae08\uace1\ub9ac 2085", "jibun": "2085", "jimok": "\uacf5\uc6d0", "area_reg": 31660.8, "area_geom": 32093.6, "incl_ratio": 0.871, "area_incl": 27576.6, "zone": "\uc77c\ubc18\uacf5\uc5c5\uc9c0\uc5ed", "use": "\uacf5\uc6d0\ub4f1", "owner": "\uad70\uc720\uc9c0", "price": 179700.0, "price_year": "2025", "included": true, "free": false, "note": ""}, "geometry": {"type": "MultiPolygon", "coordinates": [[[[127.21039989348269, 37.71119894736176], [127.21147466418306, 37.71146706671773], [127.21180610080657, 37.71200436104117], [127.21204149170065, 37.71211164232783], [127.21263373256276, 37.7121003935561], [127.21254287746974, 37.71201559522315], [127.21246600690617, 37.71194311501731], [127.21202268379503, 37.71202184072122], [127.21184732185458, 37.71169014816708], [127.21180046005387, 37.71160148672252], [127.21173478491257, 37.71147709049932], [127.21154388861981, 37.71130615726929], [127.211268765875, 37.71126844607586], [127.21118665542132, 37.711187054793584], [127.21115074033001, 37.71119964205984], [127.21112972303268, 37.71118661543329], [127.21098725478173, 37.71101586548346], [127.21089015243048, 37.71096675516235], [127.21087399403609, 37.710947413108215], [127.21083563881199, 37.71081819274558], [127.21079995406681, 37.71067067804091], [127.21065772448634, 37.71046316788411], [127.2109857800042, 37.71008895542565], [127.2110133436419, 37.71005070554413], [127.21104076290064, 37.710001464139815], [127.211061144596, 37.70994998282252], [127.21113994958432, 37.70970387931276], [127.21112682646097, 37.709674981663795], [127.21106212458409, 37.70953274418373], [127.21105686734222, 37.70951833808521], [127.21105465835451, 37.70949906135849], [127.21105688029945, 37.7094826598462], [127.21106352302778, 37.709465529705966], [127.21115952301919, 37.70928498586422], [127.21127879102566, 37.70907142522797], [127.21137328310894, 37.70891953457494], [127.21138897572726, 37.70889445981558], [127.211400264612, 37.7088761501308], [127.21140240211167, 37.708829836717825], [127.21146814755186, 37.70877917553377], [127.21152721679061, 37.708733751800885], [127.21169909364045, 37.7086374927789], [127.21173086759823, 37.70860464100765], [127.21195204166153, 37.708376302321945], [127.21206170946681, 37.708177894212845], [127.21208530858894, 37.70814172336836], [127.21211922816214, 37.70810580437688], [127.21216030588218, 37.70807473780132], [127.21220752468875, 37.70804978680283], [127.2122591845584, 37.70803131479836], [127.21231392670344, 37.708020044983435], [127.21237027613024, 37.708015709701584], [127.21242653537962, 37.708019573337985], [127.21264899968295, 37.70804755563832], [127.21266136958872, 37.708050686868134], [127.21267794896528, 37.70805858567459], [127.21301998725912, 37.70822248893721], [127.21308800896257, 37.708255071950006], [127.21309913532299, 37.708259556812685], [127.21310821529684, 37.708262243415895], [127.21311910896105, 37.708264656474256], [127.21313226993021, 37.70826679517321], [127.21319784721115, 37.708277218764955], [127.21354355649682, 37.70833570098357], [127.21373666830242, 37.708369950662345], [127.21376991282672, 37.708375927294355], [127.21419527913673, 37.70845057166174], [127.21436244079926, 37.7085310866272], [127.21439690297757, 37.70856625215498], [127.21490906467609, 37.70908959802782], [127.21494866161486, 37.70917511804429], [127.21509244466239, 37.70948596093145], [127.21504007544692, 37.709692106462086], [127.21496359468254, 37.70999280683054], [127.21495776344544, 37.71001579199105], [127.21488272541912, 37.71002881159013], [127.21482428732466, 37.710254518926064], [127.21480802513685, 37.710317976269565], [127.2148022571428, 37.71032348258839], [127.21477610897551, 37.71034055811732], [127.21477373053104, 37.71034164357668], [127.21476738207448, 37.710342465926225], [127.21449251002547, 37.71031241999425], [127.2144373245361, 37.71052595822911], [127.21443326224424, 37.710533083186455], [127.21442658798009, 37.71053895150906], [127.21422208454808, 37.71064770664916], [127.21420477237474, 37.710661432541805], [127.2141819019502, 37.71067471797396], [127.21415664069663, 37.710684764239666], [127.21406390009876, 37.711051624113715], [127.21383323265351, 37.71101374866658], [127.21385932326325, 37.71089684655338], [127.21376511090128, 37.710867554622304], [127.21323027517124, 37.71090644671981], [127.21303441841043, 37.7106268684351], [127.21305628851292, 37.71054087715589], [127.2127169454564, 37.71049130169251], [127.21268336700619, 37.710487848066464], [127.21264967949723, 37.71048592626644], [127.2126157687536, 37.71048526620724], [127.21258208891281, 37.71048604726879], [127.21254852733232, 37.71048853994232], [127.21251519792757, 37.710492924217135], [127.2124825563675, 37.71049992005002], [127.2124508274201, 37.710508806267626], [127.21241909897576, 37.71051787266873], [127.21238839680352, 37.71052891934874], [127.21235849230048, 37.71054131604182], [127.21232995403237, 37.71055560231096], [127.21230232632779, 37.71057105819977], [127.2122757231034, 37.71058786369835], [127.21225071088433, 37.71060583760186], [127.21222717600823, 37.71062489001799], [127.21220511898531, 37.71064520113959], [127.21218419780855, 37.71066614090318], [127.21216543518445, 37.710688428254215], [127.21214837875951, 37.710712514484186], [127.21213358792185, 37.71073569570013], [127.21211993522876, 37.71076031642513], [127.21210877927584, 37.7107855633649], [127.21209989299533, 37.71081134682912], [127.21209270909671, 37.71083757773488], [127.21208711340932, 37.7108639859969], [127.21208367322792, 37.71089066069893], [127.21208261460544, 37.71091733114796], [127.21208416486965, 37.71094417713112], [127.21208741574166, 37.7109708398843], [127.21209236696833, 37.710997229311346], [127.2120995858456, 37.71102343449546], [127.21210873113229, 37.7110490956597], [127.21225674227932, 37.7114141724415], [127.21228871021609, 37.71148952605235], [127.21229955624446, 37.71151500396663], [127.21231108222175, 37.71154030047133], [127.21232328789324, 37.71156532547024], [127.21233696635483, 37.7115898072558], [127.21235132527787, 37.71161428782298], [127.21237706874041, 37.71165415452721], [127.21240586967427, 37.7116923940209], [127.21243671021094, 37.71172999918377], [127.21245605101612, 37.71175158773921], [127.21248334450867, 37.711778117369086], [127.21252575846304, 37.71181768392348], [127.21253352514722, 37.71182502189662], [127.21250600012408, 37.7117568410958], [127.21248870829987, 37.711741943050214], [127.21247626959236, 37.71172675702057], [127.2124611232883, 37.71169258349763], [127.21235710631369, 37.71141713739576], [127.21235686084545, 37.71135451177552], [127.21235686071785, 37.71135446672752], [127.21235686069228, 37.71135445771793], [127.21235628158978, 37.711214097453976], [127.21237211451373, 37.711214474577226], [127.21237494331756, 37.71125223796172], [127.21237110063336, 37.71120086281259], [127.21235495453186, 37.710985858417835], [127.21235117423474, 37.71089244413588], [127.21242432083675, 37.71084382340149], [127.21237835482647, 37.71080320001674], [127.21248859195809, 37.71066875907645], [127.21249391301566, 37.71062153899787], [127.21252331075009, 37.71062639665447], [127.2125535140885, 37.710631397016314], [127.21258880045211, 37.71063722616921], [127.21257464221635, 37.710687471292275], [127.21257484660504, 37.71068756102293], [127.21271618593566, 37.71069921871299], [127.21281887739411, 37.71070741371276], [127.21298789564985, 37.710741599653225], [127.21315890414164, 37.71095715500458], [127.21377753403407, 37.7109090487181], [127.21383054275431, 37.71092554905754], [127.21362351037003, 37.71127773036638], [127.21396042964281, 37.71141832303184], [127.21409472175363, 37.71147548147043], [127.21438358359869, 37.71159752759774], [127.21438359496535, 37.711597536586865], [127.21441911895246, 37.71155936164637], [127.21434145055386, 37.71136302848157], [127.21429957500236, 37.711385087593214], [127.21423786985864, 37.71131390558692], [127.21420010345926, 37.711210290689735], [127.21425495001375, 37.71114358342816], [127.21431828031636, 37.710997864239694], [127.21431027151505, 37.710977273628295], [127.21430286826141, 37.710958249602236], [127.21429843328808, 37.71088660387596], [127.21432038081835, 37.71078454802563], [127.21437680513134, 37.710698647305115], [127.21460567797271, 37.710589253225415], [127.2152091423863, 37.710288761532], [127.21508553917339, 37.71014232639945], [127.21544211722842, 37.710005472165655], [127.21444784029059, 37.70805347495889], [127.21445868810017, 37.707358072350715], [127.21444829946603, 37.70802370623869], [127.2133731280809, 37.707983549705666], [127.21270341835749, 37.70780239563798], [127.21219710537189, 37.70781429309607], [127.21076791985925, 37.70930858395998], [127.21080253396585, 37.709370022407214], [127.21081184353058, 37.70950272704741], [127.21082411809269, 37.70967755554567], [127.21084193394468, 37.709931478927125], [127.21056841204867, 37.710352741822504], [127.2104019012751, 37.710609190238024], [127.21040027619352, 37.710640321453575], [127.21039989348269, 37.71119894736176]], [[127.21224380135584, 37.71136977800702], [127.21209833005472, 37.71086018191404], [127.21229215719289, 37.71058432056091], [127.21246645707897, 37.71066158194851], [127.21231589149909, 37.71087592045336], [127.21234797311064, 37.71135175269542], [127.21224380135584, 37.71136977800702]]]]}}, {"id": "663", "type": "Feature", "properties": {"pnu": "4136025328120860000", "addr": "\uacbd\uae30\ub3c4 \ub0a8\uc591\uc8fc\uc2dc \uc9c4\uc811\uc74d \uae08\uace1\ub9ac 2086", "jibun": "2086", "jimok": "\ub3c4\ub85c", "area_reg": 16130.4, "area_geom": 16128.8, "incl_ratio": 0.9694, "area_incl": 15636.8, "zone": "\uc77c\ubc18\uacf5\uc5c5\uc9c0\uc5ed", "use": "\ub3c4\ub85c\ub4f1", "owner": "\uad70\uc720\uc9c0", "price": 186700.0, "price_year": "2025", "included": true, "free": false, "note": ""}, "geometry": {"type": "MultiPolygon", "coordinates": [[[[127.21163379035777, 37.710290789923235], [127.21163426967539, 37.710299888814845], [127.21163565624724, 37.710308986089785], [127.21163794981918, 37.71031799165199], [127.21164194347605, 37.71032663379867], [127.21164673021826, 37.710335004242474], [127.21165196957125, 37.71034301349353], [127.21165811541678, 37.710350750839424], [127.21166482728015, 37.710358126790254], [127.2116723319751, 37.71036514094179], [127.21167994931507, 37.71037188460257], [127.21168858553717, 37.710377995771395], [127.21169812698018, 37.71038338455414], [127.21170800660953, 37.7103880519614], [127.21171856439126, 37.710391907290514], [127.21172923405408, 37.71039522184028], [127.21174024241158, 37.710397995206336], [127.21175136315877, 37.710400407985], [127.21176248263406, 37.710402370282424], [127.21177394003983, 37.71040352110785], [127.21178562120521, 37.71040359037524], [127.2117971869272, 37.71040293907548], [127.21180852303486, 37.71040129712264], [127.21181963080068, 37.71039911499704], [127.21182960373312, 37.71039666460496], [127.21184059681772, 37.71039403219945], [127.21185136130528, 37.71039076952527], [127.21186155570189, 37.71038642670915], [127.21187106634562, 37.710380913857506], [127.21187944037278, 37.71037450206793], [127.21188736051643, 37.710368000991], [127.21189505359035, 37.71036141022216], [127.21190274564414, 37.710354459068675], [127.21190941550702, 37.71034696915955], [127.21191551731566, 37.71033911987768], [127.21191968916992, 37.710330553267205], [127.21192283959812, 37.71032171818965], [127.2119256498053, 37.710312883719126], [127.21192800613007, 37.71030395996193], [127.21192854718237, 37.710294769154345], [127.21192841569058, 37.71028837253808], [127.21194007956632, 37.71024222232071], [127.21205550549674, 37.70979324564342], [127.21211155490033, 37.70976255779454], [127.21216760425769, 37.70973186991905], [127.21269075980103, 37.70981589518555], [127.21311702311448, 37.709884415247615], [127.2136838624698, 37.709975475328946], [127.21415494369097, 37.71005111870589], [127.21423255127905, 37.71014350782932], [127.21416714284972, 37.71035156849994], [127.21415419965705, 37.710386098795254], [127.21414494739965, 37.7104026031363], [127.21412913890052, 37.71042659730637], [127.21410958255701, 37.71044870620506], [127.2140866178163, 37.71046865892914], [127.21406126559802, 37.710486543732976], [127.21403363930955, 37.71050236041059], [127.21400373663667, 37.710515298096205], [127.21397235220265, 37.71052562564596], [127.21393948498162, 37.71053298267447], [127.21390592779814, 37.71053700736669], [127.21387190927041, 37.71053832998559], [127.21383810804537, 37.71053631863348], [127.21367610287861, 37.710515617746154], [127.21358024336418, 37.71050506869745], [127.21355040293754, 37.7105000769556], [127.21342650601645, 37.71048047844882], [127.21298719030052, 37.710409550320335], [127.2129835594877, 37.71040892615627], [127.21289380780115, 37.71039259942017], [127.21275038888521, 37.710367269020026], [127.21274806327787, 37.710367002896554], [127.21271680921116, 37.71036336492315], [127.21268289366589, 37.710360993058465], [127.2126785836951, 37.710360820583674], [127.21267835677918, 37.71036078495143], [127.21264909382988, 37.71035943184526], [127.21261507024822, 37.71035895218079], [127.21258116365097, 37.710359733647955], [127.21254725909664, 37.710361235873634], [127.21251369961456, 37.710364449305445], [127.21248014549268, 37.71036955474435], [127.21244761866694, 37.71037700084484], [127.21241531992492, 37.710384897010854], [127.2123516378428, 37.71040357076729], [127.2123207083833, 37.71041443764328], [127.21226135663596, 37.71044049152148], [127.21223293281501, 37.710455137948784], [127.21220507831329, 37.710470594220354], [127.21217813411656, 37.71048713001695], [127.21215266776935, 37.71050492451831], [127.21212822462333, 37.71052361815144], [127.21210514540958, 37.71054339050151], [127.21208331646613, 37.71056415167576], [127.21206239578747, 37.71058527161009], [127.21204238413863, 37.710607020593145], [127.21202419005205, 37.71062984748585], [127.21200758543996, 37.71065330221374], [127.21199234374367, 37.71067747527841], [127.21197936203139, 37.71069876121983], [127.21196853861883, 37.71072130465852], [127.21195715580538, 37.71074655198905], [127.21194793001875, 37.710772606337365], [127.21194040559297, 37.71079874774528], [127.21193356186195, 37.710824978034445], [127.21192910121364, 37.710851744649645], [127.21192634218606, 37.71087868842115], [127.21192552945503, 37.710892069199005], [127.2119247167237, 37.710905449976856], [127.21192447119172, 37.710930920690366], [127.21192445291688, 37.71093247939215], [127.21192492440366, 37.71093879431418], [127.2119264570101, 37.710959414664046], [127.21192917631805, 37.710982600645934], [127.2119295946733, 37.71098616772008], [127.21193066602497, 37.71099205811817], [127.21193443294672, 37.711012737548295], [127.21193884627479, 37.711029397521685], [127.21194142546365, 37.71103912333896], [127.21195469923906, 37.711080994514035], [127.21195629663103, 37.71108441532948], [127.21198699701263, 37.711152833860176], [127.2120124467839, 37.71120927892365], [127.21203971826154, 37.71126824342997], [127.21208058088995, 37.711364952102805], [127.21214190351223, 37.71151006007929], [127.21214784053815, 37.71152410452397], [127.21215845996119, 37.71154967295239], [127.21216998564097, 37.71157487937484], [127.21218207556676, 37.71159909372681], [127.21219473458463, 37.711624027832414], [127.21220875324127, 37.711648509024826], [127.21222390497512, 37.71167262780486], [127.21223883041127, 37.711696927180185], [127.21225488841552, 37.71172068395057], [127.21227253236916, 37.711743807208805], [127.21229051579517, 37.71176665956805], [127.21230895184755, 37.71178915072947], [127.21232886095255, 37.711811188772046], [127.21234978794334, 37.711832233930025], [127.21237060255795, 37.71185363967104], [127.21239198269849, 37.711874503818144], [127.2124138154664, 37.71189500676584], [127.21242837090706, 37.71190876549135], [127.21246600690617, 37.71194311501731], [127.21254287746974, 37.71201559522315], [127.21263373256276, 37.7121003935561], [127.21278908315455, 37.71224073787076], [127.21278441097712, 37.712252837186824], [127.2127907227942, 37.712267007060746], [127.21285613225199, 37.71256055023988], [127.21287547725282, 37.71264738656786], [127.2128926303641, 37.712701188451305], [127.21292363181277, 37.712759272114674], [127.2129514131197, 37.71280163070298], [127.2129619835182, 37.71281776604235], [127.21298281468184, 37.71279694343483], [127.21301581899455, 37.71275762921712], [127.21302316955287, 37.71275417434808], [127.21304426688576, 37.71274321681359], [127.21305191084879, 37.71273924786663], [127.21305058640083, 37.712736123895745], [127.21304139521915, 37.71271445416775], [127.21302892845596, 37.71266156288395], [127.21301918894899, 37.71263450636955], [127.21300858479148, 37.712606487372994], [127.21297822068576, 37.71247735252241], [127.2129657880053, 37.712424452158885], [127.21291933884007, 37.712214196250464], [127.21289130227038, 37.71208986834667], [127.21287810600012, 37.71206355680535], [127.21285783830895, 37.71202714911352], [127.21285085067451, 37.71201461119988], [127.21284700408326, 37.71200991505841], [127.21275692280116, 37.71201398665504], [127.21273401633748, 37.71201481152773], [127.21273017274537, 37.7120111695057], [127.21258719857401, 37.71187582132722], [127.21253352514722, 37.71182502189662], [127.21252575846304, 37.71181768392348], [127.21248334450867, 37.711778117369086], [127.21245605101612, 37.71175158773921], [127.21243671021094, 37.71172999918377], [127.21240586967427, 37.7116923940209], [127.21237706874041, 37.71165415452721], [127.21235132527787, 37.71161428782298], [127.21233696635483, 37.7115898072558], [127.21232328789324, 37.71156532547024], [127.21231108222175, 37.71154030047133], [127.21229955624446, 37.71151500396663], [127.21228871021609, 37.71148952605235], [127.21225674227932, 37.7114141724415], [127.21210873113229, 37.7110490956597], [127.2120995858456, 37.71102343449546], [127.21209236696833, 37.710997229311346], [127.21208741574166, 37.7109708398843], [127.21208416486965, 37.71094417713112], [127.21208261460544, 37.71091733114796], [127.21208367322792, 37.71089066069893], [127.21208711340932, 37.7108639859969], [127.21209270909671, 37.71083757773488], [127.21209989299533, 37.71081134682912], [127.21210877927584, 37.7107855633649], [127.21211993522876, 37.71076031642513], [127.21213358792185, 37.71073569570013], [127.21214837875951, 37.710712514484186], [127.21216543518445, 37.710688428254215], [127.21218419780855, 37.71066614090318], [127.21220511898531, 37.71064520113959], [127.21222717600823, 37.71062489001799], [127.21225071088433, 37.71060583760186], [127.2122757231034, 37.71058786369835], [127.21230232632779, 37.71057105819977], [127.21232995403237, 37.71055560231096], [127.21235849230048, 37.71054131604182], [127.21238839680352, 37.71052891934874], [127.21241909897576, 37.71051787266873], [127.2124508274201, 37.710508806267626], [127.2124825563675, 37.71049992005002], [127.21251519792757, 37.710492924217135], [127.21254852733232, 37.71048853994232], [127.21258208891281, 37.71048604726879], [127.2126157687536, 37.71048526620724], [127.21264967949723, 37.71048592626644], [127.21268336700619, 37.710487848066464], [127.2127169454564, 37.71049130169251], [127.21305628851292, 37.71054087715589], [127.21346394983358, 37.7106067264252], [127.21355551616048, 37.710622959366695], [127.21378291091752, 37.710666967813424], [127.21381660650351, 37.71067168226597], [127.21385074775435, 37.71067360291533], [127.2138849967582, 37.710673541238194], [127.21391901509028, 37.71067212851933], [127.21395302853483, 37.710669003966274], [127.2139864679952, 37.710663447832616], [127.2140195631127, 37.71065645076632], [127.2140518576834, 37.7106471126251], [127.21408278518317, 37.710635614623776], [127.21410453235032, 37.71062611528813], [127.21411268737572, 37.71062249672622], [127.21414145162477, 37.71060802942569], [127.2141689634924, 37.710591852543494], [127.214194769864, 37.71057414709069], [127.2142190980683, 37.710555092851315], [127.21424160762645, 37.710534600343955], [127.21426218616182, 37.710513030158424], [127.21428071949533, 37.71049011221217], [127.21429630062981, 37.71046593823937], [127.21431029251136, 37.71044122655348], [127.21432212759159, 37.71041579798634], [127.21433191953683, 37.7103897424299], [127.21433853428071, 37.71036306193152], [127.21435227436196, 37.71028996888082], [127.21435875481264, 37.71025599080769], [127.21437589602036, 37.71018253122789], [127.2144218285185, 37.70998522708504], [127.21444179702341, 37.70990905949282], [127.21449014447758, 37.70972355359488], [127.21449461883435, 37.70970192235442], [127.21449760344392, 37.70967488801461], [127.21449763950248, 37.70964785900025], [127.21449586674204, 37.70962281537573], [127.21449275167792, 37.70960426112335], [127.21449136709091, 37.70959597474622], [127.2144839201862, 37.709569589921834], [127.21447375258428, 37.70954357039636], [127.21437768789592, 37.70934192768449], [127.21434471539482, 37.70927261289269], [127.21431310330081, 37.70920311544279], [127.21429975634761, 37.70917566009391], [127.21428573670131, 37.709150908852294], [127.2142696780934, 37.70912697215624], [127.21425158052531, 37.709103850004894], [127.21423167158055, 37.70908181227631], [127.21420938552306, 37.70906131047256], [127.21418460972086, 37.70904261508496], [127.21415825038268, 37.70902536409176], [127.21412985620539, 37.70901036917425], [127.21410010581475, 37.70899699843197], [127.21408898031326, 37.708992874048995], [127.2140691133861, 37.70898552194761], [127.21403710624163, 37.70897611950356], [127.21401509235176, 37.708971474157664], [127.21399217379916, 37.70896773140283], [127.21363398954635, 37.70891026401246], [127.21360063318645, 37.708904918219645], [127.21306023788011, 37.70881822500398], [127.21250725006446, 37.70872947962124], [127.2121876431291, 37.70867815546011], [127.2121032991756, 37.70900914051361], [127.21209656983316, 37.709035640905235], [127.21199865336288, 37.70941980703984], [127.21190197062245, 37.709799466043], [127.21181302565464, 37.71014856843275], [127.2118051042549, 37.71015461902467], [127.21179604649753, 37.71015986077406], [127.21178619285675, 37.71016438317], [127.21177576887307, 37.7101677353277], [127.21176488948069, 37.71017045762102], [127.21175412349405, 37.7101731797111], [127.21174324333653, 37.71017563171428], [127.21173213611073, 37.71017799402475], [127.21172125849647, 37.710181346986325], [127.21171106386521, 37.71018559969436], [127.21170109680926, 37.71019012228535], [127.211691698566, 37.71019527453711], [127.2116828698987, 37.71020132673791], [127.21167483634814, 37.71020782800338], [127.21166737084692, 37.71021468864193], [127.21166013241196, 37.71022163897186], [127.21165369011159, 37.71022939875102], [127.21164849655486, 37.71023760678699], [127.21164409760678, 37.710246083696205], [127.21164037935216, 37.710254649488775], [127.21163711523212, 37.710263394665006], [127.21163521300925, 37.710272497800325], [127.21163433170067, 37.71028168921292], [127.21163379035777, 37.710290789923235]], [[127.21418795741985, 37.70993636633321], [127.21382386840972, 37.70987791912282], [127.2134010087264, 37.709810116272855], [127.21317322968916, 37.70977354073058], [127.21296657677499, 37.70974035053359], [127.2125320324805, 37.70967067348941], [127.21219960077296, 37.709617300103496], [127.21212268076663, 37.70952634994602], [127.2121963652189, 37.70923547689844], [127.21228520819938, 37.708891419755574], [127.21240014588828, 37.708831930755], [127.21273189354316, 37.70888521471549], [127.21316632028322, 37.70895498134521], [127.21360086149198, 37.70902483626324], [127.21396222340809, 37.709082928703126], [127.21399297413318, 37.70908918005348], [127.21402645995772, 37.709100111485064], [127.21405609619976, 37.70911321216189], [127.21408335969734, 37.7091293803897], [127.21410722929278, 37.70914843781809], [127.21412849676243, 37.70916966224943], [127.21414636724094, 37.70919269473243], [127.21416049973922, 37.709217265593935], [127.214172479609, 37.70924256110777], [127.21417978619165, 37.70925957617008], [127.21433232161549, 37.709578512883304], [127.21433791172541, 37.7095901252427], [127.2143460384993, 37.70961632865617], [127.21435019762454, 37.70964307980934], [127.21435027517589, 37.70967019871519], [127.21434402622019, 37.70970579811034], [127.21429938217628, 37.709877782792475], [127.21418795741985, 37.70993636633321]]]]}}, {"id": "664", "type": "Feature", "properties": {"pnu": "4136025328201330000", "addr": "\uacbd\uae30\ub3c4 \ub0a8\uc591\uc8fc\uc2dc \uc9c4\uc811\uc74d \uae08\uace1\ub9ac \uc0b0 133", "jibun": "\uc0b0133", "jimok": "\uc784\uc57c", "area_reg": 1091.0, "area_geom": 944.9, "incl_ratio": 0.4382, "area_incl": 478.1, "zone": "\uc81c1\uc885\uc77c\ubc18\uc8fc\uac70\uc9c0\uc5ed", "use": "\uc790\uc5f0\ub9bc", "owner": "\uac1c\uc778", "price": 91500.0, "price_year": "2025", "included": true, "free": false, "note": ""}, "geometry": {"type": "MultiPolygon", "coordinates": [[[[127.21272430136108, 37.7127076166377], [127.21282703668787, 37.71254256507373], [127.21280019478756, 37.71241958646117], [127.21275887295457, 37.71230547224367], [127.21278908315455, 37.71224073787076], [127.21264196834996, 37.71226507514191], [127.2125174591035, 37.712470456653], [127.21260642880411, 37.71252610316039], [127.21256823007242, 37.712549389393416], [127.21253885552913, 37.71258097572536], [127.21250593927024, 37.71264740868623], [127.21257678727787, 37.71266748151975], [127.21272430136108, 37.7127076166377]]]]}}, {"id": "665", "type": "Feature", "properties": {"pnu": "4136025328201340000", "addr": "\uacbd\uae30\ub3c4 \ub0a8\uc591\uc8fc\uc2dc \uc9c4\uc811\uc74d \uae08\uace1\ub9ac \uc0b0 134", "jibun": "\uc0b0134", "jimok": "\uc784\uc57c", "area_reg": 136.5, "area_geom": 136.5, "incl_ratio": 0.0466, "area_incl": 6.4, "zone": "\uc81c1\uc885\uc77c\ubc18\uc8fc\uac70\uc9c0\uc5ed", "use": null, "owner": null, "price": 87800.0, "price_year": "2025", "included": false, "free": false, "note": ""}, "geometry": {"type": "MultiPolygon", "coordinates": [[[[127.21242422915256, 37.71262425592079], [127.21250593927024, 37.71264740868623], [127.21253885552913, 37.71258097572536], [127.21256823007242, 37.712549389393416], [127.21260642880411, 37.71252610316039], [127.2125174591035, 37.712470456653], [127.21242422915256, 37.71262425592079]]]]}}, {"id": "666", "type": "Feature", "properties": {"pnu": "4136025328201350000", "addr": "\uacbd\uae30\ub3c4 \ub0a8\uc591\uc8fc\uc2dc \uc9c4\uc811\uc74d \uae08\uace1\ub9ac \uc0b0 135", "jibun": "\uc0b0135", "jimok": "\uc784\uc57c", "area_reg": 110.0, "area_geom": 81.5, "incl_ratio": 1.0, "area_incl": 110.0, "zone": "\uacc4\ud68d\uad00\ub9ac\uc9c0\uc5ed", "use": "\uc784\uc57c\uae30\ud0c0", "owner": "\uad70\uc720\uc9c0", "price": 36000.0, "price_year": "2025", "included": true, "free": false, "note": ""}, "geometry": {"type": "MultiPolygon", "coordinates": [[[[127.21431828031636, 37.710997864239694], [127.21437240908783, 37.711025254977734], [127.21434253492602, 37.71089355181164], [127.21432038081835, 37.71078454802563], [127.21429843328808, 37.71088660387596], [127.21430286826141, 37.710958249602236], [127.21431027151505, 37.710977273628295], [127.21431828031636, 37.710997864239694]]]]}}, {"id": "667", "type": "Feature", "properties": {"pnu": "4136025328201390000", "addr": "\uacbd\uae30\ub3c4 \ub0a8\uc591\uc8fc\uc2dc \uc9c4\uc811\uc74d \uae08\uace1\ub9ac \uc0b0 139", "jibun": "\uc0b0139", "jimok": "\uc784\uc57c", "area_reg": 93950.8, "area_geom": 93950.8, "incl_ratio": 0.0029, "area_incl": 272.5, "zone": "\ub18d\ub9bc\uc9c0\uc5ed", "use": null, "owner": null, "price": 5650.0, "price_year": "2025", "included": false, "free": false, "note": ""}, "geometry": {"type": "MultiPolygon", "coordinates": [[[[127.21788405272609, 37.708586330550276], [127.2179626719166, 37.7085302633645], [127.21807811320238, 37.708450730443474], [127.21802095362783, 37.70836368504845], [127.21744873778364, 37.707409846293736], [127.21727282570637, 37.707112002828545], [127.21688794633094, 37.70614689851455], [127.21624768891083, 37.705822186906715], [127.2156408728356, 37.705865987084714], [127.21526724094481, 37.7057476023373], [127.21498605473758, 37.705419871904446], [127.21453563786436, 37.70648443840854], [127.21422471013548, 37.70676892992212], [127.21459198770899, 37.70699965278543], [127.21445868810017, 37.707358072350715], [127.21444784029059, 37.70805347495889], [127.21544211722842, 37.710005472165655], [127.21561343478827, 37.70994024671747], [127.21581486563252, 37.709777986432535], [127.21593124988979, 37.70953224389535], [127.21592090587195, 37.709519955522154], [127.21604216910617, 37.70933043322054], [127.21607567509352, 37.709281341743896], [127.21632688481874, 37.70924365651405], [127.21609595636797, 37.70918450515791], [127.21603967856333, 37.709088015093045], [127.21594745865258, 37.70893499173898], [127.21591752412489, 37.708731824485966], [127.2158298043939, 37.70856211598302], [127.21595264911058, 37.708473246695725], [127.21615740033432, 37.708543807164176], [127.21644301265971, 37.70885108364379], [127.2165063309254, 37.70891927939061], [127.21658709024638, 37.709034293475696], [127.21664411217591, 37.70911727645608], [127.2165778391394, 37.70925110956199], [127.2167101096554, 37.70931574674179], [127.21680897173339, 37.709364948175235], [127.21716995884339, 37.70917484263433], [127.21720235302531, 37.70918849607398], [127.2173885224846, 37.709091716109334], [127.21745333210656, 37.70896608400781], [127.21746950399877, 37.70889974336511], [127.21747657575331, 37.70887075537791], [127.21748364747624, 37.708841758380615], [127.21748519405321, 37.70883541275406], [127.21748671818422, 37.70882914825544], [127.21752133743237, 37.7087498539772], [127.2174679720799, 37.7086961731144], [127.217414952051, 37.70867550295534], [127.21747459306592, 37.70860173083813], [127.21737097246658, 37.70852650077478], [127.21736448103125, 37.708509241156165], [127.21736302570017, 37.708496215864585], [127.2173661492502, 37.708478362028146], [127.21737336895274, 37.70846128453309], [127.21737866329475, 37.7084528958659], [127.21739049215373, 37.70843752176595], [127.21740403609755, 37.7084230725189], [127.21741396668993, 37.70841399963806], [127.21742710198177, 37.70840332618037], [127.21744261158778, 37.7083901797291], [127.21745988318148, 37.70837848961264], [127.217478531164, 37.70836824752673], [127.21749839700603, 37.70835953484795], [127.21752223349057, 37.708351337452235], [127.21754346707108, 37.708345000808364], [127.21755079851259, 37.70834299624412], [127.21756819133782, 37.70833791897372], [127.21768364869627, 37.70833025639575], [127.21770993204463, 37.70833676723716], [127.21772900412503, 37.708343705739125], [127.21773438569046, 37.708345840168626], [127.21775360150312, 37.708355409221205], [127.2177713818312, 37.7083666116501], [127.21777764378128, 37.70837121310749], [127.21779286742223, 37.708384564518944], [127.21780572527541, 37.70839941586988], [127.21781393790029, 37.708411861153536], [127.21782180057036, 37.708428757846235], [127.2178263313696, 37.708446417461005], [127.21782691111453, 37.708450795087955], [127.21782977339285, 37.70854208463148], [127.21788405272609, 37.708586330550276]]]]}}, {"id": "668", "type": "Feature", "properties": {"pnu": "4136025328201410000", "addr": "\uacbd\uae30\ub3c4 \ub0a8\uc591\uc8fc\uc2dc \uc9c4\uc811\uc74d \uae08\uace1\ub9ac \uc0b0 141", "jibun": "\uc0b0141", "jimok": "\uc784\uc57c", "area_reg": 120.0, "area_geom": 120.6, "incl_ratio": 1.0, "area_incl": 120.0, "zone": "\uacc4\ud68d\uad00\ub9ac\uc9c0\uc5ed", "use": "\uc784\uc57c\uae30\ud0c0", "owner": "\uad70\uc720\uc9c0", "price": 36700.0, "price_year": "2025", "included": true, "free": false, "note": ""}, "geometry": {"type": "MultiPolygon", "coordinates": [[[[127.21252331075009, 37.71062639665447], [127.21249391301566, 37.71062153899787], [127.21248859195809, 37.71066875907645], [127.21237835482647, 37.71080320001674], [127.21242432083675, 37.71084382340149], [127.21252307634595, 37.71071971901289], [127.21252351795415, 37.71065147914521], [127.21252331075009, 37.71062639665447]]]]}}, {"id": "669", "type": "Feature", "properties": {"pnu": "4136026221100050000", "addr": "\uacbd\uae30\ub3c4 \ub0a8\uc591\uc8fc\uc2dc \uc624\ub0a8\uc74d \uc591\uc9c0\ub9ac 5", "jibun": "5", "jimok": "\ub2f5", "area_reg": 635.0, "area_geom": 638.8, "incl_ratio": 1.0, "area_incl": 635.0, "zone": "\ubcf4\uc804\uad00\ub9ac\uc9c0\uc5ed", "use": "\uc804", "owner": "\uac1c\uc778", "price": 89600.0, "price_year": "2025", "included": true, "free": false, "note": ""}, "geometry": {"type": "MultiPolygon", "coordinates": [[[[127.21081751506011, 37.70732950778375], [127.21081187965747, 37.707277333870564], [127.21074601155544, 37.70723563695567], [127.21062505342222, 37.70711755475281], [127.21057899287143, 37.70713496198755], [127.21042142214979, 37.70705892045763], [127.21043398008283, 37.707133173799726], [127.21037774427411, 37.70715355414917], [127.210417979049, 37.70722612772013], [127.21046461955476, 37.707310249312116], [127.21073655023687, 37.70731910115765], [127.21074651504595, 37.707350202821765], [127.21081751506011, 37.70732950778375]]]]}}, {"id": "670", "type": "Feature", "properties": {"pnu": "4136026221100260000", "addr": "\uacbd\uae30\ub3c4 \ub0a8\uc591\uc8fc\uc2dc \uc624\ub0a8\uc74d \uc591\uc9c0\ub9ac 26", "jibun": "26", "jimok": "\ub2f5", "area_reg": 56.0, "area_geom": 57.2, "incl_ratio": 1.0, "area_incl": 56.0, "zone": "\ubcf4\uc804\uad00\ub9ac\uc9c0\uc5ed", "use": "\uc804", "owner": "\uac1c\uc778", "price": 89600.0, "price_year": "2025", "included": true, "free": false, "note": ""}, "geometry": {"type": "MultiPolygon", "coordinates": [[[[127.21011343044762, 37.70696102619669], [127.21009035290787, 37.706981194585566], [127.21002071392641, 37.70701001348866], [127.21013393631354, 37.707026742379554], [127.21020633406069, 37.706999035724614], [127.21011343044762, 37.70696102619669]]]]}}, {"id": "671", "type": "Feature", "properties": {"pnu": "4136026221100280000", "addr": "\uacbd\uae30\ub3c4 \ub0a8\uc591\uc8fc\uc2dc \uc624\ub0a8\uc74d \uc591\uc9c0\ub9ac 28", "jibun": "28", "jimok": "\ub2f5", "area_reg": 96.0, "area_geom": 92.0, "incl_ratio": 1.0, "area_incl": 96.0, "zone": "\ubcf4\uc804\uad00\ub9ac\uc9c0\uc5ed", "use": "\uc784\uc57c\uae30\ud0c0", "owner": "\uac1c\uc778", "price": 42400.0, "price_year": "2025", "included": true, "free": false, "note": ""}, "geometry": {"type": "MultiPolygon", "coordinates": [[[[127.20939793497487, 37.704343605964944], [127.20934368150404, 37.70450473121982], [127.2093879964916, 37.70450838311017], [127.20946555392794, 37.70437593052498], [127.20939793497487, 37.704343605964944]]]]}}, {"id": "672", "type": "Feature", "properties": {"pnu": "4136026221100250000", "addr": "\uacbd\uae30\ub3c4 \ub0a8\uc591\uc8fc\uc2dc \uc624\ub0a8\uc74d \uc591\uc9c0\ub9ac 25", "jibun": "25", "jimok": "\ub2f5", "area_reg": 506.0, "area_geom": 524.6, "incl_ratio": 1.0, "area_incl": 506.0, "zone": "\ubcf4\uc804\uad00\ub9ac\uc9c0\uc5ed", "use": "\ub2f5", "owner": "\uac1c\uc778", "price": 89600.0, "price_year": "2025", "included": true, "free": false, "note": ""}, "geometry": {"type": "MultiPolygon", "coordinates": [[[[127.2098374683415, 37.706872678841336], [127.20976988358127, 37.70685344547915], [127.20969232427495, 37.70678727136646], [127.20949610085827, 37.70671684677112], [127.20930626096033, 37.70660530855289], [127.20919367889255, 37.70659017244639], [127.20920871548458, 37.70662251765506], [127.2091836530779, 37.706646680640944], [127.2093052258475, 37.70671385870171], [127.20959908016951, 37.70683821435487], [127.20975724508122, 37.70692849119316], [127.2098374683415, 37.706872678841336]]]]}}, {"id": "673", "type": "Feature", "properties": {"pnu": "4136026221100010000", "addr": "\uacbd\uae30\ub3c4 \ub0a8\uc591\uc8fc\uc2dc \uc624\ub0a8\uc74d \uc591\uc9c0\ub9ac 1", "jibun": "1", "jimok": "\uc784\uc57c", "area_reg": 473.0, "area_geom": 487.4, "incl_ratio": 1.0, "area_incl": 473.0, "zone": "\ub18d\ub9bc\uc9c0\uc5ed", "use": "\uc784\uc57c\uae30\ud0c0", "owner": "\uac1c\uc778", "price": 10700.0, "price_year": "2025", "included": true, "free": false, "note": ""}, "geometry": {"type": "MultiPolygon", "coordinates": [[[[127.21229637055853, 37.7042512203481], [127.21229141494447, 37.70427120361835], [127.21232013273712, 37.70430113642831], [127.21227178711156, 37.7043197557091], [127.21218761578805, 37.70432924011681], [127.21221429894715, 37.70438152053952], [127.21225416780098, 37.70438081862212], [127.21226108049308, 37.70446330770804], [127.2123303027012, 37.70447266213954], [127.21254300446851, 37.704444775213005], [127.21256379341783, 37.704413843891594], [127.2124269151224, 37.704263465315115], [127.21238382527446, 37.704279985000944], [127.21229637055853, 37.7042512203481]]]]}}, {"id": "674", "type": "Feature", "properties": {"pnu": "4136026221100020000", "addr": "\uacbd\uae30\ub3c4 \ub0a8\uc591\uc8fc\uc2dc \uc624\ub0a8\uc74d \uc591\uc9c0\ub9ac 2", "jibun": "2", "jimok": "\uc784\uc57c", "area_reg": 357.0, "area_geom": 359.4, "incl_ratio": 1.0, "area_incl": 357.0, "zone": "\ub18d\ub9bc\uc9c0\uc5ed", "use": "\uc784\uc57c\uae30\ud0c0", "owner": "\uac1c\uc778", "price": 10700.0, "price_year": "2025", "included": true, "free": false, "note": ""}, "geometry": {"type": "MultiPolygon", "coordinates": [[[[127.21210584550158, 37.704397796505845], [127.21201158359547, 37.704420011434955], [127.21195205151665, 37.70442073935138], [127.21190156673683, 37.704472959312675], [127.21189674705806, 37.704549108531396], [127.21197051927795, 37.704587493184], [127.21206911129897, 37.70454855764124], [127.21220888994591, 37.704493736485944], [127.2121903578949, 37.704460713159946], [127.21213507320206, 37.70442760231443], [127.21210584550158, 37.704397796505845]]]]}}, {"id": "675", "type": "Feature", "properties": {"pnu": "4136026221100030000", "addr": "\uacbd\uae30\ub3c4 \ub0a8\uc591\uc8fc\uc2dc \uc624\ub0a8\uc74d \uc591\uc9c0\ub9ac 3", "jibun": "3", "jimok": "\uc784\uc57c", "area_reg": 248.0, "area_geom": 248.8, "incl_ratio": 1.0, "area_incl": 248.0, "zone": "\ub18d\ub9bc\uc9c0\uc5ed", "use": "\uc784\uc57c\uae30\ud0c0", "owner": "\uac1c\uc778", "price": 10700.0, "price_year": "2025", "included": true, "free": false, "note": ""}, "geometry": {"type": "MultiPolygon", "coordinates": [[[[127.21141611176988, 37.704144512374974], [127.21138469105234, 37.70424974705264], [127.21135965214619, 37.704313895331445], [127.21140704185959, 37.70434226349433], [127.21153075795944, 37.70433373632507], [127.21153341404259, 37.70418592814728], [127.21141611176988, 37.704144512374974]]]]}}, {"id": "676", "type": "Feature", "properties": {"pnu": "4136026221100040000", "addr": "\uacbd\uae30\ub3c4 \ub0a8\uc591\uc8fc\uc2dc \uc624\ub0a8\uc74d \uc591\uc9c0\ub9ac 4", "jibun": "4", "jimok": "\uc804", "area_reg": 2112.0, "area_geom": 2106.7, "incl_ratio": 1.0, "area_incl": 2112.0, "zone": "\ubcf4\uc804\uad00\ub9ac\uc9c0\uc5ed", "use": "\uc804", "owner": "\uac1c\uc778", "price": 89600.0, "price_year": "2025", "included": true, "free": false, "note": ""}, "geometry": {"type": "MultiPolygon", "coordinates": [[[[127.21081751506011, 37.70732950778375], [127.21087675181425, 37.7074124446072], [127.21100478965245, 37.70732591374222], [127.2110792443143, 37.707275588667386], [127.21115143881576, 37.70716770488368], [127.2111405083794, 37.707039408820066], [127.21106962112017, 37.70690667844859], [127.21089159821551, 37.706856801885266], [127.21054435012823, 37.706953857270875], [127.21045318521364, 37.70701818559366], [127.21062505342222, 37.70711755475281], [127.21074601155544, 37.70723563695567], [127.21081187965747, 37.707277333870564], [127.21081751506011, 37.70732950778375]]]]}}, {"id": "677", "type": "Feature", "properties": {"pnu": "4136026221100270000", "addr": "\uacbd\uae30\ub3c4 \ub0a8\uc591\uc8fc\uc2dc \uc624\ub0a8\uc74d \uc591\uc9c0\ub9ac 27", "jibun": "27", "jimok": "\ub2f5", "area_reg": 479.0, "area_geom": 471.4, "incl_ratio": 1.0, "area_incl": 479.0, "zone": "\ubcf4\uc804\uad00\ub9ac\uc9c0\uc5ed", "use": "\uc784\uc57c\uae30\ud0c0", "owner": "\uac1c\uc778", "price": 42400.0, "price_year": "2025", "included": true, "free": false, "note": ""}, "geometry": {"type": "MultiPolygon", "coordinates": [[[[127.209689155863, 37.70425947358766], [127.20976339302959, 37.70434296115511], [127.20987816769659, 37.70426347341813], [127.20990472988085, 37.70422856811247], [127.20997898398667, 37.70420869670974], [127.21027585917284, 37.70415986174038], [127.21030891176557, 37.70414669416979], [127.21031611017689, 37.70408925385863], [127.21006584927368, 37.7041043103771], [127.20989407426846, 37.70417321357883], [127.209689155863, 37.70425947358766]]]]}}, {"id": "678", "type": "Feature", "properties": {"pnu": "4136026221200150000", "addr": "\uacbd\uae30\ub3c4 \ub0a8\uc591\uc8fc\uc2dc \uc624\ub0a8\uc74d \uc591\uc9c0\ub9ac \uc0b0 15", "jibun": "\uc0b015", "jimok": "\uc784\uc57c", "area_reg": 29455.0, "area_geom": 29776.6, "incl_ratio": 0.8213, "area_incl": 24191.4, "zone": "\ub18d\ub9bc\uc9c0\uc5ed", "use": "\uc790\uc5f0\ub9bc", "owner": "\uc885\uc911", "price": 10500.0, "price_year": "2025", "included": true, "free": false, "note": ""}, "geometry": {"type": "MultiPolygon", "coordinates": [[[[127.21230429278059, 37.706039758249574], [127.21234869383485, 37.70663793799651], [127.21290633247268, 37.706904400278155], [127.21342557059307, 37.70673842047566], [127.21422471013548, 37.70676892992212], [127.21453563786436, 37.70648443840854], [127.21498605473758, 37.705419871904446], [127.2136099283598, 37.70553661546195], [127.2125077454616, 37.705347732107604], [127.21230429278059, 37.706039758249574]]]]}}, {"id": "679", "type": "Feature", "properties": {"pnu": "4136026221200260000", "addr": "\uacbd\uae30\ub3c4 \ub0a8\uc591\uc8fc\uc2dc \uc624\ub0a8\uc74d \uc591\uc9c0\ub9ac \uc0b0 26", "jibun": "\uc0b026", "jimok": "\uc784\uc57c", "area_reg": 45124.0, "area_geom": 45032.5, "incl_ratio": 0.6591, "area_incl": 29741.2, "zone": "\ub18d\ub9bc\uc9c0\uc5ed", "use": "\uc790\uc5f0\ub9bc", "owner": "\uac1c\uc778", "price": 10300.0, "price_year": "2025", "included": true, "free": false, "note": ""}, "geometry": {"type": "MultiPolygon", "coordinates": [[[[127.21498605473758, 37.705419871904446], [127.21503829218308, 37.70510551150421], [127.21481836602543, 37.70493951917321], [127.21415781051572, 37.704711317263154], [127.21373771610875, 37.70468842368231], [127.21282459587407, 37.70394560439264], [127.2127546955296, 37.703665150824904], [127.21266262446962, 37.70332795802512], [127.21257340819625, 37.702937485902176], [127.21233453629803, 37.7028162917731], [127.2121185764519, 37.70269698430805], [127.21170470706363, 37.70281027138721], [127.2117027756747, 37.703576077919074], [127.21173081864049, 37.70448758016276], [127.21141745729646, 37.70521688450636], [127.21202713865252, 37.70534115807588], [127.2125077454616, 37.705347732107604], [127.2136099283598, 37.70553661546195], [127.21498605473758, 37.705419871904446]], [[127.21229637055853, 37.7042512203481], [127.21238382527446, 37.704279985000944], [127.2124269151224, 37.704263465315115], [127.21256379341783, 37.704413843891594], [127.21254300446851, 37.704444775213005], [127.2123303027012, 37.70447266213954], [127.21226108049308, 37.70446330770804], [127.21225416780098, 37.70438081862212], [127.21221429894715, 37.70438152053952], [127.21218761578805, 37.70432924011681], [127.21227178711156, 37.7043197557091], [127.21232013273712, 37.70430113642831], [127.21229141494447, 37.70427120361835], [127.21229637055853, 37.7042512203481]], [[127.21210584550158, 37.704397796505845], [127.21213507320206, 37.70442760231443], [127.2121903578949, 37.704460713159946], [127.21220888994591, 37.704493736485944], [127.21206911129897, 37.70454855764124], [127.21197051927795, 37.704587493184], [127.21189674705806, 37.704549108531396], [127.21190156673683, 37.704472959312675], [127.21195205151665, 37.70442073935138], [127.21201158359547, 37.704420011434955], [127.21210584550158, 37.704397796505845]]]]}}, {"id": "680", "type": "Feature", "properties": {"pnu": "4136026221100070052", "addr": "\uacbd\uae30\ub3c4 \ub0a8\uc591\uc8fc\uc2dc \uc624\ub0a8\uc74d \uc591\uc9c0\ub9ac 7-52", "jibun": "7-52", "jimok": "\uacf5\uc7a5\uc6a9\uc9c0", "area_reg": 2489.0, "area_geom": 2488.8, "incl_ratio": 1.0, "area_incl": 2489.0, "zone": "\ub18d\ub9bc\uc9c0\uc5ed", "use": "\uacf5\uc5c5\ub098\uc9c0", "owner": "\uac1c\uc778", "price": 325800.0, "price_year": "2025", "included": true, "free": false, "note": ""}, "geometry": {"type": "MultiPolygon", "coordinates": [[[[127.2095588001359, 37.70829489415606], [127.20925392490498, 37.70826673589874], [127.20909086779606, 37.70818785522157], [127.20913757141865, 37.70855104218943], [127.20917070149338, 37.70880875900697], [127.20921614435821, 37.70880521926789], [127.20923266387132, 37.70880392881855], [127.20923277725066, 37.708803919609196], [127.2094391858609, 37.70878771687042], [127.2095324751794, 37.70878044372514], [127.209679599026, 37.70876954370096], [127.20962254186912, 37.70854535813309], [127.20961380445294, 37.70851102875844], [127.20959827889645, 37.708450015761734], [127.2095588001359, 37.70829489415606]]]]}}, {"id": "681", "type": "Feature", "properties": {"pnu": "4136026221100070059", "addr": "\uacbd\uae30\ub3c4 \ub0a8\uc591\uc8fc\uc2dc \uc624\ub0a8\uc74d \uc591\uc9c0\ub9ac 7-59", "jibun": "7-59", "jimok": "\ub3c4\ub85c", "area_reg": 35.0, "area_geom": 35.0, "incl_ratio": 1.0, "area_incl": 35.0, "zone": "\uacc4\ud68d\uad00\ub9ac\uc9c0\uc5ed", "use": "\ub3c4\ub85c\ub4f1", "owner": "\ubc95\uc778", "price": 142500.0, "price_year": "2025", "included": true, "free": false, "note": ""}, "geometry": {"type": "MultiPolygon", "coordinates": [[[[127.209744203786, 37.70876475362744], [127.20974980925033, 37.708818612436886], [127.20987596470319, 37.7087551057985], [127.20987598735887, 37.70875509674881], [127.20977163081919, 37.70876274108828], [127.209744203786, 37.70876475362744]]]]}}, {"id": "682", "type": "Feature", "properties": {"pnu": "4136026221100070026", "addr": "\uacbd\uae30\ub3c4 \ub0a8\uc591\uc8fc\uc2dc \uc624\ub0a8\uc74d \uc591\uc9c0\ub9ac 7-26", "jibun": "7-26", "jimok": "\ub3c4\ub85c", "area_reg": 273.0, "area_geom": 273.6, "incl_ratio": 1.0, "area_incl": 273.0, "zone": "\uacc4\ud68d\uad00\ub9ac\uc9c0\uc5ed", "use": "\ub3c4\ub85c\ub4f1", "owner": "\ubc95\uc778", "price": 142500.0, "price_year": "2025", "included": true, "free": false, "note": ""}, "geometry": {"type": "MultiPolygon", "coordinates": [[[[127.209679599026, 37.70876954370096], [127.2095324751794, 37.70878044372514], [127.2094391858609, 37.70878771687042], [127.20923265222916, 37.70880382072326], [127.20923943781517, 37.70885806489325], [127.20967240392224, 37.70882444320083], [127.20974954877293, 37.708818739032], [127.20974982089326, 37.708818720532136], [127.20975021773341, 37.708818692802424], [127.209744203786, 37.70876475362744], [127.209679599026, 37.70876954370096]]]]}}, {"id": "683", "type": "Feature", "properties": {"pnu": "4136026221100070055", "addr": "\uacbd\uae30\ub3c4 \ub0a8\uc591\uc8fc\uc2dc \uc624\ub0a8\uc74d \uc591\uc9c0\ub9ac 7-55", "jibun": "7-55", "jimok": "\uacf5\uc7a5\uc6a9\uc9c0", "area_reg": 1415.0, "area_geom": 1415.2, "incl_ratio": 1.0, "area_incl": 1415.0, "zone": "\ub18d\ub9bc\uc9c0\uc5ed", "use": "\uacf5\uc5c5\uc6a9", "owner": "\uac1c\uc778", "price": 329500.0, "price_year": "2025", "included": true, "free": false, "note": ""}, "geometry": {"type": "MultiPolygon", "coordinates": [[[[127.20961380445294, 37.70851102875844], [127.20962254186912, 37.70854535813309], [127.209679599026, 37.70876954370096], [127.209744203786, 37.70876475362744], [127.20977163081919, 37.70876274108828], [127.20987596470319, 37.7087551057985], [127.21013442900207, 37.70873596280104], [127.21018835569225, 37.70867623249861], [127.2102198865455, 37.708596882750335], [127.21017892141005, 37.7084986058842], [127.21016479831782, 37.70846473656303], [127.20961380445294, 37.70851102875844]]]]}}, {"id": "684", "type": "Feature", "properties": {"pnu": "4136026221100070056", "addr": "\uacbd\uae30\ub3c4 \ub0a8\uc591\uc8fc\uc2dc \uc624\ub0a8\uc74d \uc591\uc9c0\ub9ac 7-56", "jibun": "7-56", "jimok": "\uacf5\uc7a5\uc6a9\uc9c0", "area_reg": 2107.0, "area_geom": 2107.3, "incl_ratio": 1.0, "area_incl": 2107.0, "zone": "\ub18d\ub9bc\uc9c0\uc5ed", "use": "\uacf5\uc5c5\uc6a9", "owner": "\uac1c\uc778", "price": 329500.0, "price_year": "2025", "included": true, "free": false, "note": ""}, "geometry": {"type": "MultiPolygon", "coordinates": [[[[127.20979342130931, 37.708063571599595], [127.2095057798477, 37.708086567389266], [127.2095588001359, 37.70829489415606], [127.20959827889645, 37.708450015761734], [127.20961380445294, 37.70851102875844], [127.21016479831782, 37.70846473656303], [127.21002626239795, 37.708132453353755], [127.20979342130931, 37.708063571599595]]]]}}, {"id": "685", "type": "Feature", "properties": {"pnu": "4136025328100880001", "addr": "\uacbd\uae30\ub3c4 \ub0a8\uc591\uc8fc\uc2dc \uc9c4\uc811\uc74d \uae08\uace1\ub9ac 88-1", "jibun": "88-1", "jimok": "\uad6c\uac70", "area_reg": 7.0, "area_geom": 6.9, "incl_ratio": 1.0, "area_incl": 7.0, "zone": "\uacc4\ud68d\uad00\ub9ac\uc9c0\uc5ed", "use": "\ud558\ucc9c\ub4f1", "owner": "\uad70\uc720\uc9c0", "price": 183100.0, "price_year": "2025", "included": true, "free": false, "note": ""}, "geometry": {"type": "MultiPolygon", "coordinates": [[[[127.2125535140885, 37.710631397016314], [127.21252331075009, 37.71062639665447], [127.21252351795415, 37.71065147914521], [127.21255570293837, 37.710651421547595], [127.21255543525474, 37.710649007440864], [127.2125535140885, 37.710631397016314]]]]}}, {"id": "686", "type": "Feature", "properties": {"pnu": "4136025328100940009", "addr": "\uacbd\uae30\ub3c4 \ub0a8\uc591\uc8fc\uc2dc \uc9c4\uc811\uc74d \uae08\uace1\ub9ac 94-9", "jibun": "94-9", "jimok": "\uc804", "area_reg": 168.0, "area_geom": 167.4, "incl_ratio": 1.0, "area_incl": 168.0, "zone": "\uacc4\ud68d\uad00\ub9ac\uc9c0\uc5ed", "use": "\uc804", "owner": "\uac1c\uc778", "price": 297100.0, "price_year": "2025", "included": true, "free": false, "note": ""}, "geometry": {"type": "MultiPolygon", "coordinates": [[[[127.21416838677575, 37.71193393966016], [127.21416556423618, 37.711946324004344], [127.21417180532225, 37.711955502588275], [127.2141862240002, 37.7119450974716], [127.21434572560473, 37.711838739125696], [127.21460917089098, 37.711733895589866], [127.21475953423547, 37.711692116323285], [127.21482214998635, 37.7116771281443], [127.21486477737712, 37.71160480266906], [127.21483910012671, 37.711628057974394], [127.21480662959685, 37.711651298533134], [127.21475962990584, 37.711674051808835], [127.2144765954768, 37.71174984792255], [127.21442496446367, 37.71177118590466], [127.21438253859607, 37.71179520113143], [127.21428458125303, 37.71185675163776], [127.21416838677575, 37.71193393966016]]]]}}, {"id": "687", "type": "Feature", "properties": {"pnu": "4136025328100920001", "addr": "\uacbd\uae30\ub3c4 \ub0a8\uc591\uc8fc\uc2dc \uc9c4\uc811\uc74d \uae08\uace1\ub9ac 92-1", "jibun": "92-1", "jimok": "\ub300", "area_reg": 4428.2, "area_geom": 4428.2, "incl_ratio": 0.0264, "area_incl": 116.9, "zone": "\uacc4\ud68d\uad00\ub9ac\uc9c0\uc5ed", "use": null, "owner": null, "price": 546100.0, "price_year": "2025", "included": false, "free": false, "note": ""}, "geometry": {"type": "MultiPolygon", "coordinates": [[[[127.21497002933003, 37.711239910688334], [127.21498028607469, 37.71123755862243], [127.21499442452561, 37.71127583303729], [127.21502405817888, 37.7113153407452], [127.21511815881983, 37.71129348410258], [127.21515452813993, 37.711269470573306], [127.21541343859974, 37.71104393120397], [127.2154111650272, 37.71102626740932], [127.21539238464007, 37.711014444778165], [127.21539532992735, 37.71090279188269], [127.21534213808918, 37.710838460359064], [127.2154642508971, 37.7107538545005], [127.21550677910001, 37.71072631592335], [127.21560283015445, 37.710740178607445], [127.21566515458343, 37.710683403761145], [127.21566517721307, 37.71068338570076], [127.2156020946806, 37.710634316578606], [127.21550333132859, 37.71056059871312], [127.21545556574053, 37.71060854463551], [127.21539937641379, 37.71058239245215], [127.21546271464025, 37.71046404393579], [127.21548911772878, 37.71027928021414], [127.21552372643815, 37.71016774102468], [127.21552373767521, 37.71016770496567], [127.21552374896405, 37.710167686925885], [127.21540354472825, 37.71002027291329], [127.21508553917339, 37.71014232639945], [127.2152091423863, 37.710288761532], [127.21530710818371, 37.710404844461486], [127.21530747421734, 37.71040593396532], [127.21536432102525, 37.7105741311166], [127.21475762914817, 37.71080955274146], [127.21476634106749, 37.710822186532255], [127.21482509252893, 37.71092717780951], [127.21485732159995, 37.71099784523816], [127.21492037632754, 37.711136155364606], [127.21497002933003, 37.711239910688334]]]]}}, {"id": "688", "type": "Feature", "properties": {"pnu": "4136025328100920004", "addr": "\uacbd\uae30\ub3c4 \ub0a8\uc591\uc8fc\uc2dc \uc9c4\uc811\uc74d \uae08\uace1\ub9ac 92-4", "jibun": "92-4", "jimok": "\uc784\uc57c", "area_reg": 1420.8, "area_geom": 1420.8, "incl_ratio": 0.0075, "area_incl": 10.7, "zone": "\uacc4\ud68d\uad00\ub9ac\uc9c0\uc5ed", "use": null, "owner": null, "price": 89100.0, "price_year": "2025", "included": false, "free": false, "note": ""}, "geometry": {"type": "MultiPolygon", "coordinates": [[[[127.21497002933003, 37.711239910688334], [127.21499656731878, 37.71129538009229], [127.21498236099896, 37.71133229130633], [127.2149800420508, 37.7113383139486], [127.21490144569597, 37.71154259678518], [127.21509447384132, 37.711398363257906], [127.21515429373994, 37.711365594922945], [127.21560193976237, 37.711041724122765], [127.21566655908771, 37.71090744412315], [127.21567535648683, 37.710878786475845], [127.21575661843661, 37.710797786282704], [127.21579424711454, 37.71064806765838], [127.21576134205726, 37.71066981367111], [127.21569992379263, 37.71071041460424], [127.21567878260798, 37.710693974356715], [127.21566517721307, 37.71068338570076], [127.21566515458343, 37.710683403761145], [127.21560283015445, 37.710740178607445], [127.21553860658184, 37.71081488606658], [127.21539532992735, 37.71090279188269], [127.21539238464007, 37.711014444778165], [127.2154111650272, 37.71102626740932], [127.21541343859974, 37.71104393120397], [127.21515452813993, 37.711269470573306], [127.21511815881983, 37.71129348410258], [127.21502405817888, 37.7113153407452], [127.21501019749726, 37.71131855525647], [127.21499442452561, 37.71127583303729], [127.21498028607469, 37.71123755862243], [127.21497002933003, 37.711239910688334]]]]}}, {"id": "689", "type": "Feature", "properties": {"pnu": "4136025328100940001", "addr": "\uacbd\uae30\ub3c4 \ub0a8\uc591\uc8fc\uc2dc \uc9c4\uc811\uc74d \uae08\uace1\ub9ac 94-1", "jibun": "94-1", "jimok": "\uc804", "area_reg": 2660.0, "area_geom": 2653.0, "incl_ratio": 0.9721, "area_incl": 2585.8, "zone": "\uacc4\ud68d\uad00\ub9ac\uc9c0\uc5ed", "use": "\uc804", "owner": "\ubc95\uc778", "price": 297100.0, "price_year": "2025", "included": true, "free": false, "note": ""}, "geometry": {"type": "MultiPolygon", "coordinates": [[[[127.21494039238765, 37.71127832741135], [127.21490105914293, 37.7112179258437], [127.21487077044716, 37.71115559785249], [127.21434145055386, 37.71136302848157], [127.21441911895246, 37.71155936164637], [127.21438359496535, 37.711597536586865], [127.21434236126844, 37.71164183036244], [127.21432775047313, 37.71171193376416], [127.21421841201321, 37.71181099389515], [127.21418308177205, 37.711869422109515], [127.21416838677575, 37.71193393966016], [127.21428458125303, 37.71185675163776], [127.21438253859607, 37.71179520113143], [127.21442496446367, 37.71177118590466], [127.2144765954768, 37.71174984792255], [127.21475962990584, 37.711674051808835], [127.21480662959685, 37.711651298533134], [127.21483910012671, 37.711628057974394], [127.21486477737712, 37.71160480266906], [127.21490144569597, 37.71154259678518], [127.2149800420508, 37.7113383139486], [127.21494039238765, 37.71127832741135]]]]}}, {"id": "690", "type": "Feature", "properties": {"pnu": "4136025328100940003", "addr": "\uacbd\uae30\ub3c4 \ub0a8\uc591\uc8fc\uc2dc \uc9c4\uc811\uc74d \uae08\uace1\ub9ac 94-3", "jibun": "94-3", "jimok": "\uacf5\uc7a5\uc6a9\uc9c0", "area_reg": 1411.0, "area_geom": 1429.8, "incl_ratio": 1.0, "area_incl": 1411.0, "zone": "\uacc4\ud68d\uad00\ub9ac\uc9c0\uc5ed", "use": "\uacf5\uc5c5\uc6a9", "owner": "\ubc95\uc778", "price": 554900.0, "price_year": "2025", "included": true, "free": false, "note": ""}, "geometry": {"type": "MultiPolygon", "coordinates": [[[[127.21434145055386, 37.71136302848157], [127.21488806850502, 37.71114881832692], [127.21484389023345, 37.71104003468878], [127.21481606119472, 37.71101282183817], [127.21478538211717, 37.711023959195934], [127.21474313673251, 37.710936614983254], [127.21432164142333, 37.71108659419366], [127.21422538371931, 37.71120286618853], [127.21428962465751, 37.71123678873548], [127.21434145055386, 37.71136302848157]]]]}}, {"id": "691", "type": "Feature", "properties": {"pnu": "4136025328100940004", "addr": "\uacbd\uae30\ub3c4 \ub0a8\uc591\uc8fc\uc2dc \uc9c4\uc811\uc74d \uae08\uace1\ub9ac 94-4", "jibun": "94-4", "jimok": "\uacf5\uc7a5\uc6a9\uc9c0", "area_reg": 950.0, "area_geom": 951.3, "incl_ratio": 1.0, "area_incl": 950.0, "zone": "\uacc4\ud68d\uad00\ub9ac\uc9c0\uc5ed", "use": "\uacf5\uc5c5\uc6a9", "owner": "\ubc95\uc778", "price": 554900.0, "price_year": "2025", "included": true, "free": false, "note": ""}, "geometry": {"type": "MultiPolygon", "coordinates": [[[[127.21322629914806, 37.711769172641134], [127.2133047292016, 37.711755814648285], [127.21329599577214, 37.711739558912], [127.21332033816294, 37.71157783707752], [127.2134026675313, 37.71153598351147], [127.21337774744676, 37.71146682518884], [127.2132323960556, 37.711360961617515], [127.213108677594, 37.71132482975792], [127.21303462226597, 37.71143679036338], [127.21307342408645, 37.71149425636152], [127.21306286643683, 37.71160223790342], [127.21313604655441, 37.71168895958925], [127.21322629914806, 37.711769172641134]]]]}}, {"id": "692", "type": "Feature", "properties": {"pnu": "4136025328100940005", "addr": "\uacbd\uae30\ub3c4 \ub0a8\uc591\uc8fc\uc2dc \uc9c4\uc811\uc74d \uae08\uace1\ub9ac 94-5", "jibun": "94-5", "jimok": "\uacf5\uc7a5\uc6a9\uc9c0", "area_reg": 80.0, "area_geom": 82.8, "incl_ratio": 1.0, "area_incl": 80.0, "zone": "\uacc4\ud68d\uad00\ub9ac\uc9c0\uc5ed", "use": "\uacf5\uc5c5\uc6a9", "owner": "\ubc95\uc778", "price": 554900.0, "price_year": "2025", "included": true, "free": false, "note": ""}, "geometry": {"type": "MultiPolygon", "coordinates": [[[[127.21338910098059, 37.71188952840802], [127.2133047292016, 37.711755814648285], [127.21322629914806, 37.711769172641134], [127.2132845311522, 37.71181964823199], [127.2132521916161, 37.71183731115612], [127.21338910098059, 37.71188952840802]]]]}}, {"id": "693", "type": "Feature", "properties": {"pnu": "4136025328100950017", "addr": "\uacbd\uae30\ub3c4 \ub0a8\uc591\uc8fc\uc2dc \uc9c4\uc811\uc74d \uae08\uace1\ub9ac 95-17", "jibun": "95-17", "jimok": "\ub3c4\ub85c", "area_reg": 116.0, "area_geom": 115.3, "incl_ratio": 0.5246, "area_incl": 60.9, "zone": "\uacc4\ud68d\uad00\ub9ac\uc9c0\uc5ed", "use": "\ub3c4\ub85c\ub4f1", "owner": "\ubc95\uc778", "price": 183100.0, "price_year": "2025", "included": true, "free": false, "note": ""}, "geometry": {"type": "MultiPolygon", "coordinates": [[[[127.2130293275809, 37.71233912497136], [127.21302721764567, 37.71226712366603], [127.21296866647683, 37.712299960720856], [127.21302596524222, 37.712584625827425], [127.21304527302378, 37.7124388511659], [127.2130293275809, 37.71233912497136]]]]}}, {"id": "694", "type": "Feature", "properties": {"pnu": "4136025328100940006", "addr": "\uacbd\uae30\ub3c4 \ub0a8\uc591\uc8fc\uc2dc \uc9c4\uc811\uc74d \uae08\uace1\ub9ac 94-6", "jibun": "94-6", "jimok": "\uacf5\uc7a5\uc6a9\uc9c0", "area_reg": 1459.0, "area_geom": 1459.7, "incl_ratio": 1.0, "area_incl": 1459.0, "zone": "\uacc4\ud68d\uad00\ub9ac\uc9c0\uc5ed", "use": "\uacf5\uc5c5\uc6a9", "owner": "\ubc95\uc778", "price": 554900.0, "price_year": "2025", "included": true, "free": false, "note": ""}, "geometry": {"type": "MultiPolygon", "coordinates": [[[[127.21437240908783, 37.711025254977734], [127.21432164142333, 37.71108659419366], [127.21474313673251, 37.710936614983254], [127.21478538211717, 37.711023959195934], [127.21485732159995, 37.71099784523816], [127.21482509252893, 37.71092717780951], [127.21476634106749, 37.710822186532255], [127.21475762914817, 37.71080955274146], [127.21460567797271, 37.710589253225415], [127.21437680513134, 37.710698647305115], [127.21432038081835, 37.71078454802563], [127.21434253492602, 37.71089355181164], [127.21437240908783, 37.711025254977734]]]]}}, {"id": "695", "type": "Feature", "properties": {"pnu": "4136025328100940007", "addr": "\uacbd\uae30\ub3c4 \ub0a8\uc591\uc8fc\uc2dc \uc9c4\uc811\uc74d \uae08\uace1\ub9ac 94-7", "jibun": "94-7", "jimok": "\ub3c4\ub85c", "area_reg": 89.0, "area_geom": 88.2, "incl_ratio": 0.0977, "area_incl": 8.7, "zone": "\uacc4\ud68d\uad00\ub9ac\uc9c0\uc5ed", "use": "\ub3c4\ub85c\ub4f1", "owner": "\ubc95\uc778", "price": 183100.0, "price_year": "2025", "included": true, "free": false, "note": ""}, "geometry": {"type": "MultiPolygon", "coordinates": [[[[127.21490105914293, 37.7112179258437], [127.21494039238765, 37.71127832741135], [127.21498236099896, 37.71133229130633], [127.21499656731878, 37.71129538009229], [127.21492037632754, 37.711136155364606], [127.21487077044716, 37.71115559785249], [127.21490105914293, 37.7112179258437]]]]}}, {"id": "696", "type": "Feature", "properties": {"pnu": "4136025328100940008", "addr": "\uacbd\uae30\ub3c4 \ub0a8\uc591\uc8fc\uc2dc \uc9c4\uc811\uc74d \uae08\uace1\ub9ac 94-8", "jibun": "94-8", "jimok": "\ub3c4\ub85c", "area_reg": 49.0, "area_geom": 49.6, "incl_ratio": 0.7303, "area_incl": 35.8, "zone": "\uacc4\ud68d\uad00\ub9ac\uc9c0\uc5ed", "use": "\ub3c4\ub85c\ub4f1", "owner": "\ubc95\uc778", "price": 183100.0, "price_year": "2025", "included": true, "free": false, "note": ""}, "geometry": {"type": "MultiPolygon", "coordinates": [[[[127.21481606119472, 37.71101282183817], [127.21484389023345, 37.71104003468878], [127.21488806850502, 37.71114881832692], [127.21492037632754, 37.711136155364606], [127.21485732159995, 37.71099784523816], [127.21481606119472, 37.71101282183817]]]]}}, {"id": "697", "type": "Feature", "properties": {"pnu": "4136025328100950002", "addr": "\uacbd\uae30\ub3c4 \ub0a8\uc591\uc8fc\uc2dc \uc9c4\uc811\uc74d \uae08\uace1\ub9ac 95-2", "jibun": "95-2", "jimok": "\ub3c4\ub85c", "area_reg": 110.0, "area_geom": 109.3, "incl_ratio": 0.9594, "area_incl": 105.5, "zone": "\uacc4\ud68d\uad00\ub9ac\uc9c0\uc5ed", "use": "\ub3c4\ub85c\ub4f1", "owner": "\uad70\uc720\uc9c0", "price": 102100.0, "price_year": "2025", "included": true, "free": false, "note": ""}, "geometry": {"type": "MultiPolygon", "coordinates": [[[[127.21289130227038, 37.71208986834667], [127.21291933884007, 37.712214196250464], [127.2129657880053, 37.712424452158885], [127.21297822068576, 37.71247735252241], [127.21296866647683, 37.712299960720856], [127.2129630755695, 37.712196260711536], [127.21286118084556, 37.7120061055984], [127.21285783830895, 37.71202714911352], [127.21287810600012, 37.71206355680535], [127.21289130227038, 37.71208986834667]]]]}}, {"id": "698", "type": "Feature", "properties": {"pnu": "4136025328100950003", "addr": "\uacbd\uae30\ub3c4 \ub0a8\uc591\uc8fc\uc2dc \uc9c4\uc811\uc74d \uae08\uace1\ub9ac 95-3", "jibun": "95-3", "jimok": "\uacf5\uc7a5\uc6a9\uc9c0", "area_reg": 967.0, "area_geom": 951.3, "incl_ratio": 1.0, "area_incl": 967.0, "zone": "\uacc4\ud68d\uad00\ub9ac\uc9c0\uc5ed", "use": "\uacf5\uc5c5\uc6a9", "owner": "\ubc95\uc778", "price": 554900.0, "price_year": "2025", "included": true, "free": false, "note": ""}, "geometry": {"type": "MultiPolygon", "coordinates": [[[[127.21275692280116, 37.71201398665504], [127.21286118084556, 37.7120061055984], [127.2128679248043, 37.711956801735234], [127.21290117309735, 37.71180385744413], [127.21277679065768, 37.71161393175782], [127.21268851008473, 37.71148506273264], [127.21271247361257, 37.71135724499692], [127.21264117076082, 37.71125636552488], [127.21254502283554, 37.71103240462672], [127.21250222570124, 37.71097353108341], [127.21252239929119, 37.71090491354459], [127.2124792742418, 37.71082634548727], [127.2125633495447, 37.710708438936855], [127.21256049715447, 37.710686379412955], [127.21255570293837, 37.710651421547595], [127.21252351795415, 37.71065147914521], [127.21252307634595, 37.71071971901289], [127.21242432083675, 37.71084382340149], [127.21246469280466, 37.71089536745953], [127.21244616300837, 37.71097178440344], [127.21250126433736, 37.71106245802883], [127.21253985518636, 37.71117772147474], [127.2125729846334, 37.71127067778403], [127.21259281067456, 37.711343422228744], [127.21263674109292, 37.711493858751325], [127.21269307541473, 37.71160318004005], [127.21278914776133, 37.71178411986667], [127.2127891708005, 37.711876126337096], [127.21280172388903, 37.71195154161528], [127.21278132037553, 37.711995103775], [127.21275692280116, 37.71201398665504]]]]}}, {"id": "699", "type": "Feature", "properties": {"pnu": "4136025328100950004", "addr": "\uacbd\uae30\ub3c4 \ub0a8\uc591\uc8fc\uc2dc \uc9c4\uc811\uc74d \uae08\uace1\ub9ac 95-4", "jibun": "95-4", "jimok": "\uacf5\uc7a5\uc6a9\uc9c0", "area_reg": 975.0, "area_geom": 987.5, "incl_ratio": 1.0, "area_incl": 975.0, "zone": "\uacc4\ud68d\uad00\ub9ac\uc9c0\uc5ed", "use": "\uacf5\uc5c5\uc6a9", "owner": "\ubc95\uc778", "price": 593100.0, "price_year": "2025", "included": true, "free": false, "note": ""}, "geometry": {"type": "MultiPolygon", "coordinates": [[[[127.21302575885493, 37.71222470886939], [127.21302721764567, 37.71226712366603], [127.21339684410339, 37.7120598418592], [127.21351270590357, 37.711992917182805], [127.21347968425897, 37.71196620888705], [127.21338910098059, 37.71188952840802], [127.21332444395054, 37.711864868038475], [127.21297414061304, 37.71203926580358], [127.21302385152772, 37.7121521666204], [127.21302575885493, 37.71222470886939]]]]}}, {"id": "700", "type": "Feature", "properties": {"pnu": "4136025328100950005", "addr": "\uacbd\uae30\ub3c4 \ub0a8\uc591\uc8fc\uc2dc \uc9c4\uc811\uc74d \uae08\uace1\ub9ac 95-5", "jibun": "95-5", "jimok": "\ub3c4\ub85c", "area_reg": 68.0, "area_geom": 70.0, "incl_ratio": 0.1109, "area_incl": 7.5, "zone": "\uacc4\ud68d\uad00\ub9ac\uc9c0\uc5ed", "use": "\ub3c4\ub85c\ub4f1", "owner": "\uad70\uc720\uc9c0", "price": 102100.0, "price_year": "2025", "included": true, "free": false, "note": ""}, "geometry": {"type": "MultiPolygon", "coordinates": [[[[127.21305058640083, 37.712736123895745], [127.21305191084879, 37.71273924786663], [127.21305659915213, 37.712736815861355], [127.21302596524222, 37.712584625827425], [127.21296866647683, 37.712299960720856], [127.21297822068576, 37.71247735252241], [127.21300858479148, 37.712606487372994], [127.21301918894899, 37.71263450636955], [127.21302892845596, 37.71266156288395], [127.21304139521915, 37.71271445416775], [127.21305058640083, 37.712736123895745]]]]}}, {"id": "701", "type": "Feature", "properties": {"pnu": "4136025328100950006", "addr": "\uacbd\uae30\ub3c4 \ub0a8\uc591\uc8fc\uc2dc \uc9c4\uc811\uc74d \uae08\uace1\ub9ac 95-6", "jibun": "95-6", "jimok": "\ub3c4\ub85c", "area_reg": 2.0, "area_geom": 2.7, "incl_ratio": 1.0, "area_incl": 2.0, "zone": "\uacc4\ud68d\uad00\ub9ac\uc9c0\uc5ed", "use": "\ub3c4\ub85c\ub4f1", "owner": "\uad70\uc720\uc9c0", "price": 102100.0, "price_year": "2025", "included": true, "free": false, "note": ""}, "geometry": {"type": "MultiPolygon", "coordinates": [[[[127.21285085067451, 37.71201461119988], [127.21285783830895, 37.71202714911352], [127.21286118084556, 37.7120061055984], [127.21275692280116, 37.71201398665504], [127.21284700408326, 37.71200991505841], [127.21285085067451, 37.71201461119988]]]]}}, {"id": "702", "type": "Feature", "properties": {"pnu": "4136025328100950008", "addr": "\uacbd\uae30\ub3c4 \ub0a8\uc591\uc8fc\uc2dc \uc9c4\uc811\uc74d \uae08\uace1\ub9ac 95-8", "jibun": "95-8", "jimok": "\uc7a1\uc885\uc9c0", "area_reg": 596.0, "area_geom": 595.9, "incl_ratio": 1.0, "area_incl": 596.0, "zone": "\uacc4\ud68d\uad00\ub9ac\uc9c0\uc5ed", "use": "\uacf5\uc5c5\ub098\uc9c0", "owner": "\uac1c\uc778", "price": 554900.0, "price_year": "2025", "included": true, "free": false, "note": ""}, "geometry": {"type": "MultiPolygon", "coordinates": [[[[127.21416838677575, 37.71193393966016], [127.21418308177205, 37.711869422109515], [127.21421841201321, 37.71181099389515], [127.21432775047313, 37.71171193376416], [127.21434236126844, 37.71164183036244], [127.21424967584143, 37.71174242814389], [127.21417810654835, 37.71185079012399], [127.21406598685732, 37.71191331200219], [127.21396991618757, 37.71196848902559], [127.21391190477361, 37.712055113164965], [127.21373222798164, 37.71207850136351], [127.21354179449581, 37.71201643411683], [127.21351270590357, 37.711992917182805], [127.21345414664675, 37.71202674555536], [127.21371265743925, 37.71211571038318], [127.21397396901078, 37.712156630163605], [127.21401166949256, 37.712090143119475], [127.21411807158611, 37.71196735707018], [127.21416838677575, 37.71193393966016]]]]}}, {"id": "703", "type": "Feature", "properties": {"pnu": "4136025328100950009", "addr": "\uacbd\uae30\ub3c4 \ub0a8\uc591\uc8fc\uc2dc \uc9c4\uc811\uc74d \uae08\uace1\ub9ac 95-9", "jibun": "95-9", "jimok": "\ub300", "area_reg": 653.0, "area_geom": 656.2, "incl_ratio": 1.0, "area_incl": 653.0, "zone": "\uacc4\ud68d\uad00\ub9ac\uc9c0\uc5ed", "use": "\uacf5\uc5c5\uc6a9", "owner": "\ubc95\uc778", "price": 549300.0, "price_year": "2025", "included": true, "free": false, "note": ""}, "geometry": {"type": "MultiPolygon", "coordinates": [[[[127.21302575885493, 37.71222470886939], [127.21302385152772, 37.7121521666204], [127.21297414061304, 37.71203926580358], [127.21332444395054, 37.711864868038475], [127.2132521916161, 37.71183731115612], [127.21314394754394, 37.711815296695214], [127.21300288463353, 37.71186975181385], [127.2128679248043, 37.711956801735234], [127.21286118084556, 37.7120061055984], [127.2129630755695, 37.712196260711536], [127.21296634408971, 37.71225694382603], [127.21302575885493, 37.71222470886939]]]]}}, {"id": "704", "type": "Feature", "properties": {"pnu": "4136025328100950010", "addr": "\uacbd\uae30\ub3c4 \ub0a8\uc591\uc8fc\uc2dc \uc9c4\uc811\uc74d \uae08\uace1\ub9ac 95-10", "jibun": "95-10", "jimok": "\ub3c4\ub85c", "area_reg": 25.0, "area_geom": 25.3, "incl_ratio": 1.0, "area_incl": 25.0, "zone": "\uacc4\ud68d\uad00\ub9ac\uc9c0\uc5ed", "use": "\ub3c4\ub85c\ub4f1", "owner": "\ubc95\uc778", "price": 183100.0, "price_year": "2025", "included": true, "free": false, "note": ""}, "geometry": {"type": "MultiPolygon", "coordinates": [[[[127.21302575885493, 37.71222470886939], [127.21296634408971, 37.71225694382603], [127.21296866647683, 37.712299960720856], [127.21302721764567, 37.71226712366603], [127.21302575885493, 37.71222470886939]]]]}}, {"id": "705", "type": "Feature", "properties": {"pnu": "4136025328100950014", "addr": "\uacbd\uae30\ub3c4 \ub0a8\uc591\uc8fc\uc2dc \uc9c4\uc811\uc74d \uae08\uace1\ub9ac 95-14", "jibun": "95-14", "jimok": "\uad6c\uac70", "area_reg": 3717.0, "area_geom": 3717.4, "incl_ratio": 0.3263, "area_incl": 1212.9, "zone": "\uacc4\ud68d\uad00\ub9ac\uc9c0\uc5ed", "use": "\ub3c4\ub85c\ub4f1", "owner": "\uad6d\uc720\uc9c0", "price": 183100.0, "price_year": "2025", "included": true, "free": false, "note": ""}, "geometry": {"type": "MultiPolygon", "coordinates": [[[[127.21570905799992, 37.71130316975084], [127.21566163528966, 37.71131274304162], [127.21537249354526, 37.711338323616815], [127.21535421082136, 37.711310273703354], [127.21535866433722, 37.71127749754044], [127.21559351258973, 37.711124195715534], [127.21568595504124, 37.71112134297624], [127.21573728795843, 37.710984906736], [127.215806050413, 37.71085202463709], [127.21591283010079, 37.7108186480069], [127.21590839911003, 37.710650499994955], [127.21591128756745, 37.71064536825354], [127.21579429665864, 37.710645580905485], [127.21579424711454, 37.71064806765838], [127.21575661843661, 37.710797786282704], [127.21567535648683, 37.710878786475845], [127.21566655908771, 37.71090744412315], [127.21560193976237, 37.711041724122765], [127.21515429373994, 37.711365594922945], [127.21509447384132, 37.711398363257906], [127.21490144569597, 37.71154259678518], [127.21482214998635, 37.7116771281443], [127.21483804780893, 37.71170802049181], [127.21475326654993, 37.71182011869578], [127.21458104279327, 37.711871649854416], [127.21422180578, 37.71198656776134], [127.2141862240002, 37.7119450974716], [127.21417180532225, 37.711955502588275], [127.21409915055581, 37.71200556505415], [127.21401166949256, 37.712090143119475], [127.21395072353273, 37.71219762088519], [127.21389636604697, 37.71229697807008], [127.21382133318647, 37.712420013765865], [127.21380339615465, 37.71244942651401], [127.21370373014925, 37.71255256813206], [127.21349521121367, 37.7125837381421], [127.21323441079927, 37.71263921058378], [127.21309518132774, 37.71271678126483], [127.21307805887625, 37.712725677477785], [127.21310324483007, 37.712772617586694], [127.21311620442792, 37.71278741519763], [127.21327592095568, 37.712699617793746], [127.21346644450045, 37.71266932742583], [127.21369355651562, 37.71263983584451], [127.21374672446356, 37.71263220809874], [127.21378111455557, 37.71256598837102], [127.21402632206987, 37.71233637736454], [127.21411942342898, 37.712198397996914], [127.21430871164276, 37.71204998302584], [127.21440947403445, 37.71201743849749], [127.21483256594844, 37.7118727357552], [127.21484620769951, 37.711868278329874], [127.21493105489691, 37.71173965624915], [127.2149544747436, 37.71170434109361], [127.21505710474146, 37.711599643380055], [127.21509397409027, 37.71152850851242], [127.21514547710969, 37.711486412242486], [127.21528080855207, 37.71144310087366], [127.215410628551, 37.711399925482006], [127.21552997542837, 37.7113588411748], [127.21563157375166, 37.71134931373092], [127.2156291436915, 37.7113364073193], [127.21567130602871, 37.71133139346712], [127.21570905799992, 37.71130316975084]]]]}}, {"id": "706", "type": "Feature", "properties": {"pnu": "4136025328100950015", "addr": "\uacbd\uae30\ub3c4 \ub0a8\uc591\uc8fc\uc2dc \uc9c4\uc811\uc74d \uae08\uace1\ub9ac 95-15", "jibun": "95-15", "jimok": "\ub300", "area_reg": 1648.0, "area_geom": 1639.0, "incl_ratio": 0.7779, "area_incl": 1282.0, "zone": "\uacc4\ud68d\uad00\ub9ac\uc9c0\uc5ed", "use": "\uacf5\uc5c5\uae30\ud0c0", "owner": "\ubc95\uc778", "price": 554900.0, "price_year": "2025", "included": true, "free": false, "note": ""}, "geometry": {"type": "MultiPolygon", "coordinates": [[[[127.21320578085485, 37.71216698536645], [127.21302721764567, 37.71226712366603], [127.2130293275809, 37.71233912497136], [127.2131079592188, 37.71238846487351], [127.21319625788634, 37.71250312531912], [127.2132649701801, 37.71252590446719], [127.21337242941841, 37.712463076391096], [127.21332444710877, 37.71241187968677], [127.21342157844386, 37.712354439864995], [127.21371514526199, 37.71218080059882], [127.21362781151798, 37.71208650961026], [127.21345414664675, 37.71202674555536], [127.21339684410339, 37.7120598418592], [127.21320578085485, 37.71216698536645]]]]}}, {"id": "707", "type": "Feature", "properties": {"pnu": "4136025328100950026", "addr": "\uacbd\uae30\ub3c4 \ub0a8\uc591\uc8fc\uc2dc \uc9c4\uc811\uc74d \uae08\uace1\ub9ac 95-26", "jibun": "95-26", "jimok": "\uc804", "area_reg": 23.0, "area_geom": 22.8, "incl_ratio": 1.0, "area_incl": 23.0, "zone": "\uacc4\ud68d\uad00\ub9ac\uc9c0\uc5ed", "use": "\ud558\ucc9c\ub4f1", "owner": "\uac1c\uc778", "price": 183100.0, "price_year": "2025", "included": true, "free": false, "note": ""}, "geometry": {"type": "MultiPolygon", "coordinates": [[[[127.21416838677575, 37.71193393966016], [127.21411807158611, 37.71196735707018], [127.21401166949256, 37.712090143119475], [127.21409915055581, 37.71200556505415], [127.21417180532225, 37.711955502588275], [127.21416556423618, 37.711946324004344], [127.21416838677575, 37.71193393966016]]]]}}, {"id": "708", "type": "Feature", "properties": {"pnu": "4136025328101040001", "addr": "\uacbd\uae30\ub3c4 \ub0a8\uc591\uc8fc\uc2dc \uc9c4\uc811\uc74d \uae08\uace1\ub9ac 104-1", "jibun": "104-1", "jimok": "\uc804", "area_reg": 3007.5, "area_geom": 3007.5, "incl_ratio": 0.0012, "area_incl": 3.6, "zone": "\uc81c1\uc885\uc77c\ubc18\uc8fc\uac70\uc9c0\uc5ed", "use": null, "owner": null, "price": 315100.0, "price_year": "2025", "included": false, "free": false, "note": ""}, "geometry": {"type": "MultiPolygon", "coordinates": [[[[127.21099709843028, 37.713477481572816], [127.2112338314468, 37.71337964849322], [127.2113469997099, 37.713333425899336], [127.21165530100528, 37.71320571474749], [127.2115346131436, 37.713002510003875], [127.21099275752321, 37.71303931422296], [127.21099491712326, 37.71299669476511], [127.21076918579296, 37.712949281377504], [127.21072554427417, 37.71284409912949], [127.2105675102499, 37.712902212326], [127.21061398123202, 37.71300538947306], [127.21070176857776, 37.71320149987509], [127.21098257627591, 37.71324993275909], [127.21099709843028, 37.713477481572816]]]]}}, {"id": "709", "type": "Feature", "properties": {"pnu": "4136025328100970001", "addr": "\uacbd\uae30\ub3c4 \ub0a8\uc591\uc8fc\uc2dc \uc9c4\uc811\uc74d \uae08\uace1\ub9ac 97-1", "jibun": "97-1", "jimok": "\uacf5\uc7a5\uc6a9\uc9c0", "area_reg": 8114.0, "area_geom": 8109.8, "incl_ratio": 1.0, "area_incl": 8114.0, "zone": "\uacc4\ud68d\uad00\ub9ac\uc9c0\uc5ed", "use": "\uacf5\uc5c5\uc6a9", "owner": "\ubc95\uc778", "price": 554900.0, "price_year": "2025", "included": true, "free": false, "note": ""}, "geometry": {"type": "MultiPolygon", "coordinates": [[[[127.21351270590357, 37.711992917182805], [127.21354179449581, 37.71201643411683], [127.21373222798164, 37.71207850136351], [127.21391190477361, 37.712055113164965], [127.21396991618757, 37.71196848902559], [127.21406598685732, 37.71191331200219], [127.21417810654835, 37.71185079012399], [127.21424967584143, 37.71174242814389], [127.21434236126844, 37.71164183036244], [127.21438358359869, 37.71159752759774], [127.21409472175363, 37.71147548147043], [127.21396042964281, 37.71141832303184], [127.21362351037003, 37.71127773036638], [127.21383054275431, 37.71092554905754], [127.21377753403407, 37.7109090487181], [127.21315890414164, 37.71095715500458], [127.21290452852723, 37.71099681227137], [127.21294867567605, 37.71105173702167], [127.21309916017171, 37.71124021020753], [127.21305646649928, 37.71126181986414], [127.213108677594, 37.71132482975792], [127.2132323960556, 37.711360961617515], [127.21337774744676, 37.71146682518884], [127.2134026675313, 37.71153598351147], [127.21332033816294, 37.71157783707752], [127.21329599577214, 37.711739558912], [127.2133047292016, 37.711755814648285], [127.21338910098059, 37.71188952840802], [127.21347968425897, 37.71196620888705], [127.21351270590357, 37.711992917182805]]]]}}, {"id": "710", "type": "Feature", "properties": {"pnu": "4136025328100970002", "addr": "\uacbd\uae30\ub3c4 \ub0a8\uc591\uc8fc\uc2dc \uc9c4\uc811\uc74d \uae08\uace1\ub9ac 97-2", "jibun": "97-2", "jimok": "\uacf5\uc7a5\uc6a9\uc9c0", "area_reg": 376.0, "area_geom": 410.4, "incl_ratio": 1.0, "area_incl": 376.0, "zone": "\uacc4\ud68d\uad00\ub9ac\uc9c0\uc5ed", "use": "\uacf5\uc5c5\uc6a9", "owner": "\ubc95\uc778", "price": 554900.0, "price_year": "2025", "included": true, "free": false, "note": ""}, "geometry": {"type": "MultiPolygon", "coordinates": [[[[127.21315890414164, 37.71095715500458], [127.21298789564985, 37.710741599653225], [127.21281887739411, 37.71070741371276], [127.21278788932435, 37.71078953812437], [127.21289081475251, 37.71081218411777], [127.21297408663219, 37.71089470734967], [127.21299566317882, 37.71096078145236], [127.21290452852723, 37.71099681227137], [127.21315890414164, 37.71095715500458]]]]}}, {"id": "711", "type": "Feature", "properties": {"pnu": "4136025328100980001", "addr": "\uacbd\uae30\ub3c4 \ub0a8\uc591\uc8fc\uc2dc \uc9c4\uc811\uc74d \uae08\uace1\ub9ac 98-1", "jibun": "98-1", "jimok": "\uc804", "area_reg": 13.0, "area_geom": 13.0, "incl_ratio": 1.0, "area_incl": 13.0, "zone": "\uacc4\ud68d\uad00\ub9ac\uc9c0\uc5ed", "use": "\uc804\uae30\ud0c0", "owner": "\uad70\uc720\uc9c0", "price": 236700.0, "price_year": "2025", "included": true, "free": false, "note": ""}, "geometry": {"type": "MultiPolygon", "coordinates": [[[[127.21258880045211, 37.71063722616921], [127.2125534687001, 37.710631388087904], [127.21255537867883, 37.710649052590355], [127.21256049715447, 37.710686379412955], [127.21257484660504, 37.71068756102293], [127.21257464221635, 37.710687471292275], [127.21258880045211, 37.71063722616921]]]]}}, {"id": "712", "type": "Feature", "properties": {"pnu": "4136025328101000001", "addr": "\uacbd\uae30\ub3c4 \ub0a8\uc591\uc8fc\uc2dc \uc9c4\uc811\uc74d \uae08\uace1\ub9ac 100-1", "jibun": "100-1", "jimok": "\uacf5\uc7a5\uc6a9\uc9c0", "area_reg": 251.0, "area_geom": 239.2, "incl_ratio": 1.0, "area_incl": 251.0, "zone": "\uacc4\ud68d\uad00\ub9ac\uc9c0\uc5ed", "use": "\uacf5\uc5c5\uc6a9", "owner": "\uad70\uc720\uc9c0", "price": 554900.0, "price_year": "2025", "included": true, "free": false, "note": ""}, "geometry": {"type": "MultiPolygon", "coordinates": [[[[127.21235628158978, 37.711214097453976], [127.21235686071785, 37.71135446672752], [127.21236777424802, 37.71139976573971], [127.21243396713955, 37.71156644295879], [127.21252670822653, 37.71178467087824], [127.21258720994048, 37.711875830316544], [127.21273017274537, 37.7120111695057], [127.21273401633748, 37.71201481152773], [127.21275692280116, 37.71201398665504], [127.21267540918329, 37.71195594835733], [127.21262505952154, 37.7118735101479], [127.21255244703967, 37.7117508566599], [127.21251929687263, 37.711686659182824], [127.21246217560177, 37.71157170819076], [127.21240544205898, 37.71140141922119], [127.21237494331756, 37.71125223796172], [127.21237211451373, 37.711214474577226], [127.21235628158978, 37.711214097453976]]]]}}, {"id": "713", "type": "Feature", "properties": {"pnu": "4136025328101010002", "addr": "\uacbd\uae30\ub3c4 \ub0a8\uc591\uc8fc\uc2dc \uc9c4\uc811\uc74d \uae08\uace1\ub9ac 101-2", "jibun": "101-2", "jimok": "\ub2f5", "area_reg": 82.0, "area_geom": 82.2, "incl_ratio": 0.6289, "area_incl": 51.6, "zone": "\uacc4\ud68d\uad00\ub9ac\uc9c0\uc5ed", "use": "\uc804\uae30\ud0c0", "owner": "\uad70\uc720\uc9c0", "price": 236700.0, "price_year": "2025", "included": true, "free": false, "note": ""}, "geometry": {"type": "MultiPolygon", "coordinates": [[[[127.21278441097712, 37.712252837186824], [127.21278908315455, 37.71224073787076], [127.21275887295457, 37.71230547224367], [127.21280019478756, 37.71241958646117], [127.21282703668787, 37.71254256507373], [127.21283574582716, 37.71256624483397], [127.21285613225199, 37.71256055023988], [127.2127907227942, 37.712267007060746], [127.21278441097712, 37.712252837186824]]]]}}, {"id": "714", "type": "Feature", "properties": {"pnu": "4136025328101040003", "addr": "\uacbd\uae30\ub3c4 \ub0a8\uc591\uc8fc\uc2dc \uc9c4\uc811\uc74d \uae08\uace1\ub9ac 104-3", "jibun": "104-3", "jimok": "\uc784\uc57c", "area_reg": 16972.0, "area_geom": 17074.6, "incl_ratio": 0.708, "area_incl": 12016.2, "zone": "\uc81c1\uc885\uc77c\ubc18\uc8fc\uac70\uc9c0\uc5ed", "use": "\ud1a0\uc9c0\uc784\uc57c", "owner": "\uac1c\uc778", "price": 145700.0, "price_year": "2025", "included": true, "free": false, "note": ""}, "geometry": {"type": "MultiPolygon", "coordinates": [[[[127.21099491712326, 37.71299669476511], [127.21102922995868, 37.71278931285521], [127.21126997374094, 37.712767306753925], [127.21159554770136, 37.712540008437294], [127.2115523106868, 37.71243783499011], [127.21141591542793, 37.71218580777194], [127.21111436595662, 37.71227731456555], [127.2110070830487, 37.71229056019151], [127.21082467761651, 37.71221125685957], [127.21045673294236, 37.71204687971402], [127.21026973237642, 37.712027074358744], [127.21007627774004, 37.71204732800204], [127.20987602928525, 37.71212412886586], [127.20969639306816, 37.712158484593715], [127.20970795415232, 37.71266686049851], [127.20993704566095, 37.712748362481925], [127.2099666937126, 37.71332819786877], [127.21005535550879, 37.713654703779675], [127.21040454396103, 37.71359918093028], [127.21035374259635, 37.713399743329035], [127.21065202626903, 37.71335084188401], [127.21070512844622, 37.7133881106854], [127.21079770076749, 37.71345456373114], [127.21082315449539, 37.713532614149386], [127.21099709843028, 37.713477481572816], [127.21098257627591, 37.71324993275909], [127.21070176857776, 37.71320149987509], [127.21061398123202, 37.71300538947306], [127.2105675102499, 37.712902212326], [127.21072554427417, 37.71284409912949], [127.21076918579296, 37.712949281377504], [127.21099491712326, 37.71299669476511]]]]}}, {"id": "715", "type": "Feature", "properties": {"pnu": "4136025328101220001", "addr": "\uacbd\uae30\ub3c4 \ub0a8\uc591\uc8fc\uc2dc \uc9c4\uc811\uc74d \uae08\uace1\ub9ac 122-1", "jibun": "122-1", "jimok": "\ub300", "area_reg": 1008.3, "area_geom": 1008.3, "incl_ratio": 0.0229, "area_incl": 23.1, "zone": "\uc81c1\uc885\uc77c\ubc18\uc8fc\uac70\uc9c0\uc5ed", "use": null, "owner": null, "price": 585600.0, "price_year": "2025", "included": false, "free": false, "note": ""}, "geometry": {"type": "MultiPolygon", "coordinates": [[[[127.21478200127365, 37.71231761542022], [127.21488620902986, 37.712236745524464], [127.21495841788294, 37.71221716301478], [127.21499835122192, 37.71215446467598], [127.21502802836675, 37.71203903341734], [127.21507007393778, 37.711977367337205], [127.21513638441927, 37.71187060004436], [127.21510114015007, 37.711852049959205], [127.2150510029212, 37.71191570381759], [127.2150014899269, 37.71199932189966], [127.21492402478354, 37.71200903036752], [127.21485630724167, 37.71202073030015], [127.21480194560863, 37.712031117657205], [127.21470987189983, 37.71204433013069], [127.21464993702324, 37.712092649094096], [127.21459499456587, 37.7121853945789], [127.21455318879296, 37.71219630871999], [127.2147312105901, 37.71234735801423], [127.21478200127365, 37.71231761542022]]]]}}, {"id": "716", "type": "Feature", "properties": {"pnu": "4136025328101230001", "addr": "\uacbd\uae30\ub3c4 \ub0a8\uc591\uc8fc\uc2dc \uc9c4\uc811\uc74d \uae08\uace1\ub9ac 123-1", "jibun": "123-1", "jimok": "\ub300", "area_reg": 379.0, "area_geom": 374.5, "incl_ratio": 0.3549, "area_incl": 134.5, "zone": "\uc81c1\uc885\uc77c\ubc18\uc8fc\uac70\uc9c0\uc5ed", "use": "\uacf5\uc5c5\uae30\ud0c0", "owner": "\uac1c\uc778", "price": 603400.0, "price_year": "2025", "included": true, "free": false, "note": ""}, "geometry": {"type": "MultiPolygon", "coordinates": [[[[127.21423173136263, 37.71211034239414], [127.21442146288828, 37.712279570519286], [127.21442519131074, 37.71227859975519], [127.21454493868548, 37.71219845891109], [127.21455318879296, 37.71219630871999], [127.21436486574859, 37.712031844364894], [127.21430871164276, 37.71204998302584], [127.21423173136263, 37.71211034239414]]]]}}, {"id": "717", "type": "Feature", "properties": {"pnu": "4136025328101230002", "addr": "\uacbd\uae30\ub3c4 \ub0a8\uc591\uc8fc\uc2dc \uc9c4\uc811\uc74d \uae08\uace1\ub9ac 123-2", "jibun": "123-2", "jimok": "\uacf5\uc7a5\uc6a9\uc9c0", "area_reg": 424.0, "area_geom": 427.5, "incl_ratio": 0.6877, "area_incl": 291.6, "zone": "\uc81c1\uc885\uc77c\ubc18\uc8fc\uac70\uc9c0\uc5ed", "use": "\uacf5\uc5c5\uc6a9", "owner": "\uac1c\uc778", "price": 585600.0, "price_year": "2025", "included": true, "free": false, "note": ""}, "geometry": {"type": "MultiPolygon", "coordinates": [[[[127.21492402478354, 37.71200903036752], [127.2150014899269, 37.71199932189966], [127.2150510029212, 37.71191570381759], [127.21510114015007, 37.711852049959205], [127.21510486994283, 37.71184366423225], [127.21506392132254, 37.71183701720146], [127.21501725815082, 37.711791287647856], [127.21501221102548, 37.71178324216224], [127.21492214560963, 37.711753159814315], [127.21484620769951, 37.711868278329874], [127.21483256594844, 37.7118727357552], [127.21485713415439, 37.711925442786445], [127.21485630724167, 37.71202073030015], [127.21492402478354, 37.71200903036752]]]]}}, {"id": "718", "type": "Feature", "properties": {"pnu": "4136025328101230003", "addr": "\uacbd\uae30\ub3c4 \ub0a8\uc591\uc8fc\uc2dc \uc9c4\uc811\uc74d \uae08\uace1\ub9ac 123-3", "jibun": "123-3", "jimok": "\uacf5\uc7a5\uc6a9\uc9c0", "area_reg": 499.7, "area_geom": 499.7, "incl_ratio": 0.0348, "area_incl": 17.4, "zone": "\uc81c1\uc885\uc77c\ubc18\uc8fc\uac70\uc9c0\uc5ed", "use": null, "owner": null, "price": 585600.0, "price_year": "2025", "included": false, "free": false, "note": ""}, "geometry": {"type": "MultiPolygon", "coordinates": [[[[127.21528080855207, 37.71144310087366], [127.21514547710969, 37.711486412242486], [127.21509397409027, 37.71152850851242], [127.21505710474146, 37.711599643380055], [127.2149544747436, 37.71170434109361], [127.21493105489691, 37.71173965624915], [127.21492214560963, 37.711753159814315], [127.21501221102548, 37.71178324216224], [127.21516695591707, 37.71171522736254], [127.21523708687718, 37.711552809508476], [127.21528080855207, 37.71144310087366]]]]}}, {"id": "719", "type": "Feature", "properties": {"pnu": "4136025328101230006", "addr": "\uacbd\uae30\ub3c4 \ub0a8\uc591\uc8fc\uc2dc \uc9c4\uc811\uc74d \uae08\uace1\ub9ac 123-6", "jibun": "123-6", "jimok": "\uacf5\uc7a5\uc6a9\uc9c0", "area_reg": 34.0, "area_geom": 33.6, "incl_ratio": 1.0, "area_incl": 34.0, "zone": "\uc81c1\uc885\uc77c\ubc18\uc8fc\uac70\uc9c0\uc5ed", "use": "\uacf5\uc5c5\uc6a9", "owner": "\uac1c\uc778", "price": 585600.0, "price_year": "2025", "included": true, "free": false, "note": ""}, "geometry": {"type": "MultiPolygon", "coordinates": [[[[127.21485713415439, 37.711925442786445], [127.21483256594844, 37.7118727357552], [127.21480385606853, 37.71188255414581], [127.21485630724167, 37.71202073030015], [127.21485713415439, 37.711925442786445]]]]}}, {"id": "720", "type": "Feature", "properties": {"pnu": "4136025328101230007", "addr": "\uacbd\uae30\ub3c4 \ub0a8\uc591\uc8fc\uc2dc \uc9c4\uc811\uc74d \uae08\uace1\ub9ac 123-7", "jibun": "123-7", "jimok": "\ub300", "area_reg": 666.0, "area_geom": 658.1, "incl_ratio": 0.797, "area_incl": 530.8, "zone": "\uc81c1\uc885\uc77c\ubc18\uc8fc\uac70\uc9c0\uc5ed", "use": "\uacf5\uc5c5\uae30\ud0c0", "owner": "\uac1c\uc778", "price": 585600.0, "price_year": "2025", "included": true, "free": false, "note": ""}, "geometry": {"type": "MultiPolygon", "coordinates": [[[[127.21455318879296, 37.71219630871999], [127.21459499456587, 37.7121853945789], [127.21464993702324, 37.712092649094096], [127.21470987189983, 37.71204433013069], [127.21480194560863, 37.712031117657205], [127.21485630724167, 37.71202073030015], [127.21480385606853, 37.71188255414581], [127.21440947403445, 37.71201743849749], [127.21436486574859, 37.712031844364894], [127.21455318879296, 37.71219630871999]]]]}}, {"id": "721", "type": "Feature", "properties": {"pnu": "4136025328101230008", "addr": "\uacbd\uae30\ub3c4 \ub0a8\uc591\uc8fc\uc2dc \uc9c4\uc811\uc74d \uae08\uace1\ub9ac 123-8", "jibun": "123-8", "jimok": "\ub300", "area_reg": 356.0, "area_geom": 351.4, "incl_ratio": 0.0688, "area_incl": 24.5, "zone": "\uc81c1\uc885\uc77c\ubc18\uc8fc\uac70\uc9c0\uc5ed", "use": "\uacf5\uc5c5\uae30\ud0c0", "owner": "\uac1c\uc778", "price": 603400.0, "price_year": "2025", "included": true, "free": false, "note": ""}, "geometry": {"type": "MultiPolygon", "coordinates": [[[[127.21442146288828, 37.712279570519286], [127.21423173136263, 37.71211034239414], [127.2141441255324, 37.71217902776585], [127.21413015319555, 37.71223056110568], [127.21427129730003, 37.71236323483808], [127.21427505910762, 37.712362038777414], [127.21433964175912, 37.712300944949696], [127.21442146288828, 37.712279570519286]]]]}}, {"id": "722", "type": "Feature", "properties": {"pnu": "4136025328120530001", "addr": "\uacbd\uae30\ub3c4 \ub0a8\uc591\uc8fc\uc2dc \uc9c4\uc811\uc74d \uae08\uace1\ub9ac 2053-1", "jibun": "2053-1", "jimok": "\uacf5\uc7a5\uc6a9\uc9c0", "area_reg": 3066.4, "area_geom": 3057.0, "incl_ratio": 1.0, "area_incl": 3066.4, "zone": "\uc77c\ubc18\uacf5\uc5c5\uc9c0\uc5ed", "use": "\uacf5\uc5c5\uc6a9", "owner": "\ubc95\uc778", "price": 502400.0, "price_year": "2025", "included": true, "free": false, "note": ""}, "geometry": {"type": "MultiPolygon", "coordinates": [[[[127.21209656983316, 37.709035640905235], [127.21137328310894, 37.70891953457494], [127.21115952301919, 37.70928498586422], [127.21199865336288, 37.70941980703984], [127.21209656983316, 37.709035640905235]]]]}}, {"id": "723", "type": "Feature", "properties": {"pnu": "4136025328120530002", "addr": "\uacbd\uae30\ub3c4 \ub0a8\uc591\uc8fc\uc2dc \uc9c4\uc811\uc74d \uae08\uace1\ub9ac 2053-2", "jibun": "2053-2", "jimok": "\ub3c4\ub85c", "area_reg": 194.1, "area_geom": 194.1, "incl_ratio": 1.0, "area_incl": 194.1, "zone": "\uc77c\ubc18\uacf5\uc5c5\uc9c0\uc5ed", "use": "\ub3c4\ub85c\ub4f1", "owner": "\uad70\uc720\uc9c0", "price": 165700.0, "price_year": "2025", "included": true, "free": false, "note": ""}, "geometry": {"type": "MultiPolygon", "coordinates": [[[[127.2121032991756, 37.70900914051361], [127.21138897572726, 37.70889445981558], [127.21137328310894, 37.70891953457494], [127.21209656983316, 37.709035640905235], [127.2121032991756, 37.70900914051361]]]]}}, {"id": "724", "type": "Feature", "properties": {"pnu": "4136025328120470001", "addr": "\uacbd\uae30\ub3c4 \ub0a8\uc591\uc8fc\uc2dc \uc9c4\uc811\uc74d \uae08\uace1\ub9ac 2047-1", "jibun": "2047-1", "jimok": "\ub300", "area_reg": 1652.5, "area_geom": 1652.4, "incl_ratio": 1.0, "area_incl": 1652.5, "zone": "\uc900\uacf5\uc5c5\uc9c0\uc5ed", "use": "\uacf5\uc5c5\uae30\ud0c0", "owner": "\ubc95\uc778", "price": 409400.0, "price_year": "2025", "included": true, "free": false, "note": ""}, "geometry": {"type": "MultiPolygon", "coordinates": [[[[127.211268765875, 37.71126844607586], [127.21154388861981, 37.71130615726929], [127.21173478491257, 37.71147709049932], [127.21180046005387, 37.71160148672252], [127.21214190351223, 37.71151006007929], [127.21203971826154, 37.71126824342997], [127.2120124467839, 37.71120927892365], [127.2117657425867, 37.71127530929715], [127.2117124259621, 37.711149719763746], [127.211268765875, 37.71126844607586]]]]}}, {"id": "725", "type": "Feature", "properties": {"pnu": "4136025328120640001", "addr": "\uacbd\uae30\ub3c4 \ub0a8\uc591\uc8fc\uc2dc \uc9c4\uc811\uc74d \uae08\uace1\ub9ac 2064-1", "jibun": "2064-1", "jimok": "\ub300", "area_reg": 1478.3, "area_geom": 1606.7, "incl_ratio": 0.4717, "area_incl": 697.3, "zone": "\uc900\uacf5\uc5c5\uc9c0\uc5ed", "use": "\uc0c1\uc5c5\uae30\ud0c0", "owner": "\ubc95\uc778", "price": 535500.0, "price_year": "2025", "included": true, "free": false, "note": ""}, "geometry": {"type": "MultiPolygon", "coordinates": [[[[127.21444179702341, 37.70990905949282], [127.21496359468254, 37.70999280683054], [127.21504007544692, 37.709692106462086], [127.21449275167792, 37.70960426112335], [127.21449586674204, 37.70962281537573], [127.21449763950248, 37.70964785900025], [127.21449760344392, 37.70967488801461], [127.21449461883435, 37.70970192235442], [127.21449014447758, 37.70972355359488], [127.21444179702341, 37.70990905949282]]]]}}, {"id": "726", "type": "Feature", "properties": {"pnu": "4136025328120650001", "addr": "\uacbd\uae30\ub3c4 \ub0a8\uc591\uc8fc\uc2dc \uc9c4\uc811\uc74d \uae08\uace1\ub9ac 2065-1", "jibun": "2065-1", "jimok": "\ub300", "area_reg": 1279.7, "area_geom": 1279.8, "incl_ratio": 0.7706, "area_incl": 986.1, "zone": "\uc900\uacf5\uc5c5\uc9c0\uc5ed", "use": "\uc0c1\uc5c5\uae30\ud0c0", "owner": "\uac1c\uc778", "price": 535500.0, "price_year": "2025", "included": true, "free": false, "note": ""}, "geometry": {"type": "MultiPolygon", "coordinates": [[[[127.21437589602036, 37.71018253122789], [127.21482428732466, 37.710254518926064], [127.21488272541912, 37.71002881159013], [127.21495776344544, 37.71001579199105], [127.21496359468254, 37.70999280683054], [127.21444179702341, 37.70990905949282], [127.2144218285185, 37.70998522708504], [127.21437589602036, 37.71018253122789]]]]}}, {"id": "727", "type": "Feature", "properties": {"pnu": "4136025328120670001", "addr": "\uacbd\uae30\ub3c4 \ub0a8\uc591\uc8fc\uc2dc \uc9c4\uc811\uc74d \uae08\uace1\ub9ac 2067-1", "jibun": "2067-1", "jimok": "\uacf5\uc6d0", "area_reg": 545.1, "area_geom": 545.1, "incl_ratio": 1.0, "area_incl": 545.1, "zone": "\uc77c\ubc18\uacf5\uc5c5\uc9c0\uc5ed", "use": "\uacf5\uc6d0\ub4f1", "owner": "\uad70\uc720\uc9c0", "price": 186700.0, "price_year": "2025", "included": true, "free": false, "note": ""}, "geometry": {"type": "MultiPolygon", "coordinates": [[[[127.21410453235032, 37.71062611528813], [127.21415664069663, 37.710684764239666], [127.2141819019502, 37.71067471797396], [127.21420477237474, 37.710661432541805], [127.21422208454808, 37.71064770664916], [127.21442658798009, 37.71053895150906], [127.21443326224424, 37.710533083186455], [127.2144373245361, 37.71052595822911], [127.21449251002547, 37.71031241999425], [127.21435227436196, 37.71028996888082], [127.21433853428071, 37.71036306193152], [127.21433191953683, 37.7103897424299], [127.21432212759159, 37.71041579798634], [127.21431029251136, 37.71044122655348], [127.21429630062981, 37.71046593823937], [127.21428071949533, 37.71049011221217], [127.21426218616182, 37.710513030158424], [127.21424160762645, 37.710534600343955], [127.2142190980683, 37.710555092851315], [127.214194769864, 37.71057414709069], [127.2141689634924, 37.710591852543494], [127.21414145162477, 37.71060802942569], [127.21411268737572, 37.71062249672622], [127.21410453235032, 37.71062611528813]]]]}}, {"id": "728", "type": "Feature", "properties": {"pnu": "4136025328201350001", "addr": "\uacbd\uae30\ub3c4 \ub0a8\uc591\uc8fc\uc2dc \uc9c4\uc811\uc74d \uae08\uace1\ub9ac \uc0b0 135-1", "jibun": "\uc0b0135-1", "jimok": "\uc784\uc57c", "area_reg": 220.0, "area_geom": 190.1, "incl_ratio": 1.0, "area_incl": 220.0, "zone": "\uacc4\ud68d\uad00\ub9ac\uc9c0\uc5ed", "use": "\uc784\uc57c\uae30\ud0c0", "owner": "\uad70\uc720\uc9c0", "price": 36700.0, "price_year": "2025", "included": true, "free": false, "note": ""}, "geometry": {"type": "MultiPolygon", "coordinates": [[[[127.21437240908783, 37.711025254977734], [127.21431828031636, 37.710997864239694], [127.21425495001375, 37.71114358342816], [127.21420010345926, 37.711210290689735], [127.21423786985864, 37.71131390558692], [127.21429957500236, 37.711385087593214], [127.21434145055386, 37.71136302848157], [127.21428962465751, 37.71123678873548], [127.21422538371931, 37.71120286618853], [127.21432164142333, 37.71108659419366], [127.21437240908783, 37.711025254977734]]]]}}, {"id": "729", "type": "Feature", "properties": {"pnu": "4136025328201390002", "addr": "\uacbd\uae30\ub3c4 \ub0a8\uc591\uc8fc\uc2dc \uc9c4\uc811\uc74d \uae08\uace1\ub9ac \uc0b0 139-2", "jibun": "\uc0b0139-2", "jimok": "\uc784\uc57c", "area_reg": 1870.0, "area_geom": 1948.6, "incl_ratio": 0.2201, "area_incl": 411.6, "zone": "\ubcf4\uc804\uad00\ub9ac\uc9c0\uc5ed", "use": "\uc790\uc5f0\ub9bc", "owner": "\uc885\uc911", "price": 38500.0, "price_year": "2025", "included": true, "free": false, "note": ""}, "geometry": {"type": "MultiPolygon", "coordinates": [[[[127.21475762914817, 37.71080955274146], [127.21536432102525, 37.7105741311166], [127.21530710818371, 37.710404844461486], [127.2152091423863, 37.710288761532], [127.21460567797271, 37.710589253225415], [127.21475762914817, 37.71080955274146]]]]}}, {"id": "730", "type": "Feature", "properties": {"pnu": "4136025328201400007", "addr": "\uacbd\uae30\ub3c4 \ub0a8\uc591\uc8fc\uc2dc \uc9c4\uc811\uc74d \uae08\uace1\ub9ac \uc0b0 140-7", "jibun": "\uc0b0140-7", "jimok": "\uc784\uc57c", "area_reg": 31984.0, "area_geom": 29549.8, "incl_ratio": 0.9777, "area_incl": 31270.8, "zone": "\ub18d\ub9bc\uc9c0\uc5ed", "use": "\uc790\uc5f0\ub9bc", "owner": "\uac1c\uc778", "price": 8580.0, "price_year": "2025", "included": true, "free": false, "note": ""}, "geometry": {"type": "MultiPolygon", "coordinates": [[[[127.210727143618, 37.70873325493272], [127.21057045003836, 37.70893442103263], [127.21075599809703, 37.70928741441616], [127.21076791985925, 37.70930858395998], [127.21219710537189, 37.70781429309607], [127.21270341835749, 37.70780239563798], [127.2133731280809, 37.707983549705666], [127.21444829946603, 37.70802370623869], [127.21445868810017, 37.707358072350715], [127.21459198770899, 37.70699965278543], [127.21422471013548, 37.70676892992212], [127.21342557059307, 37.70673842047566], [127.21290633247268, 37.706904400278155], [127.21246637463327, 37.70741554899402], [127.21199303931243, 37.70758697456607], [127.21158989692046, 37.70812346146682], [127.21133265533294, 37.70820133039308], [127.21106693776356, 37.70828175454227], [127.21073830633242, 37.7087184232601], [127.210727143618, 37.70873325493272]]]]}}, {"id": "731", "type": "Feature", "properties": {"pnu": "4136025328201420001", "addr": "\uacbd\uae30\ub3c4 \ub0a8\uc591\uc8fc\uc2dc \uc9c4\uc811\uc74d \uae08\uace1\ub9ac \uc0b0 142-1", "jibun": "\uc0b0142-1", "jimok": "\uc784\uc57c", "area_reg": 90.0, "area_geom": 89.1, "incl_ratio": 1.0, "area_incl": 90.0, "zone": "\uacc4\ud68d\uad00\ub9ac\uc9c0\uc5ed", "use": "\uc784\uc57c\uae30\ud0c0", "owner": "\uad70\uc720\uc9c0", "price": 36700.0, "price_year": "2025", "included": true, "free": false, "note": ""}, "geometry": {"type": "MultiPolygon", "coordinates": [[[[127.21258719857401, 37.71187582132722], [127.21252670822653, 37.71178467087824], [127.21243396713955, 37.71156644295879], [127.21236777424802, 37.71139976573971], [127.21235686069228, 37.71135445771793], [127.21235710631369, 37.71141713739576], [127.2124611232883, 37.71169258349763], [127.21247626959236, 37.71172675702057], [127.21248870829987, 37.711741943050214], [127.21250600012408, 37.7117568410958], [127.21253352514722, 37.71182502189662], [127.21258719857401, 37.71187582132722]]]]}}, {"id": "732", "type": "Feature", "properties": {"pnu": "4136026221100040001", "addr": "\uacbd\uae30\ub3c4 \ub0a8\uc591\uc8fc\uc2dc \uc624\ub0a8\uc74d \uc591\uc9c0\ub9ac 4-1", "jibun": "4-1", "jimok": "\ubb18\uc9c0", "area_reg": 994.0, "area_geom": 988.7, "incl_ratio": 1.0, "area_incl": 994.0, "zone": "\ubcf4\uc804\uad00\ub9ac\uc9c0\uc5ed", "use": "\uc784\uc57c\uae30\ud0c0", "owner": "\uac1c\uc778", "price": 38900.0, "price_year": "2025", "included": true, "free": false, "note": ""}, "geometry": {"type": "MultiPolygon", "coordinates": [[[[127.21157440139615, 37.70626136477849], [127.21118933276448, 37.706384869704394], [127.2111892555196, 37.706554710850746], [127.21156658738383, 37.706550462493674], [127.21160559217478, 37.70647222524249], [127.21160840738824, 37.7064009178162], [127.21169233693986, 37.706377244046365], [127.21169534549557, 37.70634632655701], [127.2116120938458, 37.70632088749041], [127.21161332887816, 37.706280341841], [127.21157440139615, 37.70626136477849]]]]}}, {"id": "733", "type": "Feature", "properties": {"pnu": "4136026221100210023", "addr": "\uacbd\uae30\ub3c4 \ub0a8\uc591\uc8fc\uc2dc \uc624\ub0a8\uc74d \uc591\uc9c0\ub9ac 21-23", "jibun": "21-23", "jimok": "\uc784\uc57c", "area_reg": 52.0, "area_geom": 50.3, "incl_ratio": 1.0, "area_incl": 52.0, "zone": "\ub18d\ub9bc\uc9c0\uc5ed", "use": "\uc790\uc5f0\ub9bc", "owner": "\uac1c\uc778", "price": 10700.0, "price_year": "2025", "included": true, "free": false, "note": ""}, "geometry": {"type": "MultiPolygon", "coordinates": [[[[127.2092186190739, 37.706278376421835], [127.20922435530184, 37.70623300270151], [127.20900043714899, 37.70621399009875], [127.2092186190739, 37.706278376421835]]]]}}, {"id": "734", "type": "Feature", "properties": {"pnu": "4136026221100070057", "addr": "\uacbd\uae30\ub3c4 \ub0a8\uc591\uc8fc\uc2dc \uc624\ub0a8\uc74d \uc591\uc9c0\ub9ac 7-57", "jibun": "7-57", "jimok": "\uc784\uc57c", "area_reg": 79.0, "area_geom": 78.6, "incl_ratio": 1.0, "area_incl": 79.0, "zone": "\ub18d\ub9bc\uc9c0\uc5ed", "use": "\uacf5\uc5c5\ub098\uc9c0", "owner": "\uac1c\uc778", "price": 260300.0, "price_year": "2025", "included": true, "free": false, "note": ""}, "geometry": {"type": "MultiPolygon", "coordinates": [[[[127.21021988654552, 37.708596882750335], [127.21018835569227, 37.70867623249859], [127.21013445165774, 37.708735953751294], [127.21024720943849, 37.70872760047676], [127.21027355927937, 37.7087256527952], [127.21021988654552, 37.708596882750335]]]]}}, {"id": "735", "type": "Feature", "properties": {"pnu": "4136026221100070015", "addr": "\uacbd\uae30\ub3c4 \ub0a8\uc591\uc8fc\uc2dc \uc624\ub0a8\uc74d \uc591\uc9c0\ub9ac 7-15", "jibun": "7-15", "jimok": "\uc784\uc57c", "area_reg": 1283.0, "area_geom": 1283.3, "incl_ratio": 1.0, "area_incl": 1283.0, "zone": "\ubcf4\uc804\uad00\ub9ac\uc9c0\uc5ed", "use": "\uc790\uc5f0\ub9bc", "owner": "\uac1c\uc778", "price": 19900.0, "price_year": "2025", "included": true, "free": false, "note": ""}, "geometry": {"type": "MultiPolygon", "coordinates": [[[[127.2105323962983, 37.709715589179574], [127.21063710093243, 37.70997668339033], [127.21042601176589, 37.71032637968804], [127.21042601179117, 37.71032638869766], [127.21056841204867, 37.710352741822504], [127.21084193394468, 37.709931478927125], [127.21082411809269, 37.70967755554567], [127.2105323962983, 37.709715589179574]]]]}}, {"id": "736", "type": "Feature", "properties": {"pnu": "4136026221100070018", "addr": "\uacbd\uae30\ub3c4 \ub0a8\uc591\uc8fc\uc2dc \uc624\ub0a8\uc74d \uc591\uc9c0\ub9ac 7-18", "jibun": "7-18", "jimok": "\uc784\uc57c", "area_reg": 454.0, "area_geom": 453.5, "incl_ratio": 1.0, "area_incl": 454.0, "zone": "\ubcf4\uc804\uad00\ub9ac\uc9c0\uc5ed", "use": "\uc790\uc5f0\ub9bc", "owner": "\ubc95\uc778", "price": 39700.0, "price_year": "2025", "included": true, "free": false, "note": ""}, "geometry": {"type": "MultiPolygon", "coordinates": [[[[127.21042601179117, 37.71032638869766], [127.21042601176589, 37.71032637968804], [127.21023411080036, 37.71064428261511], [127.21040027619352, 37.710640321453575], [127.2104019012751, 37.710609190238024], [127.21056841204867, 37.710352741822504], [127.21042601179117, 37.71032638869766]]]]}}, {"id": "737", "type": "Feature", "properties": {"pnu": "4136026221100070020", "addr": "\uacbd\uae30\ub3c4 \ub0a8\uc591\uc8fc\uc2dc \uc624\ub0a8\uc74d \uc591\uc9c0\ub9ac 7-20", "jibun": "7-20", "jimok": "\uacf5\uc7a5\uc6a9\uc9c0", "area_reg": 2698.0, "area_geom": 2698.2, "incl_ratio": 1.0, "area_incl": 2698.0, "zone": "\uacc4\ud68d\uad00\ub9ac\uc9c0\uc5ed", "use": "\uacf5\uc5c5\uc6a9", "owner": "\ubc95\uc778", "price": 431900.0, "price_year": "2025", "included": true, "free": false, "note": ""}, "geometry": {"type": "MultiPolygon", "coordinates": [[[[127.20967240392224, 37.70882444320083], [127.20923943781517, 37.70885806489325], [127.20902235937626, 37.708874925744176], [127.20909811744215, 37.70936815190536], [127.20910915372399, 37.7093647628674], [127.20971595485658, 37.70917835552082], [127.20967240392224, 37.70882444320083]]]]}}, {"id": "738", "type": "Feature", "properties": {"pnu": "4136026221100070021", "addr": "\uacbd\uae30\ub3c4 \ub0a8\uc591\uc8fc\uc2dc \uc624\ub0a8\uc74d \uc591\uc9c0\ub9ac 7-21", "jibun": "7-21", "jimok": "\ub300", "area_reg": 5905.0, "area_geom": 5905.0, "incl_ratio": 1.0, "area_incl": 5905.0, "zone": "\uacc4\ud68d\uad00\ub9ac\uc9c0\uc5ed", "use": "\uacf5\uc5c5\uae30\ud0c0", "owner": "\ubc95\uc778", "price": 436200.0, "price_year": "2025", "included": true, "free": false, "note": ""}, "geometry": {"type": "MultiPolygon", "coordinates": [[[[127.20967240392224, 37.70882444320083], [127.20971595485658, 37.70917835552082], [127.20976864315497, 37.709162162235366], [127.2099253378665, 37.70979474128336], [127.2105078414687, 37.70971879508873], [127.21024720946379, 37.70872760948638], [127.20987596470319, 37.70875510579849], [127.20975021773341, 37.708818692802424], [127.20967240392224, 37.70882444320083]]]]}}, {"id": "739", "type": "Feature", "properties": {"pnu": "4136026221100070024", "addr": "\uacbd\uae30\ub3c4 \ub0a8\uc591\uc8fc\uc2dc \uc624\ub0a8\uc74d \uc591\uc9c0\ub9ac 7-24", "jibun": "7-24", "jimok": "\uc784\uc57c", "area_reg": 3102.0, "area_geom": 3375.8, "incl_ratio": 1.0, "area_incl": 3102.0, "zone": "\ubcf4\uc804\uad00\ub9ac\uc9c0\uc5ed", "use": "\uc790\uc5f0\ub9bc", "owner": "\uac1c\uc778", "price": 19900.0, "price_year": "2025", "included": true, "free": false, "note": ""}, "geometry": {"type": "MultiPolygon", "coordinates": [[[[127.21027355927937, 37.7087256527952], [127.21024720946379, 37.70872760948638], [127.2105078414687, 37.70971879508873], [127.2105323962983, 37.709715589179574], [127.21082411809269, 37.70967755554567], [127.21081184353058, 37.70950272704741], [127.21080253396585, 37.709370022407214], [127.21076791985925, 37.70930858395998], [127.21075599809703, 37.70928741441616], [127.21057045003836, 37.70893442103263], [127.210727143618, 37.70873325493272], [127.21071013104662, 37.70869225516077], [127.21027355927937, 37.7087256527952]]]]}}, {"id": "740", "type": "Feature", "properties": {"pnu": "4136026221100070025", "addr": "\uacbd\uae30\ub3c4 \ub0a8\uc591\uc8fc\uc2dc \uc624\ub0a8\uc74d \uc591\uc9c0\ub9ac 7-25", "jibun": "7-25", "jimok": "\uc784\uc57c", "area_reg": 2823.0, "area_geom": 2822.9, "incl_ratio": 1.0, "area_incl": 2823.0, "zone": "\ubcf4\uc804\uad00\ub9ac\uc9c0\uc5ed", "use": "\uc790\uc5f0\ub9bc", "owner": "\uac1c\uc778", "price": 19700.0, "price_year": "2025", "included": true, "free": false, "note": ""}, "geometry": {"type": "MultiPolygon", "coordinates": [[[[127.21071013104662, 37.70869225516077], [127.21070549540684, 37.70868108240657], [127.21046074500772, 37.70809127599739], [127.20999096071088, 37.708047779985094], [127.21016479831782, 37.70846473656303], [127.21017892141005, 37.70849860588422], [127.21027355927937, 37.7087256527952], [127.21071013104662, 37.70869225516077]]]]}}, {"id": "741", "type": "Feature", "properties": {"pnu": "4136026221100070028", "addr": "\uacbd\uae30\ub3c4 \ub0a8\uc591\uc8fc\uc2dc \uc624\ub0a8\uc74d \uc591\uc9c0\ub9ac 7-28", "jibun": "7-28", "jimok": "\uacf5\uc7a5\uc6a9\uc9c0", "area_reg": 3995.0, "area_geom": 3994.5, "incl_ratio": 1.0, "area_incl": 3995.0, "zone": "\uacc4\ud68d\uad00\ub9ac\uc9c0\uc5ed", "use": "\uacf5\uc5c5\uc6a9", "owner": "\ubc95\uc778", "price": 418500.0, "price_year": "2025", "included": true, "free": false, "note": ""}, "geometry": {"type": "MultiPolygon", "coordinates": [[[[127.20951635506206, 37.71066140786039], [127.21023411080036, 37.71064428261511], [127.21042601179117, 37.71032638869766], [127.21027640653932, 37.710298705718635], [127.21025223285504, 37.71034892325], [127.21023697639002, 37.71035992400851], [127.21021569030714, 37.710364142161225], [127.2101966709422, 37.71036380642583], [127.20972695506023, 37.71027687375423], [127.20935373770025, 37.71012064713172], [127.2093013702669, 37.71010581043078], [127.20922763303251, 37.71008549744527], [127.20934182063729, 37.71066557172942], [127.20951635506206, 37.71066140786039]]]]}}, {"id": "742", "type": "Feature", "properties": {"pnu": "4136026221100070029", "addr": "\uacbd\uae30\ub3c4 \ub0a8\uc591\uc8fc\uc2dc \uc624\ub0a8\uc74d \uc591\uc9c0\ub9ac 7-29", "jibun": "7-29", "jimok": "\uacf5\uc7a5\uc6a9\uc9c0", "area_reg": 9792.0, "area_geom": 9792.2, "incl_ratio": 1.0, "area_incl": 9792.0, "zone": "\uacc4\ud68d\uad00\ub9ac\uc9c0\uc5ed", "use": "\uacf5\uc5c5\uc6a9", "owner": "\uac1c\uc778", "price": 418500.0, "price_year": "2025", "included": true, "free": false, "note": ""}, "geometry": {"type": "MultiPolygon", "coordinates": [[[[127.20910915372399, 37.7093647628674], [127.20915986347548, 37.70952136943131], [127.20924945757751, 37.70979882599218], [127.20932464605968, 37.710030313596334], [127.20935373770025, 37.71012064713172], [127.20972695506023, 37.71027687375423], [127.2101966709422, 37.71036380642583], [127.21021569030714, 37.710364142161225], [127.21023697639002, 37.71035992400851], [127.21025223285504, 37.71034892325], [127.21027640653932, 37.710298705718635], [127.21042601179117, 37.71032638869766], [127.21063710093243, 37.70997668339033], [127.2105323962983, 37.709715589179574], [127.2105078414687, 37.70971879508873], [127.2099253378665, 37.70979474128336], [127.20976864315497, 37.709162162235366], [127.20971595485658, 37.70917835552082], [127.20910915372399, 37.7093647628674]]]]}}, {"id": "743", "type": "Feature", "properties": {"pnu": "4136026221100070051", "addr": "\uacbd\uae30\ub3c4 \ub0a8\uc591\uc8fc\uc2dc \uc624\ub0a8\uc74d \uc591\uc9c0\ub9ac 7-51", "jibun": "7-51", "jimok": "\uacf5\uc7a5\uc6a9\uc9c0", "area_reg": 180.0, "area_geom": 180.4, "incl_ratio": 1.0, "area_incl": 180.0, "zone": "\ub18d\ub9bc\uc9c0\uc5ed", "use": "\uacf5\uc5c5\uc6a9", "owner": "\uac1c\uc778", "price": 329500.0, "price_year": "2025", "included": true, "free": false, "note": ""}, "geometry": {"type": "MultiPolygon", "coordinates": [[[[127.20917070149338, 37.70880875900695], [127.20913757141865, 37.70855104218943], [127.2090670955862, 37.708556959461255], [127.20909949860062, 37.7088143081828], [127.20917070149338, 37.70880875900695]]]]}}, {"id": "744", "type": "Feature", "properties": {"pnu": "4136026221100120024", "addr": "\uacbd\uae30\ub3c4 \ub0a8\uc591\uc8fc\uc2dc \uc624\ub0a8\uc74d \uc591\uc9c0\ub9ac 12-24", "jibun": "12-24", "jimok": "\uc784\uc57c", "area_reg": 7936.0, "area_geom": 7673.6, "incl_ratio": 1.0, "area_incl": 7936.0, "zone": "\ub18d\ub9bc\uc9c0\uc5ed", "use": "\uc790\uc5f0\ub9bc", "owner": "\uac1c\uc778", "price": 10600.0, "price_year": "2025", "included": true, "free": false, "note": ""}, "geometry": {"type": "MultiPolygon", "coordinates": [[[[127.2092206325384, 37.70752011052332], [127.20948713501129, 37.707651857476456], [127.21112386203704, 37.70764385103602], [127.21100478965245, 37.70732591374222], [127.21087675181425, 37.7074124446072], [127.21081751506011, 37.70732950778375], [127.21074651504595, 37.707350202821765], [127.21073655023687, 37.70731910115765], [127.21046461955476, 37.707310249312116], [127.210417979049, 37.70722612772013], [127.20923933502299, 37.70706989219076], [127.2092206325384, 37.70752011052332]]]]}}, {"id": "745", "type": "Feature", "properties": {"pnu": "4136026221100120025", "addr": "\uacbd\uae30\ub3c4 \ub0a8\uc591\uc8fc\uc2dc \uc624\ub0a8\uc74d \uc591\uc9c0\ub9ac 12-25", "jibun": "12-25", "jimok": "\uc784\uc57c", "area_reg": 10350.0, "area_geom": 10137.4, "incl_ratio": 1.0, "area_incl": 10350.0, "zone": "\ub18d\ub9bc\uc9c0\uc5ed", "use": "\uc790\uc5f0\ub9bc", "owner": "\uac1c\uc778", "price": 10500.0, "price_year": "2025", "included": true, "free": false, "note": ""}, "geometry": {"type": "MultiPolygon", "coordinates": [[[[127.20975724508122, 37.70692849119316], [127.20977453353622, 37.70704410858751], [127.21037774427411, 37.70715355414917], [127.21043398008283, 37.707133173799726], [127.21042142214979, 37.70705892045763], [127.21057899287143, 37.70713496198755], [127.21062505342222, 37.70711755475281], [127.21045318521364, 37.70701818559366], [127.21054435012823, 37.706953857270875], [127.21089159821551, 37.706856801885266], [127.21106962112017, 37.70690667844859], [127.2111405083794, 37.707039408820066], [127.21115143881576, 37.70716770488368], [127.2110792443143, 37.707275588667386], [127.21100478965245, 37.70732591374222], [127.21112386203704, 37.70764385103602], [127.21142809844328, 37.707643183720045], [127.2115823559178, 37.707472653603915], [127.21158600927367, 37.70742104880966], [127.21156981010543, 37.70738302989909], [127.21141956537586, 37.70717891343724], [127.2113659290168, 37.707031169484495], [127.2113452346856, 37.70687082545217], [127.21134706019116, 37.70655293455557], [127.2111892555196, 37.706554710850746], [127.21118933276448, 37.706384869704394], [127.21131538916532, 37.70634444441902], [127.21125465808424, 37.70630655873528], [127.21103242471136, 37.706221605327165], [127.21064295861899, 37.70637046945378], [127.20990142227421, 37.706834491041725], [127.21011343044762, 37.70696102619669], [127.21020633406069, 37.706999035724614], [127.21013393631354, 37.707026742379554], [127.21002071392641, 37.70701001348866], [127.21009035290787, 37.706981194585566], [127.21011343044762, 37.70696102619669], [127.2098374683415, 37.706872678841336], [127.20975724508122, 37.70692849119316]]]]}}, {"id": "746", "type": "Feature", "properties": {"pnu": "4136026221100120032", "addr": "\uacbd\uae30\ub3c4 \ub0a8\uc591\uc8fc\uc2dc \uc624\ub0a8\uc74d \uc591\uc9c0\ub9ac 12-32", "jibun": "12-32", "jimok": "\uc784\uc57c", "area_reg": 1953.0, "area_geom": 1965.3, "incl_ratio": 1.0, "area_incl": 1953.0, "zone": "\ub18d\ub9bc\uc9c0\uc5ed", "use": "\uc790\uc5f0\ub9bc", "owner": "\uac1c\uc778", "price": 11000.0, "price_year": "2025", "included": true, "free": false, "note": ""}, "geometry": {"type": "MultiPolygon", "coordinates": [[[[127.2092206325384, 37.70752011052332], [127.2091960746752, 37.70811131317174], [127.20924660756886, 37.70810727793519], [127.2095057798477, 37.708086567389266], [127.20961026956208, 37.70807821128765], [127.20962800264098, 37.707651167478595], [127.20948713501129, 37.707651857476456], [127.2092206325384, 37.70752011052332]]]]}}, {"id": "747", "type": "Feature", "properties": {"pnu": "4136026221100120033", "addr": "\uacbd\uae30\ub3c4 \ub0a8\uc591\uc8fc\uc2dc \uc624\ub0a8\uc74d \uc591\uc9c0\ub9ac 12-33", "jibun": "12-33", "jimok": "\uc784\uc57c", "area_reg": 12725.0, "area_geom": 13259.1, "incl_ratio": 1.0, "area_incl": 12725.0, "zone": "\ub18d\ub9bc\uc9c0\uc5ed", "use": "\uc790\uc5f0\ub9bc", "owner": "\uac1c\uc778", "price": 10500.0, "price_year": "2025", "included": true, "free": false, "note": ""}, "geometry": {"type": "MultiPolygon", "coordinates": [[[[127.21103242471136, 37.706221605327165], [127.21125465808424, 37.70630655873528], [127.21131538916532, 37.70634444441902], [127.21157440139615, 37.70626136477849], [127.21161332887816, 37.706280341841], [127.2116120938458, 37.70632088749041], [127.21169534549557, 37.70634632655701], [127.21169233693986, 37.706377244046365], [127.21160840738824, 37.7064009178162], [127.21160559217478, 37.70647222524249], [127.21156658738383, 37.706550462493674], [127.21134706019116, 37.70655293455557], [127.2113452346856, 37.70687082545217], [127.2113659290168, 37.707031169484495], [127.21141956537586, 37.70717891343724], [127.21156981010543, 37.70738302989909], [127.21158600927367, 37.70742104880966], [127.2115823559178, 37.707472653603915], [127.21142809844328, 37.707643183720045], [127.21112386203704, 37.70764385103602], [127.21133265533294, 37.70820133039308], [127.21158989692046, 37.70812346146682], [127.21199303931243, 37.70758697456607], [127.21224304110945, 37.7074964315402], [127.21221466448559, 37.707479282817864], [127.21218509860608, 37.70745063088582], [127.21217105329237, 37.70741644632285], [127.2121567494391, 37.7072468200958], [127.21214273479164, 37.70715933436097], [127.21211060103569, 37.70706874562359], [127.21202421938364, 37.706903266376486], [127.21197960961227, 37.70681195206866], [127.21195738415294, 37.706732202233155], [127.21195089246221, 37.706666218097425], [127.21196128638131, 37.70660427619148], [127.21198474504848, 37.70654265333353], [127.21202557073462, 37.70648290050596], [127.21218421459848, 37.706308902035154], [127.21223147182393, 37.70624984940689], [127.21225142646729, 37.70620839636268], [127.21225363630234, 37.70617182222218], [127.2122415480799, 37.70613588628922], [127.21220675884689, 37.70609659427645], [127.21213744072702, 37.70604184930309], [127.21148117932417, 37.70605007418407], [127.2113492661757, 37.706100492768265], [127.21125728372104, 37.70613565891953], [127.21115524197747, 37.70617466297646], [127.21103242471136, 37.706221605327165]]]]}}, {"id": "748", "type": "Feature", "properties": {"pnu": "4136026221100120037", "addr": "\uacbd\uae30\ub3c4 \ub0a8\uc591\uc8fc\uc2dc \uc624\ub0a8\uc74d \uc591\uc9c0\ub9ac 12-37", "jibun": "12-37", "jimok": "\uc784\uc57c", "area_reg": 6777.0, "area_geom": 7145.1, "incl_ratio": 1.0, "area_incl": 6777.0, "zone": "\ub18d\ub9bc\uc9c0\uc5ed", "use": "\uc790\uc5f0\ub9bc", "owner": "\uac1c\uc778", "price": 10800.0, "price_year": "2025", "included": true, "free": false, "note": ""}, "geometry": {"type": "MultiPolygon", "coordinates": [[[[127.20962800264098, 37.707651167478595], [127.20961026956208, 37.70807821128765], [127.20979342130931, 37.708063571599574], [127.20999096071088, 37.708047779985094], [127.21046074500772, 37.70809127599739], [127.21133265533294, 37.70820133039308], [127.21112386203704, 37.70764385103602], [127.20962800264098, 37.707651167478595]]]]}}, {"id": "749", "type": "Feature", "properties": {"pnu": "4136026221100210021", "addr": "\uacbd\uae30\ub3c4 \ub0a8\uc591\uc8fc\uc2dc \uc624\ub0a8\uc74d \uc591\uc9c0\ub9ac 21-21", "jibun": "21-21", "jimok": "\uc784\uc57c", "area_reg": 4462.0, "area_geom": 4513.3, "incl_ratio": 1.0, "area_incl": 4462.0, "zone": "\ub18d\ub9bc\uc9c0\uc5ed", "use": "\uc790\uc5f0\ub9bc", "owner": "\uac1c\uc778", "price": 10600.0, "price_year": "2025", "included": true, "free": false, "note": ""}, "geometry": {"type": "MultiPolygon", "coordinates": [[[[127.21092875090787, 37.70548709707339], [127.21085454396285, 37.705528132670814], [127.21040969782656, 37.70541483224305], [127.21047954690393, 37.705760363964565], [127.21049537100919, 37.7058266830315], [127.21050238655656, 37.70584547375108], [127.21050981956988, 37.70585947059319], [127.21052747292454, 37.7058825941213], [127.21055118537518, 37.70590292292247], [127.21060553375182, 37.7059336035548], [127.21086270877895, 37.70605634531123], [127.21100517410285, 37.70611672729153], [127.21115524197747, 37.70617466297646], [127.2113492661757, 37.706100492768265], [127.21132574911076, 37.70558230820418], [127.2110700029387, 37.705584132419894], [127.21102498038486, 37.70557108534851], [127.21097834429227, 37.70554881523763], [127.21094237155765, 37.70551577765063], [127.21092875090787, 37.70548709707339]]]]}}, {"id": "750", "type": "Feature", "properties": {"pnu": "4136026221200140035", "addr": "\uacbd\uae30\ub3c4 \ub0a8\uc591\uc8fc\uc2dc \uc624\ub0a8\uc74d \uc591\uc9c0\ub9ac \uc0b0 14-35", "jibun": "\uc0b014-35", "jimok": "\uc784\uc57c", "area_reg": 1840.0, "area_geom": 2142.3, "incl_ratio": 1.0, "area_incl": 1840.0, "zone": "\ub18d\ub9bc\uc9c0\uc5ed", "use": "\uc790\uc5f0\ub9bc", "owner": "\uac1c\uc778", "price": 12100.0, "price_year": "2025", "included": true, "free": false, "note": ""}, "geometry": {"type": "MultiPolygon", "coordinates": [[[[127.21133265533294, 37.70820133039308], [127.21046074500772, 37.70809127599739], [127.21070549540684, 37.70868108240657], [127.210727143618, 37.70873325493272], [127.21073830633242, 37.7087184232601], [127.21106693776356, 37.70828175454227], [127.21133265533294, 37.70820133039308]]]]}}, {"id": "751", "type": "Feature", "properties": {"pnu": "4136026221200160029", "addr": "\uacbd\uae30\ub3c4 \ub0a8\uc591\uc8fc\uc2dc \uc624\ub0a8\uc74d \uc591\uc9c0\ub9ac \uc0b0 16-29", "jibun": "\uc0b016-29", "jimok": "\uc784\uc57c", "area_reg": 722.0, "area_geom": 736.6, "incl_ratio": 1.0, "area_incl": 722.0, "zone": "\ub18d\ub9bc\uc9c0\uc5ed", "use": "\uc790\uc5f0\ub9bc", "owner": "\uac1c\uc778", "price": 10800.0, "price_year": "2025", "included": true, "free": false, "note": ""}, "geometry": {"type": "MultiPolygon", "coordinates": [[[[127.21092875090787, 37.70548709707339], [127.21094237155765, 37.70551577765063], [127.21097834429227, 37.70554881523763], [127.21102498038486, 37.70557108534851], [127.2110700029387, 37.705584132419894], [127.21132574911076, 37.70558230820418], [127.21131182011557, 37.70527529289449], [127.21092875090787, 37.70548709707339]]]]}}, {"id": "752", "type": "Feature", "properties": {"pnu": "4136026221200140071", "addr": "\uacbd\uae30\ub3c4 \ub0a8\uc591\uc8fc\uc2dc \uc624\ub0a8\uc74d \uc591\uc9c0\ub9ac \uc0b0 14-71", "jibun": "\uc0b014-71", "jimok": "\uc784\uc57c", "area_reg": 5700.0, "area_geom": 5821.9, "incl_ratio": 1.0, "area_incl": 5700.0, "zone": "\ub18d\ub9bc\uc9c0\uc5ed", "use": "\uc790\uc5f0\ub9bc", "owner": "\uac1c\uc778", "price": 10500.0, "price_year": "2025", "included": true, "free": false, "note": ""}, "geometry": {"type": "MultiPolygon", "coordinates": [[[[127.21213744072702, 37.70604184930309], [127.21220675884689, 37.70609659427645], [127.2122415480799, 37.70613588628922], [127.21225363630234, 37.70617182222218], [127.21225142646729, 37.70620839636268], [127.21223147182393, 37.70624984940689], [127.21218421459848, 37.706308902035154], [127.21202557073462, 37.70648290050596], [127.21198474504848, 37.70654265333353], [127.21196128638131, 37.70660427619148], [127.21195089246221, 37.706666218097425], [127.21195738415294, 37.706732202233155], [127.21197960961227, 37.70681195206866], [127.21202421938364, 37.706903266376486], [127.21211060103569, 37.70706874562359], [127.21214273479164, 37.70715933436097], [127.2121567494391, 37.7072468200958], [127.21217105329237, 37.70741644632285], [127.21218509860608, 37.70745063088582], [127.21221466448559, 37.707479282817864], [127.21224304110945, 37.7074964315402], [127.21246637463327, 37.70741554899402], [127.21290633247268, 37.706904400278155], [127.21234869383485, 37.70663793799651], [127.21230429278059, 37.706039758249574], [127.21213744072702, 37.70604184930309]]]]}}, {"id": "753", "type": "Feature", "properties": {"pnu": "4136026221200160017", "addr": "\uacbd\uae30\ub3c4 \ub0a8\uc591\uc8fc\uc2dc \uc624\ub0a8\uc74d \uc591\uc9c0\ub9ac \uc0b0 16-17", "jibun": "\uc0b016-17", "jimok": "\uc784\uc57c", "area_reg": 7832.0, "area_geom": 7900.3, "incl_ratio": 1.0, "area_incl": 7832.0, "zone": "\ub18d\ub9bc\uc9c0\uc5ed", "use": "\uc790\uc5f0\ub9bc", "owner": "\uac1c\uc778", "price": 10600.0, "price_year": "2025", "included": true, "free": false, "note": ""}, "geometry": {"type": "MultiPolygon", "coordinates": [[[[127.2113492661757, 37.706100492768265], [127.21148117932417, 37.70605007418407], [127.21230429278059, 37.706039758249574], [127.2125077454616, 37.705347732107604], [127.21202713865252, 37.70534115807588], [127.21141745729646, 37.70521688450636], [127.21131182011557, 37.70527529289449], [127.2113492661757, 37.706100492768265]]]]}}, {"id": "754", "type": "Feature", "properties": {"pnu": "4136026221200250002", "addr": "\uacbd\uae30\ub3c4 \ub0a8\uc591\uc8fc\uc2dc \uc624\ub0a8\uc74d \uc591\uc9c0\ub9ac \uc0b0 25-2", "jibun": "\uc0b025-2", "jimok": "\uc784\uc57c", "area_reg": 22360.9, "area_geom": 22360.9, "incl_ratio": 0.0374, "area_incl": 836.3, "zone": "\ub18d\ub9bc\uc9c0\uc5ed", "use": null, "owner": null, "price": 10400.0, "price_year": "2025", "included": false, "free": false, "note": ""}, "geometry": {"type": "MultiPolygon", "coordinates": [[[[127.2117027756747, 37.703576077919074], [127.21170470706363, 37.70281027138721], [127.2112478744263, 37.702735727947115], [127.21070803047252, 37.702638661712754], [127.21065392429223, 37.70259647534074], [127.2105593276168, 37.70263207806378], [127.21043895695153, 37.7025387170373], [127.21025256112003, 37.70247532178116], [127.21026165963286, 37.702395939568014], [127.21019723820237, 37.70239133252224], [127.2101846719185, 37.70241890630369], [127.21004127060611, 37.702414285735365], [127.20989740797022, 37.702443352932384], [127.20981632874943, 37.70245901081221], [127.20973968250206, 37.70247845387659], [127.20971267316395, 37.702466807023434], [127.20962081781163, 37.702501494179145], [127.20955462168612, 37.70252326119335], [127.2095528257703, 37.70256231223412], [127.20950297668777, 37.70258651902709], [127.20939707370982, 37.70260986059047], [127.20996133021823, 37.703488666931584], [127.20997106235708, 37.70365160744492], [127.20988684206174, 37.703910811028486], [127.21156839159408, 37.70364940372264], [127.2117027756747, 37.703576077919074]]]]}}, {"id": "755", "type": "Feature", "properties": {"pnu": "4136026223200970001", "addr": "\uacbd\uae30\ub3c4 \ub0a8\uc591\uc8fc\uc2dc \uc624\ub0a8\uc74d \uc624\ub0a8\ub9ac \uc0b0 97-1", "jibun": "\uc0b097-1", "jimok": "\uc784\uc57c", "area_reg": 436706.8, "area_geom": 436706.8, "incl_ratio": 0.0124, "area_incl": 5415.2, "zone": "\ub18d\ub9bc\uc9c0\uc5ed", "use": null, "owner": null, "price": 9090.0, "price_year": "2025", "included": false, "free": false, "note": ""}, "geometry": {"type": "MultiPolygon", "coordinates": [[[[127.22646361655094, 37.704458847101634], [127.22628847376258, 37.70408738859232], [127.22555149717941, 37.70303476020234], [127.22521851646691, 37.70282586371279], [127.22520788302465, 37.70280047664623], [127.22493830293655, 37.702886011849905], [127.22480638740781, 37.70282108583276], [127.22449301960216, 37.70268916471018], [127.22438692306605, 37.70236981968811], [127.22352852683241, 37.701922983037925], [127.2231939241494, 37.70183984067411], [127.22310440231995, 37.70184467592667], [127.22299093294059, 37.7018575927061], [127.22199922314297, 37.70222646856145], [127.22162664702807, 37.70199065197361], [127.22123079476337, 37.70179370920364], [127.2207122277793, 37.701492174854906], [127.2204183175032, 37.701128072753264], [127.22024276587405, 37.70085151354934], [127.21936794426844, 37.70114761369321], [127.21955260089332, 37.7015022981499], [127.21925973257382, 37.70163597504049], [127.21912692554493, 37.70160110953344], [127.21917539659906, 37.70177008637463], [127.21950648246796, 37.701943388306766], [127.21965540203766, 37.70212475670106], [127.21925644168928, 37.70218179538784], [127.21904112751682, 37.70225169327021], [127.21896085349837, 37.702293826332614], [127.2189599566316, 37.70233617339019], [127.21912808009102, 37.70241893233591], [127.21933502127587, 37.70248690657243], [127.21940837749214, 37.70252590000842], [127.21956516264864, 37.702624256978275], [127.21944324774825, 37.702785827326025], [127.21932832336894, 37.70282537582412], [127.21920279781372, 37.70271031099183], [127.21913620506703, 37.7026420505827], [127.21882768614353, 37.702454416729665], [127.21869582329765, 37.70241712540499], [127.21832968225009, 37.702398004918955], [127.21834323303321, 37.7023474087806], [127.2180707998021, 37.70233526882588], [127.21793824185158, 37.702288806094586], [127.21792123631649, 37.70228228727919], [127.21796351313381, 37.7024198682925], [127.21816847303167, 37.702652932216274], [127.21823272012453, 37.70271816122819], [127.21833917869206, 37.702863120165766], [127.21830154586044, 37.702887614540245], [127.2181508152673, 37.70278471291213], [127.2181306487996, 37.702810382439054], [127.21798349958043, 37.702683283079736], [127.21789985104189, 37.70251672184641], [127.21772369219896, 37.70252096415239], [127.21759429022285, 37.70242498716602], [127.21738971937458, 37.702352626837666], [127.21759029105512, 37.7024809534943], [127.21777371975922, 37.70254742388923], [127.21792118823686, 37.70265583689333], [127.21794682091958, 37.702712253391255], [127.21812053588889, 37.70285004351752], [127.21834900049251, 37.7029298907131], [127.21847717818038, 37.70292420411606], [127.21864888789727, 37.70295326857717], [127.21905612861917, 37.703108925719825], [127.21921948679838, 37.70323280438643], [127.21950169480608, 37.70342963963627], [127.21920098030316, 37.70324825407645], [127.21919883191373, 37.70328913486464], [127.21904135977758, 37.703421678224224], [127.21887995872243, 37.70331955403373], [127.2189942759367, 37.70320380339899], [127.21852641417534, 37.70302125566892], [127.21832755488356, 37.70298746582923], [127.2183282438085, 37.702967039664586], [127.2180954886049, 37.70287797441802], [127.21805406981875, 37.70288741151575], [127.21786850355866, 37.70276862638928], [127.21776823268743, 37.70282892275858], [127.21779112248079, 37.70288580381129], [127.21770741698202, 37.70298460405999], [127.2175781190881, 37.70304197127988], [127.21752936490478, 37.703157438294845], [127.21745387006436, 37.70322544632363], [127.21741384262367, 37.70313995487838], [127.2174882308288, 37.70308529220665], [127.21750062003136, 37.70301712045182], [127.21756179333505, 37.70293370508269], [127.21775067036555, 37.70280643081353], [127.2177317511515, 37.70275402928284], [127.21780663743509, 37.70268367066649], [127.21772817651612, 37.70261645832861], [127.21770655119457, 37.70254980847116], [127.21753689647073, 37.70250553957295], [127.21752382984234, 37.70252779033998], [127.2173539941964, 37.702503198607886], [127.21708307761405, 37.70226700135712], [127.21705370264489, 37.7022180515053], [127.2169916939445, 37.702114697878145], [127.21692572535765, 37.702159371170985], [127.21692339276385, 37.70257593709002], [127.2168641619172, 37.70271163164418], [127.21680896619294, 37.70284678722905], [127.21673879769065, 37.70294123744091], [127.21663538563345, 37.70297834771535], [127.21655421567243, 37.702981928437445], [127.21661020855264, 37.70288307143994], [127.21651661726553, 37.70279083903884], [127.21644645938476, 37.7028655128552], [127.21639336282033, 37.702805001633834], [127.21635896919241, 37.702706543665606], [127.2163578431632, 37.70261891776154], [127.21647529978483, 37.70254480648252], [127.21650906109714, 37.7025538627129], [127.21653207878765, 37.702541531570006], [127.21643994434358, 37.70219174628342], [127.21647400564773, 37.70209661425792], [127.21655431369085, 37.70205406837909], [127.21655886740294, 37.702013165223235], [127.21652165626767, 37.70200704343568], [127.21638208885845, 37.701912317964585], [127.21634706356507, 37.701873811415865], [127.2163631679509, 37.701858916135514], [127.21634848650814, 37.70181284945394], [127.21632528555782, 37.70180089985823], [127.21615992618524, 37.70174316071146], [127.2161443596191, 37.70168895088017], [127.21616722269741, 37.70160733578878], [127.21613357737553, 37.70141807699678], [127.2159676747627, 37.70114384538464], [127.21601356391332, 37.70103324940343], [127.21601117797938, 37.70089387425805], [127.21603989926939, 37.70086592809763], [127.21601279946528, 37.70084663364543], [127.21598113720724, 37.70086922439832], [127.21587954633763, 37.700825162653295], [127.21577919484487, 37.700762538662254], [127.21556938079317, 37.70054049812449], [127.21554325338256, 37.70029532051622], [127.21545281932092, 37.70017558399935], [127.21536653036847, 37.700022414038735], [127.21533650165131, 37.69987936798634], [127.21534554703968, 37.69983480780326], [127.21537692088708, 37.699680316246685], [127.21535466689855, 37.69966615736945], [127.21531515728641, 37.69964101996205], [127.21521662243481, 37.69948369159245], [127.21518045939413, 37.699360261634574], [127.21514512085591, 37.6993186469428], [127.21510743219926, 37.699335283984574], [127.21503757744857, 37.6992659279421], [127.21496961078923, 37.69928952116083], [127.21493303784075, 37.69926421613399], [127.21488207559193, 37.69928240876755], [127.21478700341787, 37.699252758746574], [127.21470317707694, 37.699277650855294], [127.21468907087089, 37.69932898640078], [127.21449635214563, 37.69949941006312], [127.2143972468347, 37.699546403226634], [127.21423073578153, 37.69952779240026], [127.21415538696466, 37.699491862595686], [127.21414719033672, 37.69945269433964], [127.21420699997141, 37.69939175322385], [127.21426619170089, 37.6993169833551], [127.21434051133971, 37.69931819169603], [127.21442966740597, 37.69929733556268], [127.21454228292431, 37.69918894412306], [127.21458033264581, 37.69909241790127], [127.21424881782163, 37.69926056914118], [127.21456456417789, 37.69905819163893], [127.21470202732903, 37.69900283109481], [127.21469641101669, 37.69899368742674], [127.21455546287471, 37.69889708822063], [127.21412598805512, 37.69887358222941], [127.2138262290772, 37.69885717508544], [127.21306406555053, 37.6988125323819], [127.21236129159061, 37.69873012718669], [127.21189825083722, 37.69873722486725], [127.21218182883057, 37.69915059568939], [127.21245537662598, 37.6991363399459], [127.21253124355806, 37.69911544594848], [127.21258844861761, 37.69906733106439], [127.21278553738964, 37.698985269483664], [127.21288674471936, 37.698967654424614], [127.21303184292681, 37.698993116867584], [127.21310451927464, 37.69895883985941], [127.21341233175647, 37.6989562239711], [127.21353838147245, 37.69895810567996], [127.21371067182507, 37.698979941558974], [127.21375722721083, 37.6990188155783], [127.21372699462933, 37.69908945170947], [127.21381754860141, 37.69914531082941], [127.21376009585134, 37.69922560928069], [127.213600058474, 37.69928598266114], [127.21351474241192, 37.69922588842634], [127.21338912080607, 37.699199283400226], [127.21318776728576, 37.699189130700525], [127.21304146436127, 37.69922271095334], [127.21292899242553, 37.699202758012746], [127.21280131918658, 37.69925224266792], [127.2126626022255, 37.69924199485352], [127.21265133845864, 37.699272539768565], [127.21257113070652, 37.6992701966733], [127.21243529427475, 37.69924808671577], [127.21221598934868, 37.69990246333856], [127.21169041733113, 37.70021085600501], [127.21124972765297, 37.70032644173235], [127.21124375659672, 37.70056560488327], [127.21123274920366, 37.70093299350537], [127.21163261422228, 37.70160648382679], [127.21210402344178, 37.70176142902483], [127.2121770191304, 37.70224363990808], [127.2121185764519, 37.70269698430805], [127.21233453629803, 37.7028162917731], [127.21329157750284, 37.70260586818159], [127.21345809617218, 37.702899644344285], [127.21325876682914, 37.70329768881334], [127.2127546955296, 37.703665150824904], [127.21282459587407, 37.70394560439264], [127.21373771610875, 37.70468842368231], [127.21415781051572, 37.704711317263154], [127.21481836602543, 37.70493951917321], [127.21503829218308, 37.70510551150421], [127.21498605473758, 37.705419871904446], [127.21526724094481, 37.7057476023373], [127.2156408728356, 37.705865987084714], [127.21624768891083, 37.705822186906715], [127.21658463642805, 37.70571251999113], [127.21714780715978, 37.70552925322856], [127.2178386797933, 37.7055194737646], [127.21805440409219, 37.7053452365271], [127.2181089821175, 37.70516942097398], [127.21853968287085, 37.70497042568159], [127.21887767465371, 37.70487134564078], [127.21923501895388, 37.70472445069333], [127.21940657704396, 37.70458009644442], [127.21978642299612, 37.70462856869036], [127.22013258465738, 37.7047254119415], [127.22047002849173, 37.70468788232579], [127.2208626674652, 37.704436314793064], [127.22116875093272, 37.704374353258835], [127.22163391221035, 37.704163966331], [127.22231176000932, 37.704148752162055], [127.22370925116827, 37.70423541298808], [127.2245304352299, 37.70442112856127], [127.22508436983215, 37.70452898839958], [127.22557034055771, 37.704292121186], [127.22590356664114, 37.70430152434745], [127.22615052335163, 37.70430845110448], [127.22646361655094, 37.704458847101634]], [[127.21279956132572, 37.70089435632288], [127.21274788927194, 37.70085478834999], [127.21272626286294, 37.70059814176489], [127.21277017809574, 37.700425708230625], [127.21271467735652, 37.70027149911919], [127.21273344625632, 37.700232417618594], [127.21295923794426, 37.70017449529769], [127.21302584177103, 37.70018955714472], [127.21314719596833, 37.70012649701851], [127.21327173304817, 37.70012609326933], [127.21332549834439, 37.70009639996664], [127.21342001729035, 37.7001147630454], [127.21357210842497, 37.70009838938718], [127.21364957543399, 37.70013739705535], [127.21365881356098, 37.70018796970328], [127.21360196345046, 37.700221425735286], [127.21354474156543, 37.70021195135736], [127.21355748848627, 37.70027225715117], [127.21368168151271, 37.70031019871855], [127.21368794632728, 37.70033602716437], [127.21356328030171, 37.700414698537955], [127.21351434587505, 37.700488368443146], [127.2134876142467, 37.70049854335751], [127.21342252897615, 37.700471343026386], [127.21340398171769, 37.70049655836356], [127.2133047677393, 37.70047018510466], [127.21327786148213, 37.70051465106643], [127.21318569434517, 37.70048610273395], [127.21312670885725, 37.70052243645126], [127.21322631225456, 37.70055416090102], [127.21318085060045, 37.70058913693539], [127.21312499326024, 37.70074067160713], [127.21302981335906, 37.70088505103357], [127.21279956132572, 37.70089435632288]], [[127.21518207212057, 37.70301190202694], [127.21510973609145, 37.70297217433269], [127.21508467198862, 37.702907692542595], [127.21517311532799, 37.702830679934245], [127.21522315347401, 37.70275046635676], [127.21519779638416, 37.702694535286945], [127.21529422049957, 37.702672142704856], [127.21532037052657, 37.70260141451071], [127.21522601583418, 37.702487478189994], [127.21513586629821, 37.70255459231571], [127.2150119941794, 37.70261429842024], [127.21494323669182, 37.70255296798542], [127.21497294365459, 37.702476899709865], [127.21516225098136, 37.70238778470763], [127.21519930655577, 37.70234363329793], [127.21515783179798, 37.702270369802854], [127.21520478610388, 37.702210208308735], [127.21531913407564, 37.70219063027782], [127.21534591457015, 37.702205240439895], [127.21540211549637, 37.7023126327858], [127.21549939841267, 37.70228149910642], [127.21558698323021, 37.70231645079559], [127.21556937407632, 37.70237993780132], [127.21564913750487, 37.70244343723569], [127.21562343909856, 37.70250547036177], [127.21550220198958, 37.702613824363596], [127.21538053322709, 37.70277335389223], [127.21529165217537, 37.70286369273728], [127.21525513302073, 37.70295651338334], [127.21518207212057, 37.70301190202694]], [[127.21585798545887, 37.70419870706059], [127.21532325623974, 37.70394571353663], [127.2155370461342, 37.70368191934588], [127.21607057077692, 37.7039147594991], [127.21585798545887, 37.70419870706059]], [[127.21643410069434, 37.70422111063414], [127.2163569434067, 37.70422067461041], [127.21623418014117, 37.70417400293361], [127.21622225269006, 37.70413145401672], [127.21622115196988, 37.70403289937108], [127.21632173950589, 37.7039320152389], [127.21638462101137, 37.70384253387924], [127.21649421554754, 37.70381754856795], [127.21658042618726, 37.70381567052887], [127.216817146331, 37.70395786146596], [127.21676327274797, 37.70402901898706], [127.21671048268688, 37.704114139475344], [127.21667677656835, 37.70413620256377], [127.21655645178167, 37.70419568757213], [127.21643410069434, 37.70422111063414]], [[127.21972749320291, 37.7040688356756], [127.21969380101916, 37.70406051903434], [127.2195713982949, 37.70388592203492], [127.21953420693123, 37.70380951682318], [127.21953119994241, 37.70360363367412], [127.21971568649366, 37.703665810476934], [127.2197677613824, 37.703674534565295], [127.21985995458301, 37.70374069300408], [127.22000545217472, 37.70375529846356], [127.22020652690354, 37.703754817628095], [127.22021108989092, 37.703767900199], [127.22010486580592, 37.70380874872344], [127.21999170362533, 37.70388117083772], [127.21990898351132, 37.70395962699752], [127.21984670635331, 37.70403336923896], [127.21979385389173, 37.70405733366342], [127.21972749320291, 37.7040688356756]], [[127.21474028160752, 37.7028539244266], [127.21460315148616, 37.702849829638325], [127.21442404780943, 37.702827872245145], [127.2143766199641, 37.70270294882596], [127.21449205617147, 37.702631374882365], [127.2145349966777, 37.70254730926721], [127.21467066988176, 37.7025219722076], [127.21473749300341, 37.70255335818761], [127.21488061236327, 37.70253458447526], [127.21489881472748, 37.702606628825], [127.21495810358198, 37.70266001188357], [127.21483065565374, 37.70280555029311], [127.21474028160752, 37.7028539244266]], [[127.21807720450207, 37.70415491088154], [127.21804665371661, 37.70414274087671], [127.21793698280392, 37.70405562960753], [127.2178972668937, 37.70401914129764], [127.2178422349411, 37.703964499581666], [127.21778506128366, 37.70389083336927], [127.21775674709656, 37.70383268290097], [127.217826342665, 37.70375585604096], [127.21796940981429, 37.703808300026296], [127.21803219282903, 37.70379094028431], [127.21819491385843, 37.703844032642294], [127.21820896809658, 37.703942896824714], [127.21822970560089, 37.70404706442008], [127.21807720450207, 37.70415491088154]], [[127.21433493563437, 37.70346451150435], [127.2142693233477, 37.703432474421895], [127.214107906974, 37.70341403444648], [127.21410820458225, 37.7033713281242], [127.21409834322363, 37.70330527806814], [127.21410292367877, 37.70322956164102], [127.21418973329317, 37.7031478046272], [127.2143310685553, 37.703123295646414], [127.21445507662199, 37.70307891544668], [127.21448807221769, 37.7031255258997], [127.21440216422047, 37.703244869805495], [127.21442815326664, 37.70329987190574], [127.21436418972436, 37.70333679183243], [127.21434276129489, 37.70339752858319], [127.21437075080723, 37.7034383008322], [127.21433493563437, 37.70346451150435]], [[127.21710083705366, 37.70442514262754], [127.21700082419369, 37.70442277569193], [127.2169393308537, 37.704407995079826], [127.21705281487054, 37.70428093173505], [127.21708048969711, 37.70424373433046], [127.21715873350836, 37.70409859885278], [127.21721279949242, 37.70412917785775], [127.21726586704229, 37.70435518714858], [127.21723413209851, 37.70438438243761], [127.21719417096008, 37.704404096584746], [127.21710083705366, 37.70442514262754]]]]}}, {"id": "756", "type": "Feature", "properties": {"pnu": "4136025328108340000", "addr": "\uacbd\uae30\ub3c4 \ub0a8\uc591\uc8fc\uc2dc \uc9c4\uc811\uc74d \uae08\uace1\ub9ac 834", "jibun": "834", "jimok": "\ub2f5", "area_reg": 195.0, "area_geom": 193.6, "incl_ratio": 1.0, "area_incl": 195.0, "zone": "\uc81c1\uc885\uc77c\ubc18\uc8fc\uac70\uc9c0\uc5ed", "use": "\uc804\uae30\ud0c0", "owner": "\uad70\uc720\uc9c0", "price": 558200.0, "price_year": "2025", "included": true, "free": false, "note": ""}, "geometry": {"type": "MultiPolygon", "coordinates": [[[[127.2059264531049, 37.713515058462896], [127.20583950149609, 37.71333800746308], [127.20580047240749, 37.71334893170882], [127.20574531797087, 37.71338119168296], [127.20577631915549, 37.71348242441612], [127.20583447672439, 37.71352365990909], [127.2059264531049, 37.713515058462896]]]]}}, {"id": "757", "type": "Feature", "properties": {"pnu": "4136025328108280000", "addr": "\uacbd\uae30\ub3c4 \ub0a8\uc591\uc8fc\uc2dc \uc9c4\uc811\uc74d \uae08\uace1\ub9ac 828", "jibun": "828", "jimok": "\ub300", "area_reg": 1659.0, "area_geom": 1670.8, "incl_ratio": 0.5963, "area_incl": 989.3, "zone": "\uc81c1\uc885\uc77c\ubc18\uc8fc\uac70\uc9c0\uc5ed", "use": "\uc0c1\uc5c5\uc6a9", "owner": "\uac1c\uc778", "price": 0.0, "price_year": "2025", "included": true, "free": false, "note": ""}, "geometry": {"type": "MultiPolygon", "coordinates": [[[[127.20588551505543, 37.713830277789405], [127.2060022146899, 37.71396573368474], [127.20609197324539, 37.714028915791616], [127.20611804774705, 37.714062224253624], [127.20614372898868, 37.7138947714886], [127.20614378571959, 37.71389478039977], [127.20627720627348, 37.71390777494582], [127.2063696097291, 37.71375753179109], [127.20638581499023, 37.71363755823661], [127.20639616276641, 37.71356094926665], [127.20632159216848, 37.7135560964776], [127.2062108593599, 37.71352006097396], [127.20620109605068, 37.71352060048157], [127.20599836823634, 37.71353172775157], [127.2059264531049, 37.713515058462896], [127.20596909920316, 37.713578106099334], [127.2059591141984, 37.71363418142251], [127.20592705840258, 37.713813862284056], [127.20588551505543, 37.713830277789405]]]]}}, {"id": "758", "type": "Feature", "properties": {"pnu": "4136025328108290000", "addr": "\uacbd\uae30\ub3c4 \ub0a8\uc591\uc8fc\uc2dc \uc9c4\uc811\uc74d \uae08\uace1\ub9ac 829", "jibun": "829", "jimok": "\uc784\uc57c", "area_reg": 202.0, "area_geom": 205.1, "incl_ratio": 0.6959, "area_incl": 140.6, "zone": "\uc81c1\uc885\uc77c\ubc18\uc8fc\uac70\uc9c0\uc5ed", "use": "\uc804", "owner": "\ubc95\uc778", "price": 283500.0, "price_year": "2025", "included": true, "free": false, "note": ""}, "geometry": {"type": "MultiPolygon", "coordinates": [[[[127.20680756592176, 37.71371719074721], [127.20682787011532, 37.71360741792317], [127.20687584501609, 37.713538086250054], [127.20675978977579, 37.71351324150088], [127.20674705895811, 37.713564537548656], [127.2066700297787, 37.71367166112458], [127.20680756592176, 37.71371719074721]]]]}}, {"id": "759", "type": "Feature", "properties": {"pnu": "4136025328108300000", "addr": "\uacbd\uae30\ub3c4 \ub0a8\uc591\uc8fc\uc2dc \uc9c4\uc811\uc74d \uae08\uace1\ub9ac 830", "jibun": "830", "jimok": "\uc784\uc57c", "area_reg": 480.0, "area_geom": 482.3, "incl_ratio": 1.0, "area_incl": 480.0, "zone": "\uc81c1\uc885\uc77c\ubc18\uc8fc\uac70\uc9c0\uc5ed", "use": "\uc790\uc5f0\ub9bc", "owner": "\ubc95\uc778", "price": 87800.0, "price_year": "2025", "included": true, "free": false, "note": ""}, "geometry": {"type": "MultiPolygon", "coordinates": [[[[127.20675978977579, 37.71351324150088], [127.20679159800653, 37.71352005148039], [127.2067916320549, 37.71352006043076], [127.206791813613, 37.71352009615327], [127.20687584501609, 37.713538086250054], [127.20699949160077, 37.71349044407264], [127.2070089626609, 37.71351139301133], [127.20702775651604, 37.71355298481673], [127.20706121412256, 37.71355334094306], [127.20704775459164, 37.71350497360183], [127.20704251972234, 37.71348617058775], [127.20710142404675, 37.713354094622126], [127.2069337978798, 37.71327074121328], [127.20689781831196, 37.71332223094212], [127.20685621019783, 37.71342185998551], [127.20675978977579, 37.71351324150088]]]]}}, {"id": "760", "type": "Feature", "properties": {"pnu": "4136025328108230018", "addr": "\uacbd\uae30\ub3c4 \ub0a8\uc591\uc8fc\uc2dc \uc9c4\uc811\uc74d \uae08\uace1\ub9ac 823-18", "jibun": "823-18", "jimok": "\ub300", "area_reg": 438.0, "area_geom": 425.0, "incl_ratio": 0.616, "area_incl": 269.8, "zone": "\uc81c1\uc885\uc77c\ubc18\uc8fc\uac70\uc9c0\uc5ed", "use": "\uc8fc\uac70\ub098\uc9c0", "owner": "\uac1c\uc778", "price": 620100.0, "price_year": "2025", "included": true, "free": false, "note": ""}, "geometry": {"type": "MultiPolygon", "coordinates": [[[[127.20881405832559, 37.713284893332435], [127.20884927410998, 37.713277254305474], [127.2088949854706, 37.71326733538888], [127.20919922144375, 37.713201371890904], [127.20920006882174, 37.713151456964546], [127.20919732165804, 37.71315052479998], [127.20903134602877, 37.71309442564231], [127.20893450917583, 37.71311666965327], [127.20886647174733, 37.71313230392355], [127.20881405832559, 37.713284893332435]]]]}}, {"id": "761", "type": "Feature", "properties": {"pnu": "4136025328108280001", "addr": "\uacbd\uae30\ub3c4 \ub0a8\uc591\uc8fc\uc2dc \uc9c4\uc811\uc74d \uae08\uace1\ub9ac 828-1", "jibun": "828-1", "jimok": "\uc804", "area_reg": 120.0, "area_geom": 115.4, "incl_ratio": 1.0, "area_incl": 120.0, "zone": "\uc81c1\uc885\uc77c\ubc18\uc8fc\uac70\uc9c0\uc5ed", "use": "\uc8fc\ucc28\uc7a5\ub4f1", "owner": "\uad70\uc720\uc9c0", "price": 1007000.0, "price_year": "2025", "included": true, "free": false, "note": ""}, "geometry": {"type": "MultiPolygon", "coordinates": [[[[127.2059591141984, 37.71363418142251], [127.20596909920316, 37.713578106099334], [127.2059264531049, 37.713515058462896], [127.20583447672439, 37.71352365990909], [127.20585896158356, 37.71357704467508], [127.20585720545759, 37.71362724945987], [127.20594677956625, 37.71363586959219], [127.2059591141984, 37.71363418142251]]]]}}, {"id": "762", "type": "Feature", "properties": {"pnu": "4136025328108280002", "addr": "\uacbd\uae30\ub3c4 \ub0a8\uc591\uc8fc\uc2dc \uc9c4\uc811\uc74d \uae08\uace1\ub9ac 828-2", "jibun": "828-2", "jimok": "\uc804", "area_reg": 1695.8, "area_geom": 1695.8, "incl_ratio": 0.0251, "area_incl": 42.6, "zone": "\uc81c1\uc885\uc77c\ubc18\uc8fc\uac70\uc9c0\uc5ed", "use": null, "owner": null, "price": 283100.0, "price_year": "2025", "included": false, "free": false, "note": ""}, "geometry": {"type": "MultiPolygon", "coordinates": [[[[127.20652123243929, 37.71377039533144], [127.20659632411464, 37.713877821889895], [127.20665053666103, 37.713882385575715], [127.20684561539939, 37.71395132119369], [127.20696131770517, 37.713963093476885], [127.20721434592265, 37.71402198986485], [127.20731364903148, 37.71402971804963], [127.20727238172874, 37.71396542516913], [127.20728365941196, 37.713942421887154], [127.2073245282771, 37.71394466604016], [127.20738802744087, 37.713973106753805], [127.20745862299799, 37.71402084270635], [127.20750273750858, 37.714027901288354], [127.20752285055757, 37.71403377647733], [127.20753993949674, 37.71395917379619], [127.20744553015733, 37.7139083891753], [127.2074618717004, 37.71386286193131], [127.20733424829216, 37.71383824517554], [127.20709880957125, 37.713811708048524], [127.20697731999434, 37.713827443418744], [127.2069102628306, 37.71380004478971], [127.20680756592176, 37.71371719074721], [127.2066700297787, 37.71367166112458], [127.20655302706116, 37.71363228526404], [127.2065364318728, 37.71362298012754], [127.20652123243929, 37.71377039533144]]]]}}, {"id": "763", "type": "Feature", "properties": {"pnu": "4136025328108350001", "addr": "\uacbd\uae30\ub3c4 \ub0a8\uc591\uc8fc\uc2dc \uc9c4\uc811\uc74d \uae08\uace1\ub9ac 835-1", "jibun": "835-1", "jimok": "\ub2f5", "area_reg": 299.0, "area_geom": 299.2, "incl_ratio": 0.918, "area_incl": 274.5, "zone": "\uc81c1\uc885\uc77c\ubc18\uc8fc\uac70\uc9c0\uc5ed", "use": "\uc8fc\ucc28\uc7a5\ub4f1", "owner": "\uad70\uc720\uc9c0", "price": 254100.0, "price_year": "2025", "included": true, "free": false, "note": ""}, "geometry": {"type": "MultiPolygon", "coordinates": [[[[127.20575068883032, 37.713883560179795], [127.20592705840258, 37.713813862284056], [127.2059591141984, 37.71363418142251], [127.20594677956625, 37.71363586959219], [127.20585720545759, 37.71362724945987], [127.20581009286789, 37.71367229823189], [127.205781385378, 37.713745650435555], [127.20577873654311, 37.71377226951458], [127.20580314546343, 37.71379797679311], [127.20575068883032, 37.713883560179795]]]]}}, {"id": "764", "type": "Feature", "properties": {"pnu": "4136025328201470008", "addr": "\uacbd\uae30\ub3c4 \ub0a8\uc591\uc8fc\uc2dc \uc9c4\uc811\uc74d \uae08\uace1\ub9ac \uc0b0 147-8", "jibun": "\uc0b0147-8", "jimok": "\uc784\uc57c", "area_reg": 3615.0, "area_geom": 3806.3, "incl_ratio": 0.1846, "area_incl": 667.3, "zone": "\uc81c1\uc885\uc77c\ubc18\uc8fc\uac70\uc9c0\uc5ed", "use": "\uc790\uc5f0\ub9bc", "owner": "\ubc95\uc778", "price": 66900.0, "price_year": "2025", "included": true, "free": false, "note": ""}, "geometry": {"type": "MultiPolygon", "coordinates": [[[[127.20759072505115, 37.71391385663743], [127.20786267272962, 37.71389571313951], [127.20786103123908, 37.71351232861021], [127.20765187218555, 37.71350670302799], [127.20749892148051, 37.71348923032232], [127.20726449156477, 37.713425193618654], [127.20710531267176, 37.71334537551542], [127.20710142404675, 37.713354094622126], [127.20704251972234, 37.71348617058775], [127.20704775459164, 37.71350497360183], [127.20706121412256, 37.71355334094306], [127.20702775651604, 37.71355298481673], [127.2070089626609, 37.71351139301133], [127.20699949160077, 37.71349044407264], [127.20687584501609, 37.713538086250054], [127.20682787011532, 37.71360741792317], [127.20680756592176, 37.71371719074721], [127.2069102628306, 37.71380004478971], [127.20697731999434, 37.713827443418744], [127.20709880957125, 37.713811708048524], [127.20733424829216, 37.71383824517554], [127.2074618717004, 37.71386286193131], [127.20754544121424, 37.7138981598825], [127.20759072505115, 37.71391385663743]]]]}}, {"id": "765", "type": "Feature", "properties": {"pnu": "4136025328201470004", "addr": "\uacbd\uae30\ub3c4 \ub0a8\uc591\uc8fc\uc2dc \uc9c4\uc811\uc74d \uae08\uace1\ub9ac \uc0b0 147-4", "jibun": "\uc0b0147-4", "jimok": "\uc784\uc57c", "area_reg": 4770.0, "area_geom": 4628.7, "incl_ratio": 1.0, "area_incl": 4770.0, "zone": "\uc81c1\uc885\uc77c\ubc18\uc8fc\uac70\uc9c0\uc5ed", "use": "\uc790\uc5f0\ub9bc", "owner": "\ubc95\uc778", "price": 88200.0, "price_year": "2025", "included": true, "free": false, "note": ""}, "geometry": {"type": "MultiPolygon", "coordinates": [[[[127.20573421988767, 37.71320942399522], [127.20582304386507, 37.71324656104988], [127.20586134610919, 37.71332202253645], [127.20586573624824, 37.71333068220719], [127.20584873750065, 37.71333543271931], [127.20583950149609, 37.71333800746308], [127.2059264531049, 37.713515058462896], [127.20599836823634, 37.71353172775157], [127.20602867875414, 37.71353006245828], [127.2060956045598, 37.71352638755295], [127.20620109605068, 37.71352060048157], [127.2062108593599, 37.71352006097396], [127.20632159216848, 37.7135560964776], [127.20642969345758, 37.71356313440311], [127.20655302706116, 37.71363228526404], [127.2066700297787, 37.71367166112458], [127.20669809380882, 37.71363262756136], [127.20674705895811, 37.713564537548656], [127.20675978977579, 37.71351324150088], [127.20685621019783, 37.71342185998551], [127.20689781831196, 37.71332223094212], [127.2069337978798, 37.71327074121328], [127.2069394574772, 37.71326264970186], [127.2066659135337, 37.71313708099317], [127.20647240939344, 37.713062529319494], [127.20628790819731, 37.71304483958643], [127.20608101671463, 37.71306320897396], [127.20590219354207, 37.71310600855772], [127.20580598193298, 37.713145664561594], [127.20578006269912, 37.71315635886526], [127.20577789208012, 37.71315886730689], [127.20577789210486, 37.71315887631648], [127.20573421988767, 37.71320942399522]]]]}}, {"id": "766", "type": "Feature", "properties": {"pnu": "4136025328201470006", "addr": "\uacbd\uae30\ub3c4 \ub0a8\uc591\uc8fc\uc2dc \uc9c4\uc811\uc74d \uae08\uace1\ub9ac \uc0b0 147-6", "jibun": "\uc0b0147-6", "jimok": "\uc784\uc57c", "area_reg": 4051.0, "area_geom": 4170.8, "incl_ratio": 0.2721, "area_incl": 1102.3, "zone": "\uc0dd\uc0b0\uad00\ub9ac\uc9c0\uc5ed", "use": "\uc790\uc5f0\ub9bc", "owner": "\ubc95\uc778", "price": 34600.0, "price_year": "2025", "included": true, "free": false, "note": ""}, "geometry": {"type": "MultiPolygon", "coordinates": [[[[127.20541145733468, 37.713336270748144], [127.20524381562421, 37.71355308931412], [127.2051351690562, 37.71359955952491], [127.20496013320653, 37.7137008687819], [127.205070770458, 37.713834768385695], [127.20495688940846, 37.71400777891438], [127.20487194235113, 37.71398260834401], [127.20457280415339, 37.71401577481081], [127.20444302388825, 37.71404423445535], [127.20421087748053, 37.714260279579456], [127.20395202278341, 37.71429361847748], [127.20372656090024, 37.71452463420276], [127.20371088870279, 37.71475895686044], [127.20414248086153, 37.714486286927304], [127.20455333778064, 37.714284232663154], [127.20496428564535, 37.71413700049145], [127.20521701551733, 37.713842822726434], [127.20534149066638, 37.713616798898826], [127.20547088301424, 37.71350927029044], [127.20541145733468, 37.713336270748144]]]]}}, {"id": "767", "type": "Feature", "properties": {"pnu": "4136025328108280004", "addr": "\uacbd\uae30\ub3c4 \ub0a8\uc591\uc8fc\uc2dc \uc9c4\uc811\uc74d \uae08\uace1\ub9ac 828-4", "jibun": "828-4", "jimok": "\uc804", "area_reg": 163.0, "area_geom": 161.3, "incl_ratio": 0.8746, "area_incl": 142.6, "zone": "\uc81c1\uc885\uc77c\ubc18\uc8fc\uac70\uc9c0\uc5ed", "use": "\uc804", "owner": "\uac1c\uc778", "price": 0.0, "price_year": "2025", "included": true, "free": false, "note": ""}, "geometry": {"type": "MultiPolygon", "coordinates": [[[[127.20638581499023, 37.71363755823661], [127.2064019073011, 37.71364958518087], [127.20648792800591, 37.713722747161185], [127.20652123243929, 37.71377039533144], [127.2065364318728, 37.71362298012754], [127.20642969345758, 37.71356313440311], [127.20639616276641, 37.71356094926665], [127.20638581499023, 37.71363755823661]]]]}}, {"id": "768", "type": "Feature", "properties": {"pnu": "4136025328108350004", "addr": "\uacbd\uae30\ub3c4 \ub0a8\uc591\uc8fc\uc2dc \uc9c4\uc811\uc74d \uae08\uace1\ub9ac 835-4", "jibun": "835-4", "jimok": "\ub2f5", "area_reg": 1540.7, "area_geom": 1540.7, "incl_ratio": 0.026, "area_incl": 40.1, "zone": "\uc81c1\uc885\uc77c\ubc18\uc8fc\uac70\uc9c0\uc5ed", "use": null, "owner": null, "price": null, "price_year": "", "included": false, "free": false, "note": ""}, "geometry": {"type": "MultiPolygon", "coordinates": [[[[127.20638581499023, 37.71363755823661], [127.2063696097291, 37.71375753179109], [127.20627720627348, 37.71390777494582], [127.20614372898868, 37.7138947714886], [127.20611804774705, 37.714062224253624], [127.20609197324539, 37.714028915791616], [127.2060022146899, 37.71396573368474], [127.20588551505543, 37.713830277789405], [127.20575068883032, 37.713883560179795], [127.20573400701576, 37.71395838714065], [127.20578656979785, 37.71393210505846], [127.20579887933575, 37.71389646860876], [127.20584718859025, 37.71388240193659], [127.20595267406256, 37.71400633595763], [127.20604694421559, 37.71407282582526], [127.2061026189575, 37.71414304951271], [127.20617513019305, 37.71418241295006], [127.20623636479411, 37.71418755026459], [127.20627944628681, 37.71416953725839], [127.20639835862774, 37.71411547105013], [127.20648521101124, 37.71411980691047], [127.20652123243929, 37.71377039533144], [127.20648792800591, 37.713722747161185], [127.2064019073011, 37.71364958518087], [127.20638581499023, 37.71363755823661]]]]}}]}